PC1,PC2,class_grouped,id,type,misclassified_best_model
-1.5273307648676546,-1.543524515152094,PULS,LMC563.16.1142,RRLYR,False
-4.646580308900394,-3.4728469768156325,LPV,LMC563.16.8,LPV,False
-2.6977968288244476,-0.5188195595692519,BINARY,LMC563.16.9286,ECL,False
-2.698626865687903,-0.5366392816677522,BINARY,LMC563.25.2150,ECL,False
12.72476990799132,16.994802433315385,LPV,LMC563.16.8317,LPV,False
-4.611265331592338,-2.583338689393476,BINARY,LMC563.16.45,ECL,True
0.25194447654877195,2.2250373075903562,LPV,LMC563.25.22,LPV,False
-2.7289372346220473,-0.4974404239050944,BINARY,LMC563.16.8438,ELL,False
-2.481996391768839,-0.897768053225303,BINARY,LMC563.25.156,ECL,False
-2.3803915480046958,-0.8005139947498454,PULS,LMC563.16.2213,DSCT,False
-4.398581348275242,-1.951013214343652,LPV,LMC563.16.12,LPV,False
18.085536356147326,-19.445723549305598,LPV,LMC563.16.22,LPV,False
-2.959382145196959,-0.3045403156681813,BINARY,LMC563.25.8058,ECL,False
0.5813569456872361,3.879607197280964,LPV,LMC563.16.8349,LPV,False
-2.6907185266139817,-0.5396285571559595,BINARY,LMC563.25.1419,ECL,False
-4.151540956407625,-1.5630239716327605,LPV,LMC563.25.7078,LPV,False
-3.0990899752941745,-0.20007651472670163,BINARY,LMC563.25.7699,ECL,False
2.580459816645334,-5.5587725624591435,LPV,LMC563.16.2,LPV,False
-4.874842549995634,-2.4968885107251504,LPV,LMC563.25.23,LPV,False
-2.810954984404478,-0.5479093179252587,BINARY,LMC563.25.7138,ECL,False
11.345912565914748,16.09451523949625,LPV,LMC563.25.34,LPV,False
2.621021092016429,6.634109527498579,LPV,LMC563.25.18,LPV,False
-2.7353875517021997,-0.5102758926788294,BINARY,LMC563.25.8275,ECL,False
15.512204823064021,21.308516683051877,LPV,LMC563.25.7104,LPV,False
-2.1955064484061513,-0.9682424849356669,BINARY,LMC563.16.2567,ECL,False
-2.851631976481009,-0.40255494603993475,BINARY,LMC563.25.8273,ECL,False
-2.89315592284271,-0.3827009180758616,BINARY,LMC563.16.12914,ECL,False
0.4992818256409164,3.7303131171004047,LPV,LMC563.16.8331,LPV,False
-3.456073835446259,-2.302569404206179,LPV,LMC563.16.14,LPV,False
-3.899835448664926,-1.2268640330474296,LPV,LMC563.16.8347,LPV,False
-2.9063155641966443,-0.3739186006297735,BINARY,LMC563.25.8719,ECL,False
-2.3002303325876996,-0.8491314135284542,PULS,LMC563.16.1582,DSCT,False
17.60784299120253,23.808929403433556,LPV,LMC563.16.8393,LPV,False
-3.987458338240276,-2.9258216061264974,LPV,LMC563.16.8303,LPV,False
17.567482627558494,23.5560556036184,LPV,LMC563.25.7108,LPV,False
-2.2887431329136882,-0.8873722750896926,PULS,LMC563.16.899,RRLYR,False
-2.5331353300882897,-0.654510719768469,PULS,LMC563.16.813,RRLYR,False
-2.7216642461352523,0.713044548967785,LPV,LMC563.25.13,LPV,False
-4.425094181793034,-1.8977234878642004,LPV,LMC563.25.7085,LPV,False
-1.1833925476930955,-1.8378030076411402,PULS,LMC563.25.1044,RRLYR,False
-4.302629182178064,-1.7436148798238804,LPV,LMC563.16.28,LPV,False
-3.5565097646113872,-2.040028931352164,LPV,LMC563.25.6,LPV,False
-2.9875826734448396,-0.32219714950822764,BINARY,LMC563.25.8415,ECL,False
16.396901409101453,-21.00763394336212,LPV,LMC563.16.20,LPV,False
-2.6723453096573273,-0.5236978367486653,BINARY,LMC563.25.723,ECL,False
57.45478412102157,-12.588527290480423,LPV,LMC563.25.7098,LPV,False
-2.3222087547262316,-0.8352523980805084,PULS,LMC563.25.1124,RRLYR,False
-3.0188977802616375,-0.2978325689001645,BINARY,LMC563.25.198,ECL,False
-2.8523399966303873,0.13719972422863458,LPV,LMC563.25.2,LPV,False
2.3735594676425436,4.4166543879243605,LPV,LMC563.25.7096,LPV,False
-2.270452679415307,-0.8828655936539701,BINARY,LMC563.16.1134,ECL,False
10.286387212555073,-15.687726598008304,LPV,LMC563.16.8367,LPV,False
-0.7939140018037649,2.470835211310809,LPV,LMC563.16.8348,LPV,False
-4.725673828233363,-1.9532779782059866,LPV,LMC563.25.7086,LPV,False
-2.950154832970731,-0.33902104272357775,BINARY,LMC563.25.8212,ECL,False
-1.2600247783881107,-1.7435094079491562,PULS,LMC563.25.8037,RRLYR,False
-2.8497356919543915,-0.5260193724733879,BINARY,LMC563.16.577,ECL,False
-4.272954622683211,-1.7191131862868108,LPV,LMC563.16.16,LPV,False
0.34716326161848565,3.493208518615673,LPV,LMC563.25.7109,LPV,False
-2.3119791010924007,-0.8345821370179685,PULS,LMC563.16.8386,DCEP,False
-2.969193439718705,-0.37251440194908714,BINARY,LMC563.16.3804,ECL,False
-4.209204610390631,-1.60280052751007,LPV,LMC563.16.9,LPV,False
-2.2881025752388897,-0.8818316961179167,PULS,LMC563.25.765,RRLYR,False
-5.405522869978344,-2.661823269839541,LPV,LMC563.25.11,LPV,False
-3.1280942096133675,-0.20055250699633387,PULS,LMC563.25.7083,T2CEP,True
18.45557511761402,8.923286017532085,LPV,LMC563.16.8334,LPV,False
-2.390744296207827,-0.7862967912117185,PULS,LMC563.16.1898,DSCT,False
-3.0421458475721073,-0.2220520192622466,BINARY,LMC563.16.252,ECL,False
-3.9281385214355407,-1.4321145801844029,LPV,LMC563.25.7107,LPV,False
-2.621751573662113,-0.5816051027072477,PULS,LMC563.16.1056,RRLYR,False
14.319539750825161,19.90408641645392,LPV,LMC563.25.28,LPV,False
-2.7548145157688153,-0.4590222371150875,BINARY,LMC563.25.7219,ECL,False
-4.853871365886289,-2.484395326637632,LPV,LMC563.25.7102,LPV,False
5.818355099415922,0.6558383918313482,LPV,LMC563.25.7075,LPV,False
-2.062781947788181,-0.3030265368929789,LPV,LMC563.16.8312,LPV,False
-2.875363292977963,-0.5359609211246753,BINARY,LMC563.16.8648,ECL,False
9.118098876891544,0.3883942876687896,LPV,LMC563.16.8339,LPV,False
-1.851122618048458,-1.24344249017991,PULS,LMC562.16.2034,RRLYR,False
14.842189211882925,-0.4347748699764613,LPV,LMC562.16.65,LPV,False
-4.752767278896591,-3.7122461341500657,LPV,LMC562.16.73,LPV,False
-2.2900080077602705,-0.8850084820971067,PULS,LMC563.25.1034,RRLYR,False
12.04806287618668,17.33002648530467,LPV,LMC563.16.40,LPV,False
-2.3135271482406723,-0.8799597485711042,PULS,LMC563.16.4167,DSCT,False
-2.343997927456386,-0.8541258663306738,PULS,LMC563.25.11968,DSCT,False
-1.1131636788301582,-1.8886565545926954,BINARY,LMC562.16.3249,ECL,False
1.177325855732029,5.025613630829933,LPV,LMC563.16.8314,LPV,False
-4.329192816105369,-1.8776941830187717,LPV,LMC562.16.75,LPV,False
-2.3154554894363493,-0.8461689599017758,PULS,LMC563.25.952,RRLYR,False
-2.6962648936111844,-0.5424063819223122,BINARY,LMC562.25.12253,ECL,False
-2.8625260493780704,-0.5779108311591841,BINARY,LMC562.25.11197,ELL,False
-0.2848124620153656,2.918791366775877,LPV,LMC562.16.12070,LPV,False
17.843460643730857,22.580580824808965,LPV,LMC563.25.7071,LPV,False
3.9288825525873765,-9.838462835182144,LPV,LMC562.25.11133,LPV,False
-2.3264794524997554,-0.8381441982031552,PULS,LMC562.25.12643,RRLYR,False
-2.4466184184883746,-0.7787202277450329,PULS,LMC562.16.8649,DSCT,False
0.7635174755988197,4.767233738778166,LPV,LMC562.25.11111,LPV,False
-2.302138858703025,0.8190044461157542,LPV,LMC562.16.12034,LPV,False
-5.081016204457152,-2.6310965336957803,LPV,LMC563.25.7110,LPV,False
-2.7341357925712333,-0.51318909718516,BINARY,LMC562.16.4239,ECL,False
6.378515813852133,10.86865679125757,LPV,LMC562.16.85,LPV,False
9.902875596684243,15.069679143601231,LPV,LMC562.16.12074,LPV,False
-4.730012545092464,-2.145248084704292,LPV,LMC562.25.11150,LPV,False
-1.442536273081172,1.5620464823892968,LPV,LMC562.25.84,LPV,False
-2.3260452707000425,-0.8371744526490463,BINARY,LMC562.16.13473,ECL,False
-2.315850107538973,-0.8385117480133407,PULS,LMC562.16.94,DCEP,False
9.478629494737259,14.318345018659027,LPV,LMC562.25.83,LPV,False
-2.6758064398806494,-0.5757945034294426,BINARY,LMC562.16.3223,ECL,False
-2.312039263905009,-0.8774637167371827,PULS,LMC562.25.67,DCEP,False
10.403492571684147,14.142909198182503,LPV,LMC562.25.62,LPV,False
-2.717438548218952,-0.5428524421652743,BINARY,LMC562.25.1751,ECL,False
-2.601198116747561,-0.5928409493781543,PULS,LMC562.16.14020,RRLYR,False
-2.9725999583375513,-1.6602105496340374,LPV,LMC563.15.8093,LPV,False
-2.3016065536000605,-0.8737131787279886,PULS,LMC562.25.1298,RRLYR,False
-3.827333326323886,-1.2106132546776807,LPV,LMC562.16.32,LPV,False
1.4332911561934623,4.86348836892479,LPV,LMC563.15.8095,LPV,False
-2.710156995842063,-0.5687712286947145,BINARY,LMC562.25.11814,ECL,False
22.746765747471738,-18.066044836366338,LPV,LMC562.25.8,LPV,False
-2.7377092115466883,-0.5170959031829204,BINARY,LMC563.07.4026,ECL,False
11.570643508253685,16.96764792885442,LPV,LMC562.16.83,LPV,False
2.056974461037104,-0.7718908864314483,LPV,LMC563.07.10039,LPV,False
15.61023950661859,-0.7963181920356144,LPV,LMC562.25.11,LPV,False
-2.6014217769296857,-0.5741886851739113,PULS,LMC563.07.10191,DCEP,False
-2.723245767545756,-0.5078843238877807,BINARY,LMC562.16.254,ECL,False
-2.19028153671585,-0.9548519639481061,BINARY,LMC562.25.14239,ECL,False
-2.7116814656402926,-0.5089292526875384,BINARY,LMC563.07.2745,ECL,False
6.472359120403449,10.86280262754977,LPV,LMC563.24.18,LPV,False
-3.826691532965568,-2.789911068991878,PULS,LMC563.07.1558,RRLYR,False
-2.70406396947487,-0.5283867638270499,BINARY,LMC563.24.8659,ECL,False
-5.445224541823492,-2.89603095970456,LPV,LMC563.15.2,LPV,False
-4.172125410248844,-1.5646386738830556,LPV,LMC563.24.7287,LPV,False
-2.842966381725304,-0.42560085138822207,BINARY,LMC562.25.3744,ECL,False
-3.3501875132782226,-2.1010426249114875,LPV,LMC563.07.8,LPV,False
-2.715664934123044,-0.5539177547799992,BINARY,LMC563.07.1824,ECL,False
-2.6756243866094604,-0.5608291023080931,BINARY,LMC562.25.13880,ECL,False
-3.3500352284170254,-2.1262740733129015,LPV,LMC562.25.10,LPV,False
0.14012689972561576,3.402434667964063,LPV,LMC563.24.7319,LPV,False
-2.712034909833236,-0.5214081834758446,BINARY,LMC563.24.1132,ECL,False
-2.41604104281637,-0.751786747036753,BINARY,LMC562.16.14078,ECL,False
-3.8341751256560292,-2.7834028059433154,PULS,LMC562.25.1126,RRLYR,False
-2.2966365113099516,-0.8642358660376168,PULS,LMC563.15.9163,RRLYR,False
-3.0400777279397864,-0.34185542520404294,BINARY,LMC563.24.8500,ECL,False
-2.896053744238852,-0.4261753015919422,BINARY,LMC562.16.6517,ECL,False
-2.6697118276219327,-0.6048496695702563,BINARY,LMC562.16.14700,ECL,False
-2.3933612392264627,-0.781231431069356,PULS,LMC563.15.1888,DSCT,False
-2.273236180108057,-0.8658909841168488,BINARY,LMC562.25.13102,ECL,False
-2.417646262875959,-0.7988354055295532,BINARY,LMC562.16.3425,ECL,False
-2.9059135431484777,-0.3203696694158968,PULS,LMC562.16.11,DCEP,False
-1.477885467616003,0.07538283240389454,LPV,LMC563.07.4,LPV,False
-2.6701116220601016,-0.5235025891541695,BINARY,LMC562.16.13207,ECL,False
8.694666474937225,-4.777539511355613,LPV,LMC562.25.4,LPV,False
-3.8009404878732114,-1.0009443352717098,LPV,LMC562.25.22,LPV,False
23.89629423508569,29.451065825431712,LPV,LMC562.25.11196,LPV,False
-0.9343429511465262,-2.0275920122793565,PULS,LMC562.16.14029,RRLYR,False
-3.0801420984047843,-1.9052586392627835,LPV,LMC563.24.16,LPV,False
4.819903899833583,8.986201472754685,LPV,LMC563.15.8096,LPV,False
-2.2408398083846137,-0.9270925179486584,PULS,LMC562.25.2067,DSCT,False
-3.5852021225032393,-0.5677728861132434,LPV,LMC563.07.10044,LPV,False
16.27263634677345,22.142318949950255,LPV,LMC563.07.10074,LPV,False
-3.3864082042035304,-0.3584204986519308,LPV,LMC562.16.12037,LPV,False
39.49356235281205,-24.879758083209214,LPV,LMC562.25.25,LPV,False
-2.008199362578796,0.8861214007253126,LPV,LMC562.25.11132,LPV,False
-2.8938601761331824,-0.507710817421656,BINARY,LMC563.24.771,ECL,False
-2.6100407959608547,-0.6471611390548657,BINARY,LMC562.25.7938,ECL,False
-5.259790723038886,-3.451558320739019,BINARY,LMC563.15.8128,ELL,True
-3.0326585424122556,-0.27632223027282804,BINARY,LMC563.07.11602,ECL,False
-2.72532810925635,-0.5243155724161964,BINARY,LMC563.15.8797,ECL,False
8.084365148982709,-11.382039711036459,LPV,LMC563.32.5634,LPV,False
-2.7698665068099495,-0.45176610717593196,BINARY,LMC563.15.8088,ECL,True
-2.8722409742849897,-0.5842806268276215,BINARY,LMC562.25.11119,ELL,False
-2.233274610045412,1.3938937869247956,LPV,LMC563.32.5621,LPV,False
-4.247991715293487,-1.7074068855654991,LPV,LMC562.16.36,LPV,False
-4.39686449379438,-2.0359203055198813,LPV,LMC562.16.52,LPV,False
-2.617008955612267,-0.5901115375066005,PULS,LMC562.16.1323,RRLYR,False
-4.718247534764634,-2.1059134735041702,LPV,LMC562.16.38,LPV,False
-2.7486740898526727,-0.5077736645880675,BINARY,LMC563.24.8102,ECL,False
-2.3185341076816757,-0.8851192722820058,BINARY,LMC563.15.13234,ECL,False
-0.4376175456718854,2.8655710809910904,LPV,LMC562.25.18,LPV,False
8.034646577199041,12.997483386197228,LPV,LMC563.15.31,LPV,False
-3.0654277521180933,0.120064235707247,LPV,LMC563.32.11,LPV,False
-2.8590292423992514,-0.3952852752292889,BINARY,LMC562.25.3594,ECL,False
-0.5357845813523228,1.2700903704938615,LPV,LMC563.32.5651,LPV,False
0.8334056824667107,2.708033730034801,LPV,LMC563.32.22,LPV,False
15.86998686365662,21.720443023237085,LPV,LMC562.16.12068,LPV,False
-2.304328085468888,-0.8249211278119566,PULS,LMC562.16.12076,DCEP,False
-2.296700455522301,0.5921254374781784,LPV,LMC563.24.42,LPV,False
-4.177165179866446,-1.6557255785797231,LPV,LMC563.24.25,LPV,False
-2.5365361160256974,-0.6582354949033384,PULS,LMC562.25.1380,RRLYR,False
-3.7060461072671154,-0.35233499737274143,LPV,LMC563.24.7,LPV,False
-2.2969381826814166,-0.8886309843477582,PULS,LMC562.16.1741,RRLYR,False
-2.7582268907894947,-0.5878902805007507,BINARY,LMC562.25.12036,ECL,False
-2.6991454133007724,-0.49119506495168885,PULS,LMC563.07.91,DCEP,False
-3.736589149189815,-2.872259274842503,LPV,LMC562.16.12045,LPV,False
-3.1253912328983064,-0.24087521132809558,BINARY,LMC563.07.7122,ECL,False
-1.7801326809845235,-1.448866242328744,BINARY,LMC563.32.1478,ECL,False
-2.9779296557116903,-0.3536663276801285,BINARY,LMC562.25.14476,ECL,False
-2.9136173015297584,-0.33742859537298486,BINARY,LMC563.24.8217,ECL,False
11.802962022200617,17.237117561457513,LPV,LMC562.25.69,LPV,False
-3.77676988509716,-1.011640340798118,LPV,LMC563.32.13,LPV,False
-1.95166526815916,-1.1959000087008067,BINARY,LMC562.16.1605,ECL,False
-2.804499279674705,-0.5278723237256087,BINARY,LMC563.24.1030,ECL,False
5.654144076883527,9.953503449439761,LPV,LMC562.16.12017,LPV,False
12.038116761047604,17.260002997536965,LPV,LMC562.25.11184,LPV,False
-2.2973967850058297,-0.8497398443727573,PULS,LMC562.16.87,DCEP,False
-2.7026353747329326,-0.5495109837013875,BINARY,LMC562.16.3329,ECL,False
-3.0119740320265453,-0.28445604783995904,BINARY,LMC563.24.8277,ECL,False
-2.601458999429231,-0.5991798534484658,BINARY,LMC563.07.1424,ECL,False
-4.360214370339277,-1.8164843638665586,LPV,LMC563.24.7318,LPV,False
11.587175048457016,16.91474872736324,LPV,LMC562.25.46,LPV,False
8.669536295433026,13.412984337446925,LPV,LMC562.16.12022,LPV,False
5.5219672243308535,9.988253897039963,LPV,LMC562.25.21,LPV,False
0.6349841904772604,4.224805648318711,LPV,LMC563.24.4,LPV,False
-2.254170714543752,0.4807947892018354,LPV,LMC563.24.67,LPV,False
-2.703801142166934,-0.579777479854779,BINARY,LMC562.16.12940,ECL,False
3.6943667390681174,-8.485021606642286,LPV,LMC563.24.20,LPV,False
14.062148802402405,-18.547603730288635,LPV,LMC563.07.2,LPV,False
-5.585942513741678,-3.0804680216535516,LPV,LMC562.16.12077,LPV,False
-2.7956448224677333,-0.5125245565328432,BINARY,LMC563.07.1280,ECL,False
-4.2567749449740635,-3.260622308978662,LPV,LMC563.15.34,LPV,False
13.93611028714832,19.67130484783521,LPV,LMC563.32.5642,LPV,False
-2.60956910237844,-0.6019458052434347,PULS,LMC562.16.1929,RRLYR,False
-2.291359619141165,-0.8772564088213293,PULS,LMC562.16.652,RRLYR,False
-3.06275869787991,-0.20734858599053485,BINARY,LMC562.16.46,ELL,False
-2.305912940110608,-0.8564165333087395,PULS,LMC562.16.13275,RRLYR,False
11.067359113967104,1.5348188533384202,LPV,LMC563.32.31,LPV,False
-4.623777757011769,-1.9090886327057641,LPV,LMC563.07.10035,LPV,False
20.416013218498488,2.753470350531045,LPV,LMC563.15.25,LPV,False
8.537073612107331,13.530253540308442,LPV,LMC562.25.11160,LPV,False
-4.834617691337251,-3.6095679498223934,LPV,LMC563.24.43,LPV,False
14.137638120095595,1.9871141195253064,LPV,LMC562.16.26,LPV,False
-2.3390333244448667,-0.8714976240238382,PULS,LMC563.07.5520,DSCT,False
-2.3025198705870396,-0.8905309239390877,PULS,LMC563.15.1179,RRLYR,False
10.313636130530135,-11.995919461373475,LPV,LMC562.25.11123,LPV,False
0.08995833369145201,-2.8947701499848772,PULS,LMC562.16.469,RRLYR,False
-2.7598313422921854,-0.535597908820898,BINARY,LMC562.25.7386,ECL,False
-0.6116114000812058,1.5896671621943608,LPV,LMC563.32.9,LPV,False
-2.296395175188666,-0.8722683235791047,PULS,LMC563.32.5702,DCEP,False
-4.311005108823503,-1.8093263485636097,LPV,LMC563.24.7292,LPV,False
7.045990892423343,11.510391913340964,LPV,LMC563.15.8109,LPV,False
-2.7201268253375743,-0.5139893004955278,BINARY,LMC562.16.12128,ECL,False
-2.970746038156377,-0.3931463105477483,BINARY,LMC562.16.16252,ECL,False
-2.6619648876743396,-0.5439015615753247,BINARY,LMC563.07.803,ECL,False
-2.307836229909367,-0.8630225925175748,PULS,LMC563.32.6539,RRLYR,False
-2.774649166152964,-0.538664951573939,BINARY,LMC562.16.5507,ECL,False
-2.711449197264323,-0.504050219013682,BINARY,LMC563.32.5630,ECL,False
16.603558871960253,22.719233387009503,LPV,LMC563.07.55,LPV,False
-2.286389430672658,-0.8437394417819566,PULS,LMC562.16.13462,DSCT,False
1.5786023546335608,5.114207601853657,LPV,LMC563.15.55,LPV,False
-2.7098071897466807,-0.4811130477438541,BINARY,LMC562.16.1005,ECL,False
-2.861251703549742,-0.3958827019651207,BINARY,LMC563.15.929,ECL,False
-4.156304170048264,-1.5892630402287198,LPV,LMC563.32.25,LPV,False
-2.312665537131207,-0.8394927724784442,PULS,LMC563.32.5640,DCEP,False
9.682245102089752,-10.39015615977033,LPV,LMC563.32.5631,LPV,False
8.224013323123923,12.778963710071071,LPV,LMC563.24.7309,LPV,False
-2.315146598554402,-0.8683918016401462,PULS,LMC562.16.1524,RRLYR,False
-2.289069894393837,-0.8523521228765454,PULS,LMC563.15.258,RRLYR,False
-4.18609762191566,-2.808126905698055,LPV,LMC562.16.91,LPV,False
-2.7208992115552446,-0.5094090433459976,BINARY,LMC563.24.8214,ECL,False
-2.4278956850393603,-0.7295676870321414,PULS,LMC562.16.1921,DSCT,False
-4.039402972322505,-2.893922493065153,LPV,LMC563.07.18,LPV,False
-4.307390431496715,-1.749764995579418,LPV,LMC562.25.11165,LPV,False
-2.915311054702643,-0.34464850827083493,BINARY,LMC562.25.12388,ECL,False
-2.313188586155216,-0.8412049434633655,PULS,LMC562.25.64,DCEP,False
-2.658657101457905,-0.5599081171768621,BINARY,LMC562.25.12225,ECL,False
-2.950894947140727,-0.3267536306631882,BINARY,LMC563.15.1190,ECL,False
-2.769664112337509,-0.5375822255028245,BINARY,LMC563.24.340,ECL,False
-2.6957648595993557,-0.5127592538052804,BINARY,LMC563.24.7757,ECL,False
-2.3103141083272654,-0.8644945848613722,PULS,LMC562.25.11182,DCEP,False
-3.030972417559257,-0.23797201835894422,BINARY,LMC563.24.1079,ECL,False
-1.4668066318616364,-1.5849691327542093,PULS,LMC562.16.13934,RRLYR,False
-0.29777099202566504,-2.555448207555764,PULS,LMC562.16.1659,RRLYR,False
-4.217648807097422,-1.7924365565722569,LPV,LMC563.24.29,LPV,False
-2.386370154568266,-0.7866146369982434,PULS,LMC563.24.2046,DSCT,False
-2.893857090742607,-0.3840559991726803,BINARY,LMC562.16.13443,ECL,False
-2.275599168361203,-0.8549208892303441,BINARY,LMC562.25.229,ECL,False
-2.9516108522156927,-0.3417725850509109,BINARY,LMC562.16.1841,ECL,False
-5.1766327037020465,-2.3060847380725873,LPV,LMC562.25.11128,LPV,False
-3.093059553722549,-0.20297932715618072,BINARY,LMC563.24.443,ELL,False
-3.9268879734756834,-2.8161162246672307,LPV,LMC563.15.6,LPV,False
-2.3579802703978707,-0.8702875204708642,PULS,LMC563.07.14039,DSCT,False
-3.0307532936241657,-0.21548628678545245,BINARY,LMC562.25.557,ELL,False
5.425025350399818,8.378521013868989,LPV,LMC563.24.7295,LPV,False
-2.9683661528771568,-0.31099495720831627,BINARY,LMC563.24.9421,ECL,False
4.866867127956888,-3.8207104960525298,LPV,LMC562.25.11166,LPV,False
-2.308135137422114,-0.867012294142768,PULS,LMC562.25.11722,RRLYR,False
1.475133810353002,5.123759350901937,LPV,LMC562.25.81,LPV,False
13.43379729518458,17.41911791637537,LPV,LMC563.24.45,LPV,False
-1.923923208914573,-1.1945493609082911,BINARY,LMC563.15.1798,ECL,False
-3.0399227693236948,-0.2803692296523824,BINARY,LMC563.32.841,ECL,False
4.314057105393091,-10.677529215512546,LPV,LMC562.16.71,LPV,False
-4.920124725431359,-3.6402441891152755,LPV,LMC563.32.24,LPV,False
2.7563916007745064,-5.066845991850927,LPV,LMC562.25.11127,LPV,False
3.8646785355162114,-7.048012726729639,LPV,LMC562.16.12025,LPV,False
-3.4727037702032946,-0.32799610957990566,BINARY,LMC562.16.12073,ELL,False
-1.0632349448842855,-1.993481732150763,BINARY,LMC562.16.4978,ECL,False
-2.304754820213427,-0.8295216658880131,PULS,LMC562.16.12071,DCEP,False
-4.303703992967391,-1.7378312147308013,LPV,LMC562.16.12072,LPV,False
-2.7513519334427072,-0.5203092740964714,BINARY,LMC563.07.12267,ECL,False
1.0768610214773542,4.637078780902704,LPV,LMC563.24.7283,LPV,False
-1.0924141052501282,-1.8916704030328566,PULS,LMC562.16.13412,RRLYR,False
-2.7861668019275583,-0.4998309236426396,BINARY,LMC563.15.8356,ECL,False
-3.096680932910189,-0.6888877631811667,BINARY,LMC563.24.7351,ELL,False
2.6638587280826025,4.793593326054166,LPV,LMC563.24.7314,LPV,False
-3.217343304738532,-0.13542724977913384,LPV,LMC562.16.22,LPV,False
2.6701995730032033,6.7159042303869665,LPV,LMC563.15.60,LPV,False
-2.7193247009215824,-0.5134086940405241,BINARY,LMC562.16.133,ECL,False
-3.088968529252039,-0.2624975140537189,BINARY,LMC562.16.6957,ECL,False
7.368480362239953,11.749937535294297,LPV,LMC563.24.34,LPV,False
-3.050419399133262,-0.2536382352108736,BINARY,LMC562.25.2977,ECL,False
-2.8151646134143324,-0.45436965765712817,BINARY,LMC563.32.6719,ECL,False
-2.3125254334356042,-0.8663895281806737,PULS,LMC562.16.24,DCEP,False
-2.609255291385599,0.24693395834872078,LPV,LMC563.15.42,LPV,False
-3.108923366941156,-0.7400813889856266,BINARY,LMC562.16.21,ELL,False
-4.47901794605704,-3.538207330388385,LPV,LMC563.15.96,LPV,False
-2.6667952536620536,-0.5576953997269412,BINARY,LMC563.07.696,ECL,False
-2.7504834529509252,-0.5484982906917922,BINARY,LMC563.07.6154,ECL,False
-3.07900934379267,-1.855002158042195,LPV,LMC563.24.7323,LPV,False
2.9721263821901847,-4.469154788565219,LPV,LMC562.16.12021,LPV,False
-3.0337947228024644,-1.7322148873338934,LPV,LMC562.25.7,LPV,False
0.9461519595212771,4.451580459956451,LPV,LMC563.32.5647,LPV,False
12.039728776198825,17.23691100087651,LPV,LMC563.32.26,LPV,False
8.692473809835334,13.633935581215196,LPV,LMC563.32.5652,LPV,False
-3.559163954348648,-2.2635394782253995,LPV,LMC563.32.5629,LPV,False
-3.9261012798772796,-1.3118290088433504,LPV,LMC563.15.53,LPV,False
-4.804605382087567,-2.8964815389540677,PULS,LMC562.25.11161,DCEP,False
-2.2902268363957488,-0.8687883605101405,PULS,LMC563.15.1149,RRLYR,False
-2.6804774282856303,-0.5128099542481467,BINARY,LMC563.32.7,ECL,False
-0.9709923177042512,-1.9691721350280065,PULS,LMC562.25.309,DCEP,False
-3.015010029252227,-0.3154258518177616,BINARY,LMC563.07.12700,ECL,False
-2.864449080841702,-0.36513852474682645,PULS,LMC562.25.11164,DCEP,False
-2.3218230666569237,-0.8588770931590791,PULS,LMC563.32.6568,RRLYR,False
-3.734379571630548,-1.12281427221753,LPV,LMC562.25.71,LPV,False
20.883216030810598,27.495601885225188,LPV,LMC563.24.7316,LPV,False
-2.8300593992212217,-0.5501765983871654,BINARY,LMC562.16.12146,ECL,False
4.628008795394302,-10.50779015038507,LPV,LMC562.25.41,LPV,False
4.5404423673350225,-10.380135539389979,LPV,LMC563.24.7311,LPV,False
-2.9111333501554784,-0.3182248930284495,BINARY,LMC562.16.12527,ECL,False
-2.60862876924817,-0.6124561928670997,PULS,LMC562.16.13636,RRLYR,False
-4.904070495467815,-2.8100950630157895,PULS,LMC562.25.11179,DCEP,False
-2.550465729181732,-0.676134498344264,BINARY,LMC563.07.15913,ECL,False
-3.4244862859643863,-0.5453762204023809,LPV,LMC562.25.11141,LPV,False
-2.6050819450399287,-0.5984412083410698,PULS,LMC562.25.1235,RRLYR,False
4.884006082074947,9.224811270773932,LPV,LMC563.07.10076,LPV,False
2.8647262189542886,7.008449519010275,LPV,LMC562.16.12039,LPV,False
-3.376561199870217,-3.171948439210121,PULS,LMC563.07.1096,RRLYR,False
-2.748117832478861,-0.5020054095116441,BINARY,LMC563.24.8396,ECL,False
-1.8945947250189155,-1.2514917010020206,BINARY,LMC563.32.1374,ECL,False
-2.3013723090451137,-0.8518168218313785,PULS,LMC562.16.1102,RRLYR,False
-2.7238926420488982,-0.5178354061828074,BINARY,LMC563.07.11060,ECL,False
-4.837493872606261,-2.4498628139198875,LPV,LMC563.24.40,LPV,False
-2.9046533401522816,-0.4169525161164752,BINARY,LMC562.25.3733,ECL,False
-2.9940420028753905,-0.3713938586038247,BINARY,LMC562.16.1503,ECL,False
-2.3117830336757477,-0.8632920521103664,PULS,LMC563.07.10852,RRLYR,False
-2.985360205465246,0.6145083125213366,LPV,LMC563.24.7303,LPV,False
-2.708935038061832,-0.5240287312019474,BINARY,LMC562.25.871,ECL,False
-2.6644187671306088,-0.5524143000933134,BINARY,LMC562.16.12994,ECL,False
-4.08262608529507,-1.4272147023194104,LPV,LMC562.25.11124,LPV,False
-4.0025059864189485,-2.935345865385494,LPV,LMC563.15.14,LPV,False
-2.690462341464181,0.19425397250619536,LPV,LMC563.24.30,LPV,False
-2.3178386328099645,-0.8349441211416726,PULS,LMC563.07.56,DCEP,False
-2.8700317190780553,-0.4522265227040856,BINARY,LMC562.16.202,ECL,False
-2.977580731003624,-0.27357711622494785,PULS,LMC562.16.41,DCEP,False
7.395259254995195,11.971985328409984,LPV,LMC563.24.31,LPV,False
-2.6894067119265537,-0.5550752146343048,BINARY,LMC562.25.13532,ECL,False
-3.0500774967331608,-0.25692065544081905,BINARY,LMC563.32.6144,ECL,False
-2.3012287623835856,-0.8580035534652234,PULS,LMC563.15.9240,RRLYR,False
-2.7016929800990037,-0.570048103169196,BINARY,LMC562.25.19741,ECL,False
-3.026479335468279,-0.3074406968888627,BINARY,LMC563.24.7814,ECL,False
-2.7176221596938706,-0.560634579163255,BINARY,LMC563.32.4280,ECL,False
7.524822209182905,-5.294222501219533,LPV,LMC563.24.9,LPV,False
-2.237115632305695,-0.9261624180249668,PULS,LMC562.25.7899,DSCT,False
-4.681911284347252,-2.1958174036748623,LPV,LMC562.16.12043,LPV,False
5.850697657154238,10.192942180351068,LPV,LMC562.16.12080,LPV,False
1.973562064384156,6.013322882594115,LPV,LMC562.16.5,LPV,False
-3.2198557146346625,-0.24241191922469285,BINARY,LMC563.07.10081,ELL,False
-4.732856207592388,-2.2528241807648377,LPV,LMC563.24.7313,LPV,False
-3.116616481699638,-0.20396678826383507,BINARY,LMC562.16.13016,ECL,False
-2.613843820228319,-1.1970566151685869,LPV,LMC563.07.10051,LPV,False
-1.6292406676129474,1.5069063584281197,LPV,LMC563.15.8108,LPV,False
-2.286590417695133,-0.8750612958282085,PULS,LMC563.07.10104,DCEP,False
1.9382775886450645,5.781261811343174,LPV,LMC563.32.3,LPV,False
-3.981486380873872,-2.7949930511938907,LPV,LMC563.24.12,LPV,False
0.2745535253161795,3.75153850990999,LPV,LMC563.24.52,LPV,False
-2.635557380475816,-0.5777243141382209,BINARY,LMC563.15.9599,ECL,False
-2.689391774707011,-0.5617983716567105,BINARY,LMC562.25.105,ECL,False
-2.4338893650588966,0.4887628272627955,LPV,LMC563.07.10057,LPV,False
-2.9561700843087046,-0.34334104536265986,BINARY,LMC562.25.13255,ECL,False
7.951114389048878,-2.6130920736607353,LPV,LMC563.32.6,LPV,False
-2.864105762615349,-0.38165799597253774,BINARY,LMC562.16.2616,ECL,False
1.3191093762735235,-3.985369138224148,BINARY,LMC562.25.2160,ECL,False
-2.75486088556841,-3.1476310139253636,LPV,LMC563.32.14,LPV,False
-3.7140605296424303,-0.49763713723369796,BINARY,LMC562.25.11250,ECL,False
-2.8779202397833155,-0.4224805927030508,BINARY,LMC562.25.16158,ECL,False
0.5171265576741146,4.19736723205483,LPV,LMC563.24.7302,LPV,False
-2.3052320162803475,-0.8302484390699507,PULS,LMC562.16.191,DCEP,False
-2.861110839765716,-0.5758884583652584,BINARY,LMC562.16.12195,ELL,False
17.94346335749957,2.975747937283674,LPV,LMC563.24.7317,LPV,False
-4.793698992958642,-2.940413237647629,PULS,LMC563.15.8125,DCEP,False
-1.7215295380597762,1.2081272271671182,LPV,LMC562.16.12095,LPV,False
4.558758662376451,7.496785812745005,LPV,LMC563.15.8091,LPV,False
-2.7590570099092284,-0.5211378765867895,BINARY,LMC562.16.5484,ECL,False
-2.2918249329716804,-0.8780718183689965,PULS,LMC563.32.6398,RRLYR,False
-4.760436950587486,-2.2788214106458025,LPV,LMC562.25.39,LPV,False
-4.766879703987819,-2.2920103551814055,LPV,LMC562.16.66,LPV,False
-2.6733224037011736,-0.5866906019919058,BINARY,LMC562.25.98,ECL,False
-2.2888636205491806,-0.8644508988430349,PULS,LMC563.32.6200,RRLYR,False
3.4395316304989265,7.690400859375099,LPV,LMC563.07.1,LPV,False
-2.693987469347932,-0.5715366953227303,BINARY,LMC563.15.3017,ECL,False
-3.744522815583229,-1.2220321853666758,LPV,LMC563.15.46,LPV,False
-3.804667815557787,-1.1592026181823778,LPV,LMC563.24.3,LPV,False
-4.723878209435146,-3.5001456302419465,LPV,LMC562.16.23,LPV,False
-2.707051296969885,-0.5154096586134069,BINARY,LMC563.15.9976,ECL,False
-2.305173835014214,-0.8616471400110177,PULS,LMC562.16.542,RRLYR,False
15.564705867340255,-16.245945038505788,LPV,LMC562.16.17,LPV,False
-2.760815680609039,-0.5282491176070788,BINARY,LMC563.07.16188,ECL,False
-3.0228011170826954,0.009429035727146151,LPV,LMC562.16.12016,LPV,False
-4.46455283466994,-1.7273990617509603,LPV,LMC563.32.5636,LPV,False
-3.422740483846138,-2.22026375018432,LPV,LMC563.07.10042,LPV,False
-1.1734487538420328,-1.8331677570512366,PULS,LMC563.15.8936,RRLYR,False
-2.30883765012213,-0.8707093855363781,PULS,LMC562.16.12059,DCEP,False
-2.515091070058564,-0.6847315592989296,PULS,LMC563.07.11098,RRLYR,False
3.6400797381040677,-1.0092276682332801,LPV,LMC563.15.16,LPV,False
-4.794286360671417,-2.3140997978278444,LPV,LMC563.32.5626,LPV,False
20.950728224860825,3.0611858959088654,LPV,LMC563.15.57,LPV,False
-2.93811279591539,-0.32880330231796784,BINARY,LMC562.16.12202,ECL,False
-1.6825790197405914,1.8764471005835432,LPV,LMC563.32.10,LPV,False
8.497718024140674,-13.664608720515396,LPV,LMC563.24.7299,LPV,False
-1.9912725083694651,-1.12248630627103,PULS,LMC563.32.6365,RRLYR,False
-1.4154061706009309,-1.6349643037658999,PULS,LMC562.25.1903,RRLYR,False
-4.200409355604425,-1.599671718896949,LPV,LMC563.24.8,LPV,False
12.605712178326602,4.736904370835931,LPV,LMC562.16.86,LPV,False
-2.6729885220164156,-0.6004885036550021,BINARY,LMC562.25.1940,ECL,False
-4.437958378556374,-3.055569221898126,PULS,LMC562.25.11257,DCEP,False
-3.91433235437101,-2.8390021621161328,LPV,LMC563.07.10030,LPV,False
-2.993596223049297,-0.30203921219494634,BINARY,LMC563.32.7006,ECL,False
-0.6034949754187626,3.126335764484015,LPV,LMC563.15.8087,LPV,False
-2.8964692957021865,0.24090247985339786,LPV,LMC562.07.13,LPV,False
-3.82483776242045,-2.772925301393327,PULS,LMC562.25.11178,DCEP,False
-3.9019155790543665,-2.5718134112499795,LPV,LMC563.24.7291,LPV,False
-2.7359983622700375,-0.49017824078692285,BINARY,LMC563.07.10362,ELL,False
-4.670425641911572,-2.23959202945068,LPV,LMC563.24.35,LPV,False
-3.059190967875186,-0.23692148412760916,BINARY,LMC563.15.9901,ECL,False
-4.3682086220804965,-3.3103172994715164,LPV,LMC563.07.46,LPV,False
-4.0316481542411156,-2.6187066993438233,PULS,LMC563.07.11233,RRLYR,False
-4.904997662756077,-3.4906758571020564,LPV,LMC563.32.21,LPV,False
-3.448158569158545,-0.0678194550256006,LPV,LMC563.15.8090,LPV,False
-2.367619621899571,-0.936651764485064,LPV,LMC563.32.5627,LPV,False
-4.4885840232194125,-1.8244301576090827,LPV,LMC562.07.11088,LPV,False
-4.976739457029272,-2.590534803449649,LPV,LMC563.15.8117,LPV,False
-0.2788438647375666,3.3497932053346107,LPV,LMC563.15.8098,LPV,False
-4.47070318983225,-2.4084697271437685,LPV,LMC562.15.81,LPV,False
-4.643612676844663,-1.7751513850561302,LPV,LMC563.15.13,LPV,False
-2.193069664658242,-0.9458131254045726,PULS,LMC563.32.1328,DSCT,False
-2.5169600606082274,0.3934390179611411,LPV,LMC563.32.29,LPV,False
-1.9167704105269685,-1.1980251768335692,PULS,LMC563.32.827,RRLYR,False
-4.888364721336208,-2.557498310209377,LPV,LMC563.32.28,LPV,False
39.144312224005674,3.9402849976147216,LPV,LMC563.32.5644,LPV,False
18.862153706462973,0.6992706138434115,LPV,LMC562.15.11940,LPV,False
-2.9348936864253714,-0.2993969107900115,BINARY,LMC562.07.838,ELL,False
-2.840712791812087,-0.39854478293765694,BINARY,LMC563.32.6429,ECL,False
38.05724715362643,2.005259549573271,BINARY,LMC562.15.11998,ECL,False
-3.0906575799951814,-0.19189935212662756,PULS,LMC562.24.11228,DCEP,False
-2.7182237885682854,-0.4959820368856292,BINARY,LMC562.24.11635,ECL,False
-2.691059094950654,-0.517174164126149,BINARY,LMC563.06.614,ECL,False
-2.6317542670258116,-0.5895589588407377,BINARY,LMC562.15.12815,ECL,False
-2.829938590694438,-0.09678876797886238,LPV,LMC562.24.11222,LPV,False
-0.6763473070651642,3.2613371955758215,LPV,LMC562.07.11041,LPV,False
-2.730095684974191,-0.49999880444088324,BINARY,LMC563.32.7181,ECL,False
-2.9648789179187878,-0.35445442804838145,BINARY,LMC563.32.7198,ECL,False
-2.729526365898119,-0.5096844478503476,BINARY,LMC562.24.11439,ECL,False
-3.0200469029895607,-0.27842242985608523,BINARY,LMC563.06.982,ECL,False
18.82451115694567,-17.28106045842166,LPV,LMC562.32.45,LPV,False
9.346631266522508,14.113645393402763,LPV,LMC562.15.9,LPV,False
0.38708885347971567,3.9355871996024208,LPV,LMC563.32.5648,LPV,False
-3.0893370601648495,-0.19001344460763225,BINARY,LMC562.15.1255,ECL,False
-4.4308558548546095,-1.8642554122808148,LPV,LMC562.15.21,LPV,False
-2.3216598896318366,-0.8285839401142765,PULS,LMC563.06.28,DCEP,False
9.745124458312624,15.120771482617732,LPV,LMC563.06.9608,LPV,False
-4.111441331395141,-1.5758725142344259,LPV,LMC562.15.11914,LPV,False
12.225344949067651,1.1624100079918542,LPV,LMC563.14.16,LPV,False
-4.998274914892074,-2.6180694917287104,LPV,LMC562.15.82,LPV,False
-4.11742924456496,-1.5336156412283437,LPV,LMC562.15.11945,LPV,False
-2.868824415191356,-0.4165323652202062,BINARY,LMC562.15.641,ECL,False
-2.457558514002233,-0.761710370812217,PULS,LMC563.14.11320,DSCT,False
-2.546544089988834,-0.6457833135908382,PULS,LMC562.24.1459,RRLYR,False
-1.3507313866350945,2.1678411190392515,LPV,LMC563.14.8107,LPV,False
-3.4505688997103734,-0.6416739420151871,LPV,LMC563.23.7661,LPV,False
-1.0314899778708946,0.5821308162331045,LPV,LMC562.15.28,LPV,False
-2.2942354996834253,-0.8570763263495695,PULS,LMC563.06.1252,RRLYR,False
8.524643908247704,11.880908343298527,LPV,LMC562.07.11085,LPV,False
-2.646999174532651,-0.5559323176976073,BINARY,LMC562.15.401,ECL,False
-2.2875236002704624,-0.879360842524382,PULS,LMC562.24.1397,RRLYR,False
-2.6782439881091333,-0.5395864396299415,BINARY,LMC563.14.9335,ECL,False
-1.3092900364380107,-0.828741366455374,LPV,LMC562.32.9279,LPV,False
-4.3121064971042955,-2.9422721384479766,LPV,LMC563.31.22,LPV,False
-2.9863363346315626,-0.29417760866435316,BINARY,LMC562.32.2626,ECL,False
-2.2672805455646796,-0.9683043314965232,BINARY,LMC562.32.651,ECL,False
1.5208105553671372,5.246085490979121,LPV,LMC563.23.7656,LPV,False
12.06026865322054,1.9215428380683088,LPV,LMC562.32.9300,LPV,False
-2.7469148595756865,-0.5995714959880172,BINARY,LMC562.07.12507,ECL,False
-2.101296930363081,0.8462146599719564,LPV,LMC562.24.11236,LPV,False
-2.8050425479249923,-0.4516507753100058,PULS,LMC563.23.518,T2CEP,False
19.10883021647405,24.975293078804125,BINARY,LMC562.24.11580,ECL,False
-2.715472495600433,-0.5239193885909588,BINARY,LMC563.14.1870,ECL,False
-1.207799604971831,-1.8010004460560758,PULS,LMC563.14.1082,RRLYR,False
1.0582341253806162,4.959692161880909,LPV,LMC562.07.11036,LPV,False
-4.727636233281036,-2.247302015287729,LPV,LMC562.15.8,LPV,False
-2.759387575629963,-0.5097567443780476,BINARY,LMC563.06.6692,ECL,False
-2.3130822839475704,-0.8331407660585137,PULS,LMC563.23.72,DCEP,False
-2.6948208817349,-0.5304024000231551,BINARY,LMC563.23.8396,ECL,False
-2.8486838781003505,-0.35995242864456967,PULS,LMC562.24.64,DCEP,True
-4.2512267665780605,-1.737780720330905,LPV,LMC562.15.11893,LPV,False
4.789872229253262,2.415786821188207,LPV,LMC562.07.70,LPV,False
-2.6935777816331044,-0.5411564243118399,BINARY,LMC563.31.7212,ECL,False
-1.297656169379978,2.0786199858863945,LPV,LMC562.32.9274,LPV,False
-2.257826578421474,-0.9267451900259622,PULS,LMC562.15.6702,DSCT,False
-2.0315968074162445,-2.3306344394620973,LPV,LMC562.24.20,LPV,False
3.85252976225258,8.02266618491407,LPV,LMC562.32.38,LPV,False
1.7204790068695752,-3.6810903963724266,LPV,LMC562.15.29,LPV,False
0.16996553720711782,3.630966510273227,LPV,LMC563.14.8126,LPV,False
-4.685506837878892,-2.321859030960681,LPV,LMC562.24.70,LPV,False
-3.75838444025028,-1.0800289801949727,LPV,LMC562.24.11238,LPV,False
0.1446634238601967,-2.9325581700939,PULS,LMC562.32.9728,RRLYR,False
-4.958194242205724,-1.950752690256896,LPV,LMC563.31.6513,LPV,False
3.6075476608612504,7.5648372496961365,LPV,LMC563.31.27,LPV,False
-2.3221121886879224,-0.8297021945437909,PULS,LMC563.14.920,DSCT,False
-4.509404236086374,-2.904996819973152,PULS,LMC562.07.11162,DCEP,False
-3.6597589861085615,-1.0338320305943842,LPV,LMC562.07.11045,LPV,False
-3.8413020338840105,-0.8044974017966215,LPV,LMC562.07.14,LPV,False
-2.60577870759266,-0.6142066572058028,PULS,LMC563.31.241,ACEP,False
-2.602628374992073,-0.6142615011864154,PULS,LMC563.06.10837,RRLYR,False
-2.285218732788421,-0.9345132474726254,BINARY,LMC563.31.347,ECL,False
-2.923844596134556,-0.35939220039321773,BINARY,LMC562.07.3322,ECL,False
-4.266366644164885,-1.6895673277170875,LPV,LMC563.31.11,LPV,False
0.12796991107879796,-2.912155966696602,PULS,LMC562.15.341,DCEP,False
-1.979331333685828,-1.121292736923656,PULS,LMC563.06.10892,RRLYR,False
-2.9333939114372676,-0.35271769433835726,BINARY,LMC563.14.1540,ECL,False
-3.039114273327078,-0.3175408319161828,BINARY,LMC563.14.9175,ECL,False
-2.303078619387548,-0.889633731505332,BINARY,LMC562.24.11404,ECL,False
-1.6628058434035715,-1.4051460764257144,BINARY,LMC563.06.10170,ECL,False
-2.702923250951197,-0.4806734230748742,BINARY,LMC562.07.12094,ECL,False
-0.8157189271725678,0.9892189665624722,LPV,LMC562.15.20,LPV,False
-3.241435954705406,-0.1877693296633856,BINARY,LMC562.32.9632,ECL,False
-2.3151274944524225,-0.8374867542121103,PULS,LMC563.23.52,DCEP,False
-2.8757080498568053,-0.3583760106683791,BINARY,LMC562.32.1135,ECL,False
-2.6774186448581228,-0.5406369830216999,BINARY,LMC563.31.523,ECL,False
-2.9437091754562115,-0.34396611798193,BINARY,LMC563.31.645,ECL,False
-4.465137168895147,-1.8598498240318344,LPV,LMC562.07.22,LPV,False
-2.3208191112865206,-0.8337770282623072,PULS,LMC562.24.11277,DCEP,False
4.974366316731399,9.155329069888081,LPV,LMC562.15.12,LPV,False
-3.568013996549322,-2.4244357351440966,LPV,LMC563.06.37,LPV,False
-4.631372905791216,-2.200161113808983,LPV,LMC563.14.8100,LPV,False
10.57147008212068,2.1390050032217722,LPV,LMC563.14.15,LPV,False
23.30066076936031,1.3389208085873099,LPV,LMC562.07.11048,LPV,False
-2.667670411488165,-0.6041691103399687,BINARY,LMC562.15.1378,ECL,False
1.8753324648232743,5.26661650974167,LPV,LMC563.06.20,LPV,False
-5.463009292954734,-2.818019799696785,LPV,LMC562.32.26,LPV,False
-1.7452703204146904,-1.330415195424484,PULS,LMC562.15.13048,RRLYR,False
4.7300394247683615,-6.964669381761662,LPV,LMC563.14.8095,LPV,False
7.478183677529702,10.491228823913492,LPV,LMC563.23.7649,LPV,False
-2.749035612028283,-2.3726007840765515,LPV,LMC562.07.11049,LPV,False
-2.7141580944862054,-0.5200295867019276,BINARY,LMC562.24.12843,ECL,False
6.974961552875523,11.45986007827675,LPV,LMC563.31.23,LPV,False
11.265900954867803,14.952739478729681,LPV,LMC563.23.7674,LPV,False
-2.605108179735375,-0.6004433109584626,PULS,LMC562.32.1128,RRLYR,False
10.79174411116237,14.573100932143172,LPV,LMC563.14.8135,LPV,False
-5.033619520721198,-2.440857479416163,LPV,LMC563.31.6534,LPV,False
-3.0534582285260905,-0.24958440608074534,BINARY,LMC562.32.930,ECL,False
-2.971620515945772,-0.3094749918842776,BINARY,LMC563.06.1099,ECL,False
-3.0268190878401793,-0.34089471283295736,BINARY,LMC562.32.9524,ECL,False
-2.6482680715340563,-0.5686314523916708,BINARY,LMC563.31.7294,ECL,False
-2.313119749433946,-0.8723826287609864,BINARY,LMC562.15.13677,ECL,False
-1.3382446098731364,-1.7105681984634502,BINARY,LMC562.24.12422,ECL,False
-1.7224105255752271,-0.14228662764245992,LPV,LMC562.32.25,LPV,False
-4.2432415630969835,-1.6954125248458987,LPV,LMC562.15.47,LPV,False
-3.0752958394660577,-0.31871634158891304,LPV,LMC563.06.2,LPV,False
-4.508205486927926,-1.9777502436460332,LPV,LMC562.32.119,LPV,False
6.355314804026162,-2.9471909540015,LPV,LMC563.14.8097,LPV,False
-2.691844336412706,-0.5664443784755774,BINARY,LMC562.32.2848,ECL,False
-2.5304738789111765,-0.678199338040874,BINARY,LMC562.07.13125,ECL,False
-2.966121732047898,-0.3401590489615889,BINARY,LMC562.15.15864,ECL,False
-1.7395396447232363,1.6004423821383387,LPV,LMC562.32.9271,LPV,False
-2.605457022102336,-0.6130939447090459,PULS,LMC562.32.10140,RRLYR,False
-2.7126060878132323,-0.5112217331665124,BINARY,LMC563.23.7800,ECL,False
4.168110684622254,-7.707160569159783,LPV,LMC562.24.41,LPV,False
-2.634386042882668,-0.6124992619817244,BINARY,LMC562.32.10119,ECL,False
-2.3014624689415144,-0.8942852838162523,PULS,LMC562.32.10411,RRLYR,False
-1.7103944108846107,1.2652139868361332,LPV,LMC562.24.73,LPV,False
-1.9152639503175677,-1.195627828902631,PULS,LMC563.23.1258,RRLYR,False
-0.612942496644906,1.7688821665253858,LPV,LMC563.23.7648,LPV,False
-2.9170483129719003,-0.3455592593357545,BINARY,LMC563.06.1616,ECL,False
-3.3655336320337375,-0.24380549389792933,BINARY,LMC563.31.55,ELL,False
-2.747313299408211,-0.5271559431425622,BINARY,LMC563.06.1249,ECL,False
-1.0286341707958266,-1.943166125831539,PULS,LMC563.06.1000,RRLYR,False
-3.0282703229552683,-0.23859735467425197,BINARY,LMC562.24.247,ECL,False
5.846709969260286,-0.25956404774005076,LPV,LMC562.07.11035,LPV,False
-2.634572002689818,-0.6130165371392399,BINARY,LMC563.06.1862,ECL,False
-3.0319947498456554,-0.2551364569638479,PULS,LMC562.32.9299,DCEP,False
-5.257156898123104,-3.391347629566603,BINARY,LMC563.23.7650,ELL,True
-2.637190254117528,0.3612306030605026,LPV,LMC563.31.6499,LPV,False
-3.3673699944704523,-2.1225464669767633,LPV,LMC563.06.22,LPV,False
-1.1490865504124201,-1.8448381720657108,PULS,LMC562.32.10268,RRLYR,False
-2.3122486784425975,-0.832754386026731,PULS,LMC562.07.18,DCEP,False
-3.5333130455225525,-2.43953928708859,PULS,LMC562.24.11293,DCEP,False
-4.229100084814727,-3.2565224116469924,PULS,LMC563.06.13105,DSCT,False
-4.8230272836661126,-2.2933402115381325,LPV,LMC562.15.2,LPV,False
-3.0389918508928697,-0.2602734212495693,BINARY,LMC563.31.7966,ECL,False
-3.3138984620639222,-0.4893840310452776,LPV,LMC563.23.7640,LPV,False
-0.37035648018972145,1.3751509371247634,LPV,LMC562.15.7,LPV,False
-2.328796062974733,-0.8570064948164691,PULS,LMC562.15.13732,RRLYR,False
-2.6988882475172282,-0.522392031487487,BINARY,LMC562.32.1477,ECL,False
6.787690587398678,-3.760386465815289,LPV,LMC562.07.20,LPV,False
-2.289087605435604,-0.8858437950050434,PULS,LMC563.23.1156,RRLYR,False
-3.8752408480905842,-1.3220281132649006,LPV,LMC563.06.9641,LPV,False
0.29781834276577657,4.080820142542532,LPV,LMC562.24.6,LPV,False
-4.046783575413159,-3.0444375925896425,LPV,LMC562.15.11917,LPV,False
20.52808149786065,24.062573888262914,LPV,LMC563.14.8123,LPV,False
-2.2906350424556985,-0.8641107945778639,PULS,LMC562.15.13682,RRLYR,False
-3.8161190601979595,-2.7969440401013674,PULS,LMC562.15.13733,RRLYR,False
-2.819775604458219,-0.43594008955804353,BINARY,LMC563.31.1703,ECL,False
-4.974240593506895,-2.788721647013256,PULS,LMC563.06.56,DCEP,False
1.4851732382040312,5.495702615465726,LPV,LMC562.24.11226,LPV,False
26.69226910618194,-8.848071872173843,LPV,LMC562.32.28,LPV,False
-2.7333953079111812,-0.5120178928919583,BINARY,LMC562.24.11475,ECL,False
-2.7740513538725162,-0.5265034396513094,BINARY,LMC562.32.228,ECL,False
-1.580720035877921,1.7032389748047587,LPV,LMC562.15.11902,LPV,False
18.28701554854329,-0.014360307953053875,LPV,LMC562.32.9308,LPV,False
-4.114202043557938,-3.0647551173618535,LPV,LMC562.07.51,LPV,False
5.37761600062617,8.258583392662173,LPV,LMC562.24.8,LPV,False
-2.858898719673393,-0.4156680262006008,BINARY,LMC562.24.3538,ECL,False
-2.3252915105965184,-0.8466363072395257,PULS,LMC563.23.1241,RRLYR,False
-0.8897849266377098,2.6204310618915683,LPV,LMC563.06.13,LPV,False
-4.08919984948178,-3.0674380343532466,LPV,LMC562.24.45,LPV,False
-2.296973541964806,-0.8780958336915061,PULS,LMC562.32.1382,RRLYR,False
8.227320746197144,-1.5306000970476732,LPV,LMC562.24.11246,LPV,False
-2.9697321203505345,-0.31154269050996203,BINARY,LMC562.07.11931,ECL,False
2.2816546649839076,6.227330339006966,LPV,LMC563.14.8140,LPV,False
0.3985954817896613,3.8593990703013263,LPV,LMC563.06.9636,LPV,False
-2.66724696053295,-0.5709522616084542,BINARY,LMC562.15.3350,ECL,False
-4.8137600525235165,-2.3066842661297917,LPV,LMC562.24.7,LPV,False
-2.293661329235395,-0.8812059023671364,PULS,LMC563.14.1137,RRLYR,False
-4.681897612374123,-2.2318000393562216,LPV,LMC562.24.11270,LPV,False
-5.25587395573222,-2.5878765858013946,LPV,LMC562.07.3,LPV,False
3.121616514474053,6.918008605634273,LPV,LMC563.06.9633,LPV,False
-3.183754530736456,-0.16235622088626628,LPV,LMC562.24.9,LPV,False
-3.7537639229228823,-1.1225525099698017,LPV,LMC562.07.66,LPV,False
-2.96512202723777,-0.35889388274462775,BINARY,LMC562.07.2119,ECL,False
14.929627819225956,-4.946012546788574,LPV,LMC563.06.9609,LPV,False
4.056055133883474,10.229212378971045,LPV,LMC563.14.110,LPV,False
1.6685549556792756,5.300435645520339,LPV,LMC562.32.9272,LPV,False
0.06349914987170102,3.3780539547333674,LPV,LMC563.14.8103,LPV,False
-3.002640287606713,-0.2903304810813183,BINARY,LMC562.24.332,ECL,False
10.981504711295141,-13.739063762457285,LPV,LMC562.15.49,LPV,False
-3.6288358415718216,-0.7462172070898874,LPV,LMC563.06.9603,LPV,False
-4.3246257557414705,-1.5135589581279494,LPV,LMC563.23.7647,LPV,False
-4.377107424237385,-1.828427047405842,LPV,LMC562.15.16,LPV,False
-2.2894766052185753,-0.8743267423788312,PULS,LMC563.14.1020,RRLYR,False
-2.6591083317940765,-0.49881359476467096,BINARY,LMC562.15.12254,ECL,False
-1.6481206908230874,-0.1716953995805845,LPV,LMC562.07.42,LPV,False
-2.295901229633401,-0.876142260941073,PULS,LMC563.31.986,RRLYR,False
-0.12336792245439954,3.389749197377405,LPV,LMC562.15.11918,LPV,False
17.44135482853185,2.9214300331229266,LPV,LMC563.14.23,LPV,False
-0.8511349726957971,2.851047652743288,LPV,LMC562.32.13,LPV,False
-2.727166306728097,-0.5041488170144097,BINARY,LMC563.31.1968,ECL,False
-2.696468048504191,-0.5191299885724895,BINARY,LMC562.07.1412,ECL,False
-2.3798390280857733,-0.8052547456639638,PULS,LMC562.32.5326,DSCT,False
-2.7306932183454204,-0.525030284454096,BINARY,LMC563.06.11780,ECL,False
11.899347472942718,17.25533294372593,LPV,LMC562.24.11282,LPV,False
1.2075066233126885,5.223776686000702,LPV,LMC563.31.6507,LPV,False
-3.083316222827079,-1.871737988539028,LPV,LMC563.14.45,LPV,False
-4.005147725603306,-0.6921065776292938,LPV,LMC562.15.13451,LPV,False
-2.6154213802370454,-0.6173277428184047,PULS,LMC562.07.1139,RRLYR,False
-5.556028341295486,-3.048392252686999,LPV,LMC562.32.9283,LPV,False
-2.4852334778158545,-1.9856016727859396,LPV,LMC563.06.16,LPV,False
-1.5568910737927626,1.410803056172495,LPV,LMC562.15.84,LPV,False
-3.946182845009134,-2.8302825467412145,LPV,LMC562.24.2,LPV,False
-2.3119649561868316,-0.8726341723073547,PULS,LMC562.24.11247,DCEP,False
-1.2525621465913568,-1.762021434640818,BINARY,LMC562.15.1308,ECL,False
14.537593472296816,2.220253312808363,LPV,LMC563.31.24,LPV,False
-4.1770086892835385,-1.2192601058372987,LPV,LMC563.06.9594,LPV,False
-2.7065489578899067,-0.5374353949353707,BINARY,LMC563.23.9402,ECL,False
-2.773298448669749,-0.5223619012729996,BINARY,LMC562.32.17234,ECL,False
-3.3493432581409768,-2.1679993374513193,LPV,LMC563.23.13,LPV,False
0.14384137618908976,-5.484405903229094,LPV,LMC562.15.3,LPV,False
-2.8427656117386526,-0.5306178391438391,BINARY,LMC562.24.960,ECL,False
-0.2049853400968673,2.986512637613081,LPV,LMC563.06.49,LPV,False
-4.752326312284792,-2.2642632751721776,LPV,LMC562.24.11298,LPV,False
-2.966419668162259,-0.3497669162102825,BINARY,LMC562.07.12556,ECL,False
-1.550847899404566,-1.5127035283207588,PULS,LMC563.14.8895,RRLYR,False
-2.2831902927280896,-0.8793554869689895,PULS,LMC563.31.7161,RRLYR,False
-2.6903491113651095,-0.5345754192771379,BINARY,LMC563.23.8871,ECL,False
-2.30100421018738,-0.8609472018718614,PULS,LMC562.15.11942,DCEP,False
-4.305085633325715,-1.8515280494582516,LPV,LMC563.31.17,LPV,False
-2.3260191008384448,-0.8292608157318763,PULS,LMC562.24.13205,RRLYR,False
-4.83958776512805,-2.350764793194408,LPV,LMC563.23.3,LPV,False
-2.859219788190895,-0.5792226873709114,BINARY,LMC562.32.79,ELL,False
-1.422277279919785,1.6502858712249304,LPV,LMC562.15.70,LPV,False
19.65839772904974,-23.657472485647634,LPV,LMC562.15.13,LPV,False
-2.322760010908121,-0.8353317514058527,PULS,LMC563.23.1176,RRLYR,False
29.99660088881499,2.931275564381364,LPV,LMC563.23.7664,LPV,False
-4.271120549756271,-1.7788728709751807,LPV,LMC562.15.34,LPV,False
8.913002277876114,13.595173419949496,LPV,LMC563.14.29,LPV,False
-2.8167962096299335,-0.6226252653207242,BINARY,LMC563.14.10062,ECL,False
0.8189916555395595,-3.5344835163407753,BINARY,LMC563.06.936,ECL,False
-2.5979808480628352,-0.6169841689765384,PULS,LMC563.23.1120,RRLYR,False
-4.3088045552020535,-1.7139625818227073,LPV,LMC563.23.8,LPV,False
-2.3228052977042144,-0.8595539731400212,PULS,LMC563.31.950,RRLYR,False
23.01521370947704,29.840632815199964,LPV,LMC562.07.11142,LPV,False
-2.609048718612959,-0.5890027229652871,BINARY,LMC562.32.10281,ECL,False
31.94802017045123,3.0723321401753854,LPV,LMC563.23.23,LPV,False
5.7449764458309,-0.11678310278179721,LPV,LMC562.07.50,LPV,False
-2.86197535995525,-0.3914039932030878,BINARY,LMC563.31.1600,ECL,False
-2.922751874923797,-0.31913940695695314,BINARY,LMC562.32.1528,ECL,False
-4.587934105361707,-2.081864769253254,LPV,LMC563.06.7,LPV,False
-2.2897151194102956,-0.9126636906053238,PULS,LMC562.15.4532,DSCT,False
-4.686799764998517,-2.3107519741757008,LPV,LMC562.15.11925,LPV,False
0.13965364328305352,3.5483869750570864,LPV,LMC563.31.25,LPV,False
-2.7108985067960054,-0.544999979801423,BINARY,LMC562.15.14182,ECL,False
39.772920627754644,-40.49049066806853,LPV,LMC563.14.8114,LPV,False
32.92224194253275,1.3015311068344098,LPV,LMC563.14.8115,LPV,False
-2.6727143780281937,-0.5437149663671338,BINARY,LMC563.06.10169,ECL,False
-2.170128915612832,-0.9708452280091188,BINARY,LMC563.06.1043,ECL,False
-0.6481037592740804,2.740482085385344,LPV,LMC563.23.7645,LPV,False
-2.3365939882887194,-0.8709243453241428,PULS,LMC562.32.13599,DSCT,False
27.268318253793936,-2.8486058846207563,LPV,LMC563.06.23,LPV,False
-4.4753023212687655,-1.9278869066278697,LPV,LMC562.24.11242,LPV,False
-0.40745660956038554,2.8301314742050696,LPV,LMC563.14.8129,LPV,False
-2.656991015274608,-0.5672930156159627,BINARY,LMC562.07.3236,ECL,False
-3.593861774525159,-0.45841789764377583,BINARY,LMC562.24.11287,ELL,False
23.732998327823726,30.36101881570099,BINARY,LMC562.15.146,ECL,False
10.561359660192714,15.692806590904823,LPV,LMC563.06.9620,LPV,False
-3.91618565972985,-2.8399439974852045,LPV,LMC562.32.12,LPV,False
3.904250079239267,-6.178515173611238,BINARY,LMC562.32.623,ECL,False
4.798391358441772,0.12649363541471048,LPV,LMC563.31.6514,LPV,False
-4.648733208886246,-2.201550789204035,LPV,LMC563.06.42,LPV,False
0.012983435122268183,3.5152001194256073,LPV,LMC562.24.11219,LPV,False
-1.2230625394638985,0.9901233539889844,LPV,LMC563.31.13,LPV,False
-3.1612591817689046,-0.19859807612824076,BINARY,LMC563.06.1496,ECL,False
-2.606000922991472,-0.6047537503205788,PULS,LMC563.06.10833,RRLYR,False
-0.739069790389574,-2.199834786920237,PULS,LMC562.15.1301,RRLYR,False
-0.753277949803125,2.3303725847630394,LPV,LMC562.15.11952,LPV,False
12.27978600897967,16.266703689418527,LPV,LMC563.14.104,LPV,False
3.691931247373499,7.447187270900372,LPV,LMC562.07.33,LPV,False
0.18424189451265782,3.7492647703530375,LPV,LMC563.14.46,LPV,False
-2.29352877595083,-0.8537824447163976,PULS,LMC563.06.1424,RRLYR,False
27.417886931956318,-27.929905368249326,LPV,LMC562.32.43,LPV,False
2.2092403388363637,5.999195620846291,LPV,LMC563.14.10,LPV,False
-0.4235166948209308,3.3885851370987865,LPV,LMC562.32.11,LPV,False
-3.6112904528590857,-0.8830521969452223,LPV,LMC562.07.24,LPV,False
-5.590417302171068,-3.068314530246737,BINARY,LMC562.24.11259,ELL,True
10.097324232516161,14.912908119636246,LPV,LMC563.23.33,LPV,False
-3.3715616766466887,-0.33522253139343816,BINARY,LMC562.07.45,ELL,False
-2.3102028933455023,-0.8511886634005998,PULS,LMC562.32.2571,DSCT,False
-4.875242544813158,-2.3787358363751037,LPV,LMC562.15.11959,LPV,False
-2.57058510600681,-0.6175569677942594,BINARY,LMC563.14.1173,ECL,False
-4.768518143412888,-2.359689483941274,LPV,LMC563.14.40,LPV,False
-2.2957924746020226,-0.8645691346107582,PULS,LMC562.15.13307,RRLYR,False
-2.3131429053663477,-0.8368927807208713,PULS,LMC563.31.749,RRLYR,False
12.540188141365139,16.447749265491662,LPV,LMC563.23.26,LPV,False
-1.9985812722230505,1.0418252561754757,LPV,LMC563.14.8108,LPV,False
-2.9338992640812007,-0.3342473115474057,BINARY,LMC563.23.2397,ECL,False
-2.8433821730337527,-0.4533529482507706,BINARY,LMC562.24.8708,ECL,False
-2.3082575080331917,-0.8686399439432101,PULS,LMC562.15.13285,RRLYR,False
54.0539555600503,-44.817806010679405,LPV,LMC563.31.6539,LPV,False
1.5207747145090593,5.220412322347753,LPV,LMC563.23.7638,LPV,False
-2.267677816079158,-0.865114639841464,BINARY,LMC563.06.9741,ECL,False
-4.302680396222494,-1.7427789698663918,LPV,LMC562.24.3,LPV,False
-2.718269810483239,-0.4966914085774613,BINARY,LMC562.32.1501,ECL,False
6.183878358126928,10.507327192109118,LPV,LMC562.07.11073,LPV,False
-2.751218775535982,-0.5443804960271573,BINARY,LMC562.32.3052,ECL,False
-2.9433836358439676,-0.5391497711933544,BINARY,LMC563.23.12850,ECL,False
3.5128586836752644,7.486365182454687,LPV,LMC563.23.30,LPV,False
-1.2912319728607717,-1.7370290257813081,PULS,LMC562.24.1827,RRLYR,False
-2.2321763459957698,-0.9090897355909893,PULS,LMC562.24.2995,DSCT,False
-3.9643895734232566,-0.6738985866787205,LPV,LMC563.06.10141,LPV,False
-1.8860968986660371,-1.2178556293853742,PULS,LMC563.23.8603,RRLYR,False
-3.6661459176842133,-0.9600851614263718,LPV,LMC562.32.9270,LPV,False
-4.761879732711137,-2.219166849450538,LPV,LMC562.15.11890,LPV,False
0.1573083696963966,3.368602106407513,LPV,LMC563.14.28,LPV,False
-2.5191420231288126,-0.6686168430407491,PULS,LMC563.23.1170,RRLYR,False
-3.949127484101802,-0.9545398128050042,LPV,LMC562.15.11921,LPV,False
-3.824543056169626,-0.5837034508076728,LPV,LMC562.24.49,LPV,False
-2.512757995512889,-0.687166551786852,PULS,LMC563.06.1236,RRLYR,False
12.869274102968319,18.3515950666929,LPV,LMC562.24.11292,LPV,False
1.8338298593839024,5.862255229510878,LPV,LMC562.07.15,LPV,False
-2.671402419150117,-0.5516719100913068,BINARY,LMC562.15.2086,ECL,False
5.953407521170582,10.438295199828527,LPV,LMC562.07.72,LPV,False
-2.727359783015861,-0.49955371956071587,BINARY,LMC562.15.12007,ECL,False
-4.787284510010407,-2.4253154351931614,LPV,LMC563.06.18,LPV,False
-2.6081333387815033,-0.634287372896042,PULS,LMC563.06.1134,RRLYR,False
-4.040804236981563,-2.6089583776379044,PULS,LMC563.06.10649,RRLYR,False
-3.8957929487065357,-2.833390612545675,LPV,LMC562.15.11933,LPV,False
-3.6654474207992616,-0.7484001040777799,LPV,LMC562.15.11904,LPV,False
2.104757068867375,-4.165443166197761,LPV,LMC563.31.6506,LPV,False
27.591151370519885,-30.484540606205933,LPV,LMC563.31.6545,LPV,False
11.613808865053965,16.74516861669867,LPV,LMC563.14.8127,LPV,False
-2.2873854465796035,-0.8662437952148616,PULS,LMC562.24.12212,RRLYR,False
14.526466254677985,20.013183297646794,LPV,LMC563.31.30,LPV,False
-3.0555834474602315,-0.38567208970219563,LPV,LMC562.07.11060,LPV,False
-5.50781636682655,-2.8794242531493115,LPV,LMC563.31.6521,LPV,False
-2.6613184649250967,-0.5525510049042995,PULS,LMC562.32.1157,RRLYR,False
-2.3026304774835333,-0.8308654624621252,PULS,LMC563.23.8416,RRLYR,False
-2.6182630091208465,-0.6012856300466736,PULS,LMC563.06.1050,RRLYR,False
-2.375688667690317,-0.9128697312309219,BINARY,LMC563.06.6944,ECL,False
-2.330704359582836,-0.8606102324013714,PULS,LMC563.14.3290,DSCT,False
-2.4431403688705924,-0.782074641855639,BINARY,LMC563.14.1975,ECL,False
41.44678290752015,1.8611691286047363,LPV,LMC563.31.6532,LPV,False
-2.7401024143211226,-0.5066935257560543,BINARY,LMC562.15.13347,ECL,False
-1.138043916297879,-1.8574006056037071,PULS,LMC562.15.13071,RRLYR,False
-0.17401605467255576,-2.6731349660184014,PULS,LMC562.07.12143,RRLYR,False
-3.128850171112139,-0.24915230987609405,BINARY,LMC563.06.456,ECL,False
-2.316886480611808,-0.8666233543290717,PULS,LMC562.24.15,DCEP,False
-5.8528686776984875,-3.2201194547170218,BINARY,LMC562.32.103,ELL,False
-2.636173888863878,-0.598887885295429,BINARY,LMC562.24.12046,ECL,False
-4.822018475329903,-2.4732079815606394,LPV,LMC563.23.7662,LPV,False
-2.9606089242902165,-0.31414271433517293,PULS,LMC562.07.11092,DCEP,False
-3.5970523031474326,-2.467040701714478,LPV,LMC562.32.9307,LPV,False
-2.2634317221150546,-0.9103407348326129,PULS,LMC563.31.8540,DSCT,False
-2.323470247365496,-0.8687643413471379,PULS,LMC562.24.34,DCEP,False
5.670576328165313,-8.603200695852244,LPV,LMC562.32.44,LPV,False
-2.7036297182335094,-0.5267668210071149,BINARY,LMC563.14.1071,ECL,False
6.537186467559638,11.002547202564065,LPV,LMC562.15.50,LPV,False
-3.0250492782554517,-0.28925960092679653,BINARY,LMC562.07.13363,ECL,False
-2.6801779809784767,-0.5654702340056693,BINARY,LMC562.07.738,ECL,False
-2.3077263640727916,-0.8304131808128883,PULS,LMC562.07.11059,DCEP,False
-4.8030732870846755,-2.475920259668193,LPV,LMC562.24.11225,LPV,False
-3.4627220684212126,-2.3362998466509577,LPV,LMC562.15.31,LPV,False
61.22857135820277,-14.490354106910274,LPV,LMC563.31.6520,LPV,False
-2.526387192266824,-0.712581674119928,BINARY,LMC563.06.12650,ECL,False
-4.503764838084291,-1.6835556214385896,LPV,LMC562.15.11884,LPV,False
-2.6669595018726344,-0.5524188312763582,BINARY,LMC563.14.9570,ECL,False
-2.9653225670802623,-0.636703264874189,BINARY,LMC563.14.8144,ELL,False
4.709978528887538,8.644414014173835,LPV,LMC563.14.8201,LPV,False
15.697289385439372,1.74233438315577,LPV,LMC563.23.7667,LPV,False
-4.610814554004959,-2.1202702355574816,LPV,LMC562.07.2,LPV,False
-3.015279424328709,-0.2734832022169782,BINARY,LMC562.24.11494,ECL,False
-3.951510525769642,-2.835383707175592,LPV,LMC563.06.9605,LPV,False
2.060248825744196,5.798391141819598,LPV,LMC562.07.56,LPV,False
-4.049604095381673,-1.3901765143437008,LPV,LMC562.15.1,LPV,False
-3.343406627296511,-2.2162025962405085,LPV,LMC563.06.9593,LPV,False
-2.813734301753522,-0.5458414181153325,BINARY,LMC562.07.13537,ECL,False
10.642916383211517,15.67511874562009,LPV,LMC563.14.8139,LPV,False
-5.109697754749076,-2.7521566019537094,LPV,LMC563.14.48,LPV,False
-3.1260935176573406,-1.9176378819954751,LPV,LMC562.15.14,LPV,False
1.4258602722508842,4.826872428931192,LPV,LMC563.14.8141,LPV,False
-2.7505265407623094,-0.5192398447390807,BINARY,LMC562.24.12356,ECL,False
-5.631671788917767,-2.8958320200580037,LPV,LMC562.24.22,LPV,False
-3.014042312498354,-0.260710988215923,BINARY,LMC562.15.1472,ECL,False
-2.7644927517075413,-0.529173377799563,BINARY,LMC563.23.8934,ECL,False
-2.747224744671984,-0.5232899583899354,BINARY,LMC563.14.8223,ECL,False
-4.781018885991596,-2.33365560361703,LPV,LMC562.32.9,LPV,False
11.16246519503942,3.2642801018511047,LPV,LMC563.06.9623,LPV,False
-2.6690988553589294,-0.5575807999770752,BINARY,LMC563.06.2292,ECL,False
4.525571314743161,-6.722072842907675,BINARY,LMC562.32.2195,ECL,False
-2.6414232724769118,-0.5734770172548882,BINARY,LMC562.07.244,ECL,False
-1.2619226886126653,-1.7641403585961344,PULS,LMC563.06.10679,RRLYR,False
-2.3163376278829793,-0.8345379245788984,PULS,LMC562.07.59,DCEP,False
-2.3265995417668703,-0.8402408380442774,PULS,LMC563.23.8452,RRLYR,False
-2.2987244893620957,-0.891566006438179,PULS,LMC563.06.991,RRLYR,False
-4.364541589841118,-1.8050547626607565,LPV,LMC563.23.38,LPV,False
-3.006718078932618,-0.2770690389735062,BINARY,LMC563.14.1190,ECL,False
3.827565677163392,-1.793053507657321,LPV,LMC563.31.9,LPV,False
-2.524415927321774,-0.6637359960342688,PULS,LMC563.14.1004,RRLYR,False
-2.5491262949021376,-4.588675251421732,PULS,LMC563.23.127,DCEP,False
-2.7262056065971856,-0.49233801866831783,BINARY,LMC562.15.1081,ECL,False
16.56923529905343,21.079429057471327,LPV,LMC562.24.11285,LPV,False
-2.288043557044447,-0.8681289853031129,PULS,LMC563.06.10476,RRLYR,False
-3.4037867225516267,-0.355203820004134,BINARY,LMC562.15.12017,ECL,False
0.5798772565664319,-7.97582383106007,LPV,LMC562.32.42,LPV,False
1.1857738201027606,3.1316894847195806,LPV,LMC562.24.63,LPV,False
-0.8983792251738782,-2.0681750396101144,PULS,LMC563.06.10242,RRLYR,False
-2.920908043964804,-0.5230334692358194,BINARY,LMC563.23.8960,ECL,False
36.54697231096907,-37.17587877122093,LPV,LMC562.15.72,LPV,False
-4.18427971694152,-3.196681897693445,PULS,LMC562.24.159,DCEP,False
-2.8538772623207467,-0.37563228461964704,BINARY,LMC563.31.6799,ECL,False
-2.7197252721395437,-0.4936268412622006,BINARY,LMC563.06.12282,ECL,False
-2.9276616061195604,-0.07119384742720508,LPV,LMC563.14.8138,LPV,False
-2.674793570313515,-0.5366783455970298,BINARY,LMC562.24.11495,ECL,False
2.5716927702039607,6.6465906993870325,LPV,LMC563.23.5,LPV,False
-2.562140758345379,-0.6315934229870788,PULS,LMC563.23.864,RRLYR,False
-2.633456405210056,-0.5795793061558756,BINARY,LMC563.14.8549,ECL,False
0.9249345640943352,4.268532949145291,LPV,LMC563.23.7668,LPV,False
-2.897779205631299,-0.358615177062244,BINARY,LMC563.14.905,ECL,False
-2.7063052469233426,-0.5902280288839502,BINARY,LMC562.24.2356,ECL,False
-2.9219061360620437,-0.38758397321895527,BINARY,LMC563.31.1724,ECL,False
-2.3085260107803576,-0.8813549852577747,PULS,LMC562.32.52,DCEP,False
-2.883277713453546,-0.41227879926215705,BINARY,LMC562.32.11497,ECL,False
-4.345080281695683,-1.8532081255988218,LPV,LMC562.32.107,LPV,False
-3.593972309759871,-2.4607046611087577,LPV,LMC563.31.20,LPV,False
-2.7323326360580227,-0.5138609406141079,BINARY,LMC563.14.8928,ECL,False
-2.294310121817494,-0.8515523154226317,PULS,LMC563.23.8325,RRLYR,False
-4.729412237162105,-2.0203594503050266,LPV,LMC563.23.7641,LPV,False
-3.5970072965988424,-2.4801573880420547,LPV,LMC563.31.10,LPV,False
-2.7297838202118583,-0.4906715806442723,BINARY,LMC563.14.1027,ECL,False
-3.3382302596425797,-0.30704877027307476,BINARY,LMC563.23.7659,ELL,False
-2.4329306949624043,-0.7283952414231478,BINARY,LMC562.24.12446,ECL,False
-5.744382920993352,-3.347623370965163,LPV,LMC562.24.24,LPV,False
-2.6118845883188166,-0.5694084802563463,PULS,LMC562.24.13190,RRLYR,True
-2.7006821191668675,-0.5192108964540342,BINARY,LMC562.06.1542,ECL,False
-5.395704347288929,-2.902504366562817,LPV,LMC563.14.8,LPV,False
-2.7417313877753022,-0.5067913104852312,BINARY,LMC563.31.8276,ECL,False
-2.7707776842118097,-0.45245513576246427,PULS,LMC563.31.757,RRLYR,False
18.067346943176176,6.291299847410259,LPV,LMC563.23.7644,LPV,False
-2.7334654275724826,-0.5511414352841607,BINARY,LMC562.06.3029,ECL,False
-4.38428165366018,-2.0236820663446053,LPV,LMC562.06.66,LPV,False
-2.2782515343163388,-0.8541260949475149,PULS,LMC562.32.10351,RRLYR,False
-2.731922372096954,-0.5473850843596846,BINARY,LMC562.06.2623,ECL,False
-0.5068244755620395,2.791967780032147,LPV,LMC562.14.30,LPV,False
-4.255221384773858,-1.7308991791264197,LPV,LMC562.06.40,LPV,False
-2.684727147372069,-0.5512282596095747,BINARY,LMC562.14.10619,ECL,False
-2.586981322220565,-0.6370539667284537,PULS,LMC563.05.1019,RRLYR,False
-2.302958095827543,-0.8689882017793442,PULS,LMC562.06.11124,RRLYR,False
1.8772199042614224,5.749508341545802,LPV,LMC562.23.11526,LPV,False
-2.260095734992846,-0.9228788404292745,PULS,LMC562.23.7910,DSCT,False
-2.773830674999758,-0.5219715727496107,BINARY,LMC562.14.10618,ELL,False
-2.676424382750716,-0.5928783157868912,BINARY,LMC562.14.13768,ECL,False
-4.769694220582703,-2.1062727280451403,LPV,LMC562.14.27,LPV,False
-2.282929992827502,-0.8847581817542551,PULS,LMC562.06.1371,RRLYR,False
-1.5203098295407642,2.077136333026445,LPV,LMC563.13.50,LPV,False
-2.768010578077571,-0.480186975583933,PULS,LMC562.23.1562,RRLYR,False
-2.880524141607295,-0.38093124335703166,BINARY,LMC562.14.11074,ECL,False
-3.51933755266042,-1.9933386333990415,LPV,LMC563.05.3,LPV,False
-2.8664295383465275,-0.4350915821232997,BINARY,LMC562.14.14955,ECL,False
7.571941537828088,12.497400057005793,LPV,LMC563.13.7576,LPV,False
-3.0383385048044818,-0.7094853588540452,BINARY,LMC563.22.7186,ELL,False
-4.032540024160454,-2.6193828535844865,PULS,LMC562.06.1295,RRLYR,False
10.693625756389896,15.996397778449438,LPV,LMC562.31.57,LPV,False
8.89935313270708,13.677946039571397,LPV,LMC562.31.62,LPV,False
-4.342006413873065,-1.8252500816695476,LPV,LMC562.14.10494,LPV,False
2.9617397826892526,7.373232139109533,LPV,LMC563.13.14,LPV,False
-4.577844284741077,-1.9407233378500266,LPV,LMC562.23.9,LPV,False
-4.863071942664181,-2.417261268853646,LPV,LMC562.06.48,LPV,False
16.5845444980131,1.9122325134010498,LPV,LMC562.31.69,LPV,False
-0.9730295902364792,1.3777968876834166,LPV,LMC562.31.9233,LPV,False
-2.6384911323329487,-0.549454255204587,BINARY,LMC562.14.11551,ECL,False
-1.7368959465643492,-1.3675337488467616,BINARY,LMC562.06.12276,ECL,False
-2.481347269332756,-0.7127921591195874,BINARY,LMC562.14.11364,ECL,False
-2.3149681151166015,-0.8469625902501193,PULS,LMC563.22.1219,DSCT,False
-2.301212833860438,-0.8726057400335012,PULS,LMC562.06.10498,RRLYR,False
-1.1042666225914193,1.8816371718454856,LPV,LMC562.06.10075,LPV,False
-3.289161787531514,-0.21783761093589565,BINARY,LMC562.23.1841,ECL,False
13.131753421245122,18.41987135582914,LPV,LMC562.14.43,LPV,False
-2.847575076243889,-0.4132079261215456,BINARY,LMC562.23.15003,ECL,False
-2.7221611532084418,-0.48773674582601084,BINARY,LMC562.31.9785,ELL,False
-3.0353653933980267,-0.21105820276363496,BINARY,LMC562.23.11697,ELL,False
-2.593922670941765,-0.6450993385797837,PULS,LMC563.13.8424,RRLYR,False
-2.9632503059165516,-0.3779813622025866,BINARY,LMC562.23.15452,ECL,False
3.841250103587387,8.234551270358496,LPV,LMC562.23.11486,LPV,False
-2.30728433342923,-0.8754134010529846,PULS,LMC562.06.1482,RRLYR,False
-2.301073080435925,-0.8435789331833827,PULS,LMC563.13.8638,RRLYR,False
-0.12308822834746191,-0.9478621839508059,LPV,LMC562.31.9265,LPV,False
6.824943929026701,11.211553393092858,LPV,LMC562.31.47,LPV,False
-2.7101460877361228,-0.5020274649646784,BINARY,LMC562.23.994,ECL,False
-4.679768531420148,-2.0806480241141028,LPV,LMC563.05.8244,LPV,False
-2.28613439707973,-0.8852117387689274,PULS,LMC562.31.10091,RRLYR,False
-3.078508845742897,-0.19229065866889367,BINARY,LMC562.06.10922,ECL,False
-0.18467903652751083,3.9532701952125233,LPV,LMC562.06.10,LPV,False
-3.69604270564089,-2.6236782422327583,LPV,LMC562.31.59,LPV,False
-1.6583348668862024,1.7742966673427174,LPV,LMC563.30.7008,LPV,False
-2.318691163322226,-0.8421921992624584,PULS,LMC562.31.2639,DSCT,False
7.247349448018666,-1.6433315369094486,LPV,LMC562.31.9232,LPV,False
-3.9327502593997368,-2.8414834501683446,LPV,LMC562.06.9,LPV,False
-3.369168032451722,-0.35229399549476675,LPV,LMC563.22.28,LPV,False
-2.3024872140180275,-0.8508327236403783,PULS,LMC562.06.11253,RRLYR,False
-4.521314475700722,-2.162955015828814,LPV,LMC563.30.7023,LPV,False
-3.5836421194694146,-2.447441216463993,LPV,LMC562.14.56,LPV,False
-0.9609287811617002,-2.0310456026108006,BINARY,LMC562.06.3240,ECL,False
-2.6771401585522914,-0.5502899910088052,BINARY,LMC563.05.10105,ECL,False
-2.2902824586360064,-0.8713670426591281,PULS,LMC563.05.8915,RRLYR,False
-2.30386652530533,-0.8842267451833261,PULS,LMC563.30.10311,DSCT,False
-4.372299710984358,-1.5302927699454993,LPV,LMC563.30.7001,LPV,False
-0.7986952615302574,0.923029562552129,LPV,LMC563.13.23,LPV,False
10.53549195239064,15.49479172648482,LPV,LMC563.05.8308,LPV,False
-3.008981101155899,-0.2674528006466307,BINARY,LMC562.31.9414,ECL,False
1.45412634946271,4.914373289893847,LPV,LMC562.14.10419,LPV,False
-3.118266254954717,-0.1816559443603743,BINARY,LMC562.06.691,ELL,False
-2.7369910965048505,-0.5106922547282065,BINARY,LMC563.22.2230,ECL,False
1.4738530935802885,5.1307299155007815,LPV,LMC563.30.7003,LPV,False
2.3085595720488765,5.934329132381341,LPV,LMC562.06.42,LPV,False
-2.292112554413335,-0.885566931987083,PULS,LMC563.05.671,RRLYR,False
-2.923000892251679,-0.35255796202771006,BINARY,LMC562.14.11202,ECL,False
-3.553776179594332,-0.9237666203044916,LPV,LMC562.06.10077,LPV,False
49.89593783592506,-12.14646310596185,LPV,LMC563.05.8247,LPV,False
2.6545637952324945,4.881890206086489,LPV,LMC563.13.44,LPV,False
-3.5158534117669555,-0.3773349536245073,BINARY,LMC563.13.93,ELL,False
0.8926270623947294,4.358564129207742,LPV,LMC563.13.38,LPV,False
-4.338427664135037,-1.9256293482507367,LPV,LMC562.06.10133,LPV,False
-4.539441378859395,-1.8316296896446773,LPV,LMC562.14.10391,LPV,False
1.104805388106044,3.339696721744553,LPV,LMC563.30.9,LPV,False
-2.7121856709434757,-0.49463250646413776,BINARY,LMC562.23.413,ELL,False
-3.338884402975055,-0.4724218480282347,LPV,LMC562.23.11489,LPV,False
-2.3787967307312208,0.5071262544693165,LPV,LMC563.13.7545,LPV,False
-1.2653517918736452,-1.760481936623385,PULS,LMC562.31.851,RRLYR,False
-2.5091830941241455,-0.6762214486808245,BINARY,LMC563.22.7159,ECL,False
8.1514211852035,1.778005491500853,LPV,LMC563.22.9,LPV,False
-2.5830835904079272,-0.5929585973489733,BINARY,LMC563.22.190,ECL,False
-4.710601252907493,-2.1505402978573254,LPV,LMC562.31.9230,LPV,False
-2.999911586078481,-0.3094539151918097,BINARY,LMC563.22.2050,ECL,False
1.820695585929239,5.89078210201316,LPV,LMC563.05.6,LPV,False
-4.176615788123333,-3.2021175691034136,PULS,LMC563.22.7220,DCEP,False
-2.2957386058740226,-0.8576177980546769,PULS,LMC562.23.13138,RRLYR,False
-2.6050162528182708,-0.6066145516831212,PULS,LMC562.23.12731,RRLYR,False
0.3689541412558679,3.8139603014930774,LPV,LMC563.13.7562,LPV,False
-3.1745063537507714,-0.2574717416432706,BINARY,LMC562.23.12168,ECL,False
-2.3231451031362274,-0.8394336505012874,PULS,LMC562.23.13052,RRLYR,False
36.4070732506247,-13.831177199185491,LPV,LMC563.30.7014,LPV,False
-0.7530214006678935,2.3191370627046695,LPV,LMC563.05.8246,LPV,False
-2.968671070320632,-0.38192271041975756,BINARY,LMC562.14.5609,ECL,False
-2.312020814374416,-0.8537799679832784,PULS,LMC563.22.8121,RRLYR,False
-4.8908568650127675,-1.9290976929697665,LPV,LMC563.05.8232,LPV,False
-3.091100549525544,-0.22681753287250883,BINARY,LMC562.23.610,ECL,False
-3.059524522593723,-0.23223588329866235,BINARY,LMC563.22.471,ECL,False
-0.20941093700582236,-2.6896357262958164,BINARY,LMC562.31.11498,ECL,False
-2.7122233653278043,-1.1772005672207595,LPV,LMC563.05.27,LPV,False
31.910549836323767,-24.21975082767999,LPV,LMC562.14.42,LPV,False
-0.7626480729029985,0.863277301538186,LPV,LMC562.23.11498,LPV,False
-3.0097387843025802,-0.3254865366100923,BINARY,LMC563.22.8848,ECL,False
-2.3146516802531942,-0.8549612556205273,PULS,LMC562.14.10429,DCEP,False
-2.89894067369077,-0.37862924649276647,BINARY,LMC563.05.10113,ECL,False
-3.596683758759493,-2.6058991413099193,LPV,LMC562.23.11478,LPV,False
-2.2861440135071556,-0.8872114522251687,PULS,LMC562.23.13006,RRLYR,False
-2.6733790577249437,-0.579842751820137,BINARY,LMC563.22.663,ECL,False
-2.675581398437057,-0.5303514196666156,BINARY,LMC562.31.941,ECL,False
-3.86589006506659,-2.6670259691654774,LPV,LMC563.22.10,LPV,False
-2.824157911432083,-0.42101410307945564,BINARY,LMC563.05.1063,ECL,False
-4.124832759901331,-1.5499275871172156,LPV,LMC562.06.24,LPV,False
-2.5012142980373504,-0.70149795445824,BINARY,LMC562.23.4303,ECL,False
-2.7358034302549,-0.5076897146196677,BINARY,LMC562.23.11597,ECL,False
-2.6142739882206967,-0.6105438243863899,PULS,LMC563.22.8082,RRLYR,False
-2.740435296201992,-0.5341245859148387,BINARY,LMC562.23.2187,ECL,False
-2.7225813998996733,-0.5026437081731842,BINARY,LMC562.23.13476,ECL,False
-2.8188767397113703,-0.5439002997308418,BINARY,LMC562.31.161,ELL,False
-3.4612524608647757,-0.3977735191871272,BINARY,LMC563.13.15,ELL,False
-2.6874580423509644,-0.5231527987233652,BINARY,LMC562.23.12049,ECL,False
-3.4820635632333037,-0.8431023050672208,LPV,LMC562.06.34,LPV,False
4.469063432246568,-8.123065681156627,LPV,LMC563.05.16,LPV,False
-1.6679252789596735,-1.4236011865761873,PULS,LMC562.31.9271,RRLYR,False
-2.7792403330016535,0.41668101623208975,LPV,LMC563.22.7156,LPV,False
16.684310214532356,-14.906598415006178,LPV,LMC562.31.9234,LPV,False
-2.2410549059812714,-0.8958156465304861,BINARY,LMC562.06.10249,ECL,False
-4.348233975941845,-3.111161299511358,PULS,LMC562.31.15903,DSCT,False
-2.293992908264417,-0.883246232883966,PULS,LMC562.31.10370,RRLYR,False
-2.828902190261718,-0.4438570623170465,BINARY,LMC563.13.9200,ECL,False
-2.309241459771702,-0.839213116463444,PULS,LMC562.06.1384,DSCT,False
-2.647466483508837,-0.5666225107202162,PULS,LMC563.05.9250,RRLYR,False
-0.25075653577748946,2.863466978492797,LPV,LMC562.06.10125,LPV,False
-2.2916636604598937,-0.916024288723343,PULS,LMC563.30.3368,DSCT,False
-4.099859599507997,-3.069406870792614,LPV,LMC562.31.70,LPV,False
-1.2198748880156427,1.9734704080461019,LPV,LMC562.31.32,LPV,False
-3.9896985733407986,-2.998634412134958,LPV,LMC563.22.7194,LPV,False
-3.347409589660737,-0.3206460008001708,LPV,LMC563.13.24,LPV,False
-2.78230578949437,-0.5263635361438468,BINARY,LMC563.30.848,ECL,False
-1.6744580674734335,1.3466831914765998,LPV,LMC562.31.9272,LPV,False
-2.9979084215146354,-0.27850744349181955,BINARY,LMC563.30.746,ECL,False
-3.4006818616910928,-0.33159609694310466,BINARY,LMC563.30.7004,ELL,False
-4.0391291162263006,-1.4190218673464465,LPV,LMC563.30.2,LPV,False
-2.8118845054534805,-0.42198620204369314,BINARY,LMC562.31.1253,ECL,False
0.6005049441755652,3.907113111089207,LPV,LMC563.30.28,LPV,False
4.271052160681942,6.9605629885035585,LPV,LMC562.23.20,LPV,False
-3.002924304496748,-0.2710028877761456,BINARY,LMC563.13.849,ECL,False
4.448863553676789,6.964608738484499,LPV,LMC563.22.42,LPV,False
0.8400193590451726,4.156157554706313,LPV,LMC563.13.49,LPV,False
4.978340658714841,-3.680823450813178,LPV,LMC562.14.10423,LPV,False
-0.9698802173651084,2.8391259550422916,LPV,LMC563.05.8235,LPV,False
-5.012749907988367,-2.6150405555201193,LPV,LMC562.06.10117,LPV,False
-1.0477331056581736,2.047454637248781,LPV,LMC562.06.10180,LPV,False
0.023350139120444258,3.3497075305414814,LPV,LMC562.31.9266,LPV,False
-3.680106802115324,-0.9733208501295969,LPV,LMC562.23.84,LPV,False
-2.6979042058363154,-0.52922445093866,BINARY,LMC563.13.8414,ECL,False
-2.293450390385784,-0.8766311436817553,PULS,LMC563.30.7783,RRLYR,False
-4.78650606876287,-3.7601000934917117,LPV,LMC563.13.7571,LPV,False
-2.7023874013820848,-0.4856327621610691,BINARY,LMC563.30.7006,ECL,False
-2.6536606197796972,-0.5428303929158003,BINARY,LMC562.31.10367,ECL,False
-2.7454531044738832,-0.5136713095107913,BINARY,LMC562.31.232,ELL,False
-4.749471370368065,-2.487118615607483,LPV,LMC562.06.10134,LPV,False
-3.516375079217531,-0.3850519580706767,BINARY,LMC563.13.12,ELL,False
-4.05175675707585,-2.93557450377454,LPV,LMC562.23.49,LPV,False
-2.2981451286657073,-0.8735349594229223,PULS,LMC563.13.8283,RRLYR,False
-4.532629637113974,-1.7351527972870922,LPV,LMC563.05.8240,LPV,False
-4.679930496084102,-2.18835841415945,LPV,LMC563.13.7550,LPV,False
2.6485078488131713,6.568867847818557,LPV,LMC563.22.16,LPV,False
5.027936775122343,8.93930257319066,LPV,LMC563.22.43,LPV,False
-4.2763700158177835,-3.1940948805396605,PULS,LMC563.13.13054,DSCT,False
-2.7373358491527116,-0.5305407405652655,BINARY,LMC562.14.11128,ECL,False
-2.6832784710380593,-0.5495276004624492,BINARY,LMC562.31.2541,ECL,False
-2.3158437784057795,-0.8378061929038672,PULS,LMC563.13.1160,RRLYR,False
-2.8941010801926,-0.36600615988906093,PULS,LMC562.31.9268,DCEP,False
-2.6671139499061822,-0.540090937681363,BINARY,LMC562.14.11347,ECL,False
7.317464398909007,12.005466964714337,LPV,LMC563.30.26,LPV,False
8.534199816719042,-8.455722403669638,LPV,LMC563.30.47,LPV,False
-3.59406917550368,-2.518381584940027,LPV,LMC562.31.9276,LPV,False
13.375193421397846,18.987404074202647,LPV,LMC562.06.33,LPV,False
-3.7568030398687453,-2.5941938784457514,LPV,LMC563.13.5,LPV,False
-4.238073021345748,-1.5084451847600167,LPV,LMC563.22.7149,LPV,False
-2.313498125400751,-0.8768797437447529,PULS,LMC562.23.11514,DCEP,False
-2.8036757215726538,-0.52725929225064,BINARY,LMC562.14.1304,ECL,False
12.463900394731887,-13.728750801273293,LPV,LMC562.14.36,LPV,False
-2.6592350352131,-0.5636118599734611,BINARY,LMC562.31.890,ECL,False
-5.275134618647373,-3.0051383570248946,LPV,LMC562.14.10480,LPV,False
-3.0161324505485023,-0.27600082621602806,BINARY,LMC562.23.11688,ECL,False
-2.728700514000304,-0.4941105801832781,BINARY,LMC563.22.7512,ELL,False
-2.8686832697750386,-0.4080279590936201,BINARY,LMC563.30.8289,ECL,False
-2.7134154672830744,-0.5118951602618348,BINARY,LMC562.23.1301,ECL,False
-2.6910537594374233,-0.5355263651566435,BINARY,LMC563.30.1667,ECL,False
10.552648604893278,2.093418159318354,LPV,LMC562.23.13,LPV,False
-3.872791559621475,-2.557893406635743,LPV,LMC562.23.39,LPV,False
-1.7162078635971383,-1.340267547265731,BINARY,LMC562.31.9306,ECL,False
-2.770649496335659,-0.5409480216835759,BINARY,LMC562.23.12597,ECL,False
-2.694676985267707,-0.5531315765868097,BINARY,LMC562.23.11974,ECL,False
23.48985573758483,3.8334048991742424,LPV,LMC562.14.10491,LPV,False
-2.7420087595641562,-0.5798722884024113,BINARY,LMC563.30.11681,ECL,False
-2.7687234390412176,-0.5330375054537737,BINARY,LMC562.23.11544,ECL,False
-2.3108575456594314,-0.8611309557197803,PULS,LMC562.14.34,DCEP,False
-2.8085268749610397,-0.544954204793459,BINARY,LMC562.31.9361,ELL,False
-4.8153387783438735,-2.3693145592519045,LPV,LMC563.13.7568,LPV,False
-2.6059729901912103,-0.6032343190400523,BINARY,LMC563.30.18,ECL,False
-3.6267473394561556,-1.0149907751591998,LPV,LMC562.31.9250,LPV,False
-4.0915000970555075,-3.038366655298482,LPV,LMC563.13.7554,LPV,False
-2.8454672944971358,-0.44028718709799103,BINARY,LMC563.05.10562,ECL,False
-2.6777596924979843,-0.6028472786125063,BINARY,LMC562.06.13481,ECL,False
-2.309367792546374,-0.8352576445843157,PULS,LMC563.13.8519,RRLYR,False
-1.8376707490488848,-1.2866062925703408,BINARY,LMC563.05.10072,ECL,False
-4.2388850082431455,-3.240089187128815,PULS,LMC562.23.11502,DCEP,False
7.823614866201907,-11.634613368168568,LPV,LMC563.30.7000,LPV,False
-2.2975661236139744,-0.8616838033680878,PULS,LMC562.31.10480,RRLYR,False
-0.21308981226419865,3.311344499477925,LPV,LMC563.30.6990,LPV,False
-2.732358288514464,-0.49661700203692133,BINARY,LMC562.06.599,ELL,False
-3.1028243115387504,-0.23487194138511508,BINARY,LMC563.05.10328,ECL,False
-2.7900960586732606,-0.5533637409481842,BINARY,LMC562.23.3867,ECL,False
-4.1320439344436455,-2.653788328356465,LPV,LMC562.14.10392,LPV,False
-4.251447660839665,-1.6909183244275794,LPV,LMC563.30.7010,LPV,False
6.672523486486717,11.034877862136117,LPV,LMC562.31.40,LPV,False
-2.592042548518153,-0.6473854618573793,PULS,LMC562.23.1965,RRLYR,False
-2.7034818070456836,-0.5377182127939814,BINARY,LMC563.05.9869,ECL,False
-0.1032330896995397,1.726183650944819,LPV,LMC563.13.7543,LPV,False
19.38670245792539,-18.715777994516557,LPV,LMC563.05.8256,LPV,False
1.3063213206274549,5.18269722280757,LPV,LMC562.14.10390,LPV,False
-2.9382880120390062,-1.67596315350015,LPV,LMC562.31.42,LPV,False
-2.8448226790249573,-0.40062906361817247,BINARY,LMC563.30.1807,ECL,False
-3.6954966023017155,-2.62886678437673,PULS,LMC562.23.11475,DCEP,False
-1.967178556213855,-1.1502581398894787,PULS,LMC562.31.988,RRLYR,False
-4.814883605706649,-2.3333686189423357,LPV,LMC562.06.25,LPV,False
-3.9029922164917856,-2.8483367704752034,LPV,LMC563.22.24,LPV,False
-2.8469164259420525,-0.3831611898625372,BINARY,LMC562.14.11159,ECL,False
-0.9722432736247657,-2.010837760369806,PULS,LMC562.06.11304,RRLYR,False
-2.827853507118817,-0.3832529521460275,BINARY,LMC562.14.106,ECL,False
-4.225588112733584,-1.6643304299575554,LPV,LMC562.14.12,LPV,False
-2.0471360585468257,-1.079867023100428,BINARY,LMC562.23.977,ECL,False
-1.343394939626708,-1.692439965119365,PULS,LMC562.06.1125,RRLYR,False
-2.6735530663994655,-0.5454562971326835,BINARY,LMC563.22.7668,ECL,False
-4.374081380997763,-1.7934980150083948,LPV,LMC563.30.6996,LPV,False
-4.2801093180351355,-1.773734835031565,LPV,LMC562.14.57,LPV,False
9.065853169148294,13.89812706777376,LPV,LMC563.05.35,LPV,False
-2.6006127079303734,-0.6235661568200539,PULS,LMC562.23.12756,RRLYR,False
-2.731246328447079,-0.5149925920710681,BINARY,LMC563.22.3474,ECL,False
-2.7092410112986096,-0.4887519988644103,BINARY,LMC562.23.171,ECL,False
-2.1411653944532287,1.0934717246709997,LPV,LMC563.22.7164,LPV,False
-3.385210823755866,-3.1697856523169445,PULS,LMC562.14.11833,RRLYR,False
5.6928763642430225,8.797908169376626,LPV,LMC563.05.8253,LPV,False
-2.75269285598749,-0.5142057834619991,BINARY,LMC563.05.889,ECL,False
4.049939618599534,7.889571119505495,LPV,LMC563.30.7019,LPV,False
-3.1378289193427573,-1.5417602259888656,LPV,LMC563.30.8053,LPV,False
-3.5313261978800687,-2.3745589804995975,LPV,LMC562.14.5,LPV,False
-2.3074967537079085,-0.8200105225651029,PULS,LMC563.13.3,DCEP,False
-2.2994781626614826,-0.8739867864457338,PULS,LMC563.05.1064,RRLYR,False
9.709694927783953,14.254509294131141,LPV,LMC563.05.46,LPV,False
-1.8265058928657325,-1.318137955913365,BINARY,LMC562.14.14454,ECL,False
4.967967810353999,9.202498801683031,LPV,LMC562.23.22,LPV,False
-2.76603719311568,-0.4628458065522061,PULS,LMC563.30.7818,RRLYR,False
-2.784559203211938,-0.5374553425626897,BINARY,LMC563.22.8016,ECL,False
1.3281349840333991,4.845355058572823,LPV,LMC563.13.58,LPV,False
5.372428820161377,9.976442049370831,LPV,LMC562.23.29,LPV,False
-4.819536898423139,-2.2979092133799717,LPV,LMC562.14.10388,LPV,False
-1.3856214795925161,-1.6851776381024373,BINARY,LMC563.30.7890,ECL,False
-4.556992376253758,-1.8564500355297295,LPV,LMC562.14.4,LPV,False
0.8291790319885664,4.231688142008062,LPV,LMC563.05.8266,LPV,False
-2.917200890116046,-0.3477638612261522,BINARY,LMC562.14.11682,ECL,False
30.771568386007637,-29.725306011529412,LPV,LMC562.23.19,LPV,False
-2.7447601171129485,-0.5129622088538709,BINARY,LMC563.22.3825,ECL,False
-2.6859100095884942,-0.5518661299193057,BINARY,LMC562.14.560,ECL,False
-2.5982957763987358,-0.62420836883349,PULS,LMC563.30.873,RRLYR,False
-5.108692505420198,-2.666559157644669,LPV,LMC562.23.74,LPV,False
-2.202057580332096,1.1360869205373374,LPV,LMC563.30.4,LPV,False
2.579422153755951,6.292761360710426,LPV,LMC562.06.10141,LPV,False
6.105766684562192,8.842787971393362,LPV,LMC563.30.7028,LPV,False
-6.097854576091869,-3.416741529539868,BINARY,LMC562.06.46,ELL,False
3.4804693369212956,7.192863239772151,LPV,LMC563.05.22,LPV,False
-4.473747207233408,-2.147117281501372,LPV,LMC562.14.47,LPV,False
-1.0734635522291363,2.6166279153698255,LPV,LMC562.14.1,LPV,False
-3.0503497986132233,0.02271780178858629,LPV,LMC563.22.7148,LPV,False
-3.6356215266357874,-2.5082489779761605,LPV,LMC562.06.23,LPV,False
-2.3197781729218057,-0.8279623909086133,PULS,LMC563.13.22,DCEP,False
-3.6015984892550366,-2.482368368027526,LPV,LMC563.22.41,LPV,False
-2.332407244378639,-0.8415920065545222,PULS,LMC563.05.1905,DSCT,False
-2.674674284031105,-0.5524328406999356,BINARY,LMC562.06.2929,ECL,False
-2.6670318247195604,-0.5282394124230455,BINARY,LMC562.14.11189,ECL,False
-1.9155692111035623,0.9986917552189798,LPV,LMC563.05.8264,LPV,False
-2.7111355307512044,-0.5407264253306181,BINARY,LMC562.14.1487,ECL,False
-2.566567714503895,-0.6477428153783316,PULS,LMC562.31.10190,RRLYR,False
-4.018592751695078,-3.0073569407653045,LPV,LMC562.31.9244,LPV,False
-4.491673629974903,-1.8385772162561695,LPV,LMC563.30.7005,LPV,False
5.581219062121597,10.156422543812742,LPV,LMC563.05.54,LPV,False
-2.7474477024507364,-0.5290699154821825,BINARY,LMC562.31.9989,ECL,False
-2.8440132837430463,-0.44076767684557927,BINARY,LMC562.14.1462,ECL,False
2.711662203789345,6.820924720293759,LPV,LMC562.14.10469,LPV,False
-4.17801975344516,-1.615585447667989,LPV,LMC562.14.10467,LPV,False
-2.315761955352837,-0.8824274663347846,PULS,LMC562.23.11531,DCEP,False
-2.29877679783092,-0.8504397074464931,PULS,LMC562.06.536,RRLYR,False
-5.660254890307561,-3.0924208204252297,LPV,LMC563.22.7174,LPV,False
-1.983203214730636,0.8896794270766726,LPV,LMC562.31.43,LPV,False
-2.7119394379729944,-0.5129334794706748,BINARY,LMC563.13.9107,ECL,False
6.646188178522272,11.345730000465098,LPV,LMC562.23.30,LPV,False
-2.7195513801489826,-0.5388048583448213,BINARY,LMC562.06.2456,ECL,False
-2.7286791411254825,-0.5000398157254372,BINARY,LMC563.13.493,ELL,False
-2.300603010825636,-0.8668342004104725,PULS,LMC563.05.888,RRLYR,False
-2.3172575669338826,-0.8318029662005703,PULS,LMC562.14.10425,DCEP,False
-2.7134309039783733,-0.5029547155924218,BINARY,LMC563.30.865,ECL,False
-3.0422682787961817,-0.23264076888955681,BINARY,LMC563.30.1521,ECL,False
-2.3246263602724753,-0.8343631456230056,PULS,LMC563.13.803,RRLYR,False
-5.568658681451634,-2.94847980254269,LPV,LMC562.14.41,LPV,False
7.892331316844021,-2.5835143161900875,LPV,LMC562.06.20,LPV,False
-2.2966498438260965,-0.9387813425712719,BINARY,LMC562.31.2574,ECL,False
17.879278844529733,1.771454243416741,LPV,LMC562.14.72,LPV,False
6.397110466068665,9.491160510254895,LPV,LMC562.14.49,LPV,False
-2.8433570307622005,-0.40034210634178724,BINARY,LMC562.31.10820,ECL,False
7.111025650437775,11.899307481443344,LPV,LMC562.06.31,LPV,False
-2.619118101354768,-0.5775687628867358,PULS,LMC563.22.8118,RRLYR,False
-2.3054681765247196,-0.8523515786097186,PULS,LMC563.22.859,RRLYR,False
-2.7653748016089517,0.19781062293790574,LPV,LMC562.31.60,LPV,False
-2.2962488551857643,-0.8558802899812734,PULS,LMC562.31.10411,RRLYR,False
-5.1159513943973085,-2.701224529277055,LPV,LMC562.06.10096,LPV,False
-2.824987073465274,-0.5238504715687102,BINARY,LMC562.14.4820,ECL,False
-4.796173671511856,-3.566315810919516,LPV,LMC563.30.3,LPV,False
-2.7634281515447414,-0.5662450698870091,BINARY,LMC562.06.12400,ECL,False
-0.9376192481010392,-2.0168838861989844,PULS,LMC563.05.1185,RRLYR,False
14.459933125930249,20.062442931349807,LPV,LMC563.22.7197,LPV,False
-0.8516037675900632,1.5312185114020094,LPV,LMC562.06.10073,LPV,False
-3.4559745166620663,-0.6242258043398713,LPV,LMC563.30.14,LPV,False
-2.305903212134205,-0.8749310804179443,PULS,LMC562.23.11516,DCEP,False
-2.31165525002751,-0.8426504176035159,PULS,LMC562.31.25,DCEP,False
-3.410764694244723,-2.0121413181853036,LPV,LMC562.14.29,LPV,False
-3.8388832038984484,-0.8727915135914758,LPV,LMC562.31.28,LPV,False
9.69930407816286,14.812721529446268,LPV,LMC563.13.7540,LPV,False
-2.3087097416237836,-0.8677180143555232,PULS,LMC562.23.52,DCEP,False
-2.283193022006732,-0.8748301714574451,PULS,LMC563.05.9035,RRLYR,False
-3.4918861496422626,-2.3444425771672472,LPV,LMC563.30.7007,LPV,False
-4.682192119038163,-2.056255721753362,LPV,LMC562.23.17,LPV,False
-2.876335024354411,-0.37849585859632295,BINARY,LMC563.22.9188,ECL,False
-3.7029243681803603,-2.6339642031379285,PULS,LMC562.14.10439,DCEP,False
-3.502493801931111,-2.3464896015445182,LPV,LMC562.31.29,LPV,False
-2.9483523911495215,-0.3306852531999882,PULS,LMC562.23.14,DCEP,False
-4.77635444275333,-2.2816444602220503,LPV,LMC563.13.7561,LPV,False
2.9726390235138256,-7.250168016421333,LPV,LMC562.14.10435,LPV,False
-2.5392471009496123,-0.6620899589247942,BINARY,LMC563.05.9242,ECL,False
2.2770963051751467,5.453744720104093,LPV,LMC563.13.4,LPV,False
-2.833026737624482,-0.38924610559494766,BINARY,LMC562.23.456,ECL,False
-0.6418241875933819,1.5826944323428582,LPV,LMC562.23.11492,LPV,False
-2.4816976677772735,-3.092131160438819,LPV,LMC563.22.8,LPV,False
-2.2023271191647913,-0.9773588445512146,BINARY,LMC563.05.3046,ECL,False
-3.7551013550115853,-3.5720677624009207,LPV,LMC563.13.13,LPV,False
33.61037978403201,4.207601404265703,LPV,LMC563.05.40,LPV,False
-4.602368329950563,-2.1395808431168293,LPV,LMC563.30.50,LPV,False
-2.327381001525043,-0.8339983533023066,PULS,LMC563.05.1236,RRLYR,False
-3.849739761658725,-2.495431125284661,LPV,LMC562.14.10445,LPV,False
-2.6954847641057165,-0.5252504544415856,BINARY,LMC562.14.874,ECL,False
-2.6736172772253184,-0.5671254820643145,BINARY,LMC562.14.12898,ECL,False
-2.7716884269155186,-0.5257457132239057,BINARY,LMC562.14.11132,ECL,False
-4.707493431262022,-3.572731282796985,LPV,LMC563.05.8268,LPV,False
-2.4392120615670176,-0.7461272504516944,BINARY,LMC563.30.1030,ECL,False
-2.582487397307039,-0.6210485513630064,PULS,LMC563.22.8156,RRLYR,False
-3.0975700749013506,-0.18196502398314796,BINARY,LMC563.30.7088,ELL,False
-2.27228108569892,0.6564403095990372,LPV,LMC563.05.8259,LPV,False
5.07139441423382,-8.078735445719111,LPV,LMC562.06.22,LPV,False
-3.3812284146009732,-2.1632094951920675,LPV,LMC563.22.20,LPV,False
-1.4811478751490563,-1.6356747116344938,BINARY,LMC562.14.12506,ECL,False
-1.7644407094937276,-1.374324520378273,BINARY,LMC562.06.540,ECL,False
-2.755179643714711,-0.5209734228936043,BINARY,LMC563.30.3630,ECL,False
-4.679420670583805,-2.048795882371567,LPV,LMC562.14.10399,LPV,False
-3.1173990791195507,-1.7963590193737546,LPV,LMC563.13.16,LPV,False
-3.1459266714332466,-0.7450019356462829,BINARY,LMC562.14.6,ELL,False
-3.0803741792407178,-0.18329084740193152,BINARY,LMC562.14.11085,ELL,False
-2.688379287470445,-0.7119085201709028,LPV,LMC563.05.19,LPV,False
-2.8449867305824528,-0.4286928581912942,BINARY,LMC562.14.288,ECL,False
9.944276543992391,-13.159854914377917,LPV,LMC562.23.8,LPV,False
-2.7209187465136404,-0.5237952801966815,BINARY,LMC563.13.523,ECL,False
-2.3430195962605413,-0.8656006939293519,PULS,LMC563.30.11315,DSCT,False
-2.980333520856336,-0.28857277724394326,BINARY,LMC562.06.2934,ECL,False
-3.15840900999286,-0.46732805333153393,LPV,LMC563.13.37,LPV,False
-4.0792163099439405,-3.029897984448948,LPV,LMC562.23.11506,LPV,False
8.913003236990829,13.611369912576516,LPV,LMC562.06.10090,LPV,False
-2.323149265432433,-0.8415871536851496,PULS,LMC562.06.11311,RRLYR,False
-5.276821816614958,-2.982013120177495,LPV,LMC562.14.10485,LPV,False
-2.490995213707097,-0.723599585883925,BINARY,LMC562.14.13464,ECL,False
-3.0801335295878793,-1.8927560785816426,LPV,LMC563.22.12,LPV,False
11.187807308371209,16.353681325020165,LPV,LMC562.06.10104,LPV,False
3.8422478046193413,7.270272444906467,LPV,LMC562.06.14,LPV,False
-4.326303027514607,-1.8330149562257143,LPV,LMC563.30.29,LPV,False
-2.6437467859925996,-0.5752614269947051,BINARY,LMC563.05.1818,ECL,False
-1.530946253779588,0.04858020386062989,LPV,LMC562.31.9273,LPV,False
-2.964144490940495,-0.6382797347987645,BINARY,LMC563.05.32,ELL,False
-3.3926628351214374,-1.8293087997608743,LPV,LMC562.31.26,LPV,False
-1.7676087525764297,1.1597182242743254,LPV,LMC562.06.10099,LPV,False
-2.7194752374779956,-0.5174013570240629,BINARY,LMC563.13.1976,ECL,False
-3.4463684165191806,-2.2625284327888364,LPV,LMC562.31.21,LPV,False
-4.579611910507198,-1.9120121383209352,LPV,LMC563.22.7165,LPV,False
-2.34258533570557,-0.8315131722393121,PULS,LMC563.05.9125,RRLYR,False
-1.4068663720261145,-1.6063773121848086,PULS,LMC563.22.858,RRLYR,False
-3.825160514349177,-2.7936607527796538,PULS,LMC563.05.1028,RRLYR,False
-5.261122141384222,-2.6027678157750564,LPV,LMC563.13.19,LPV,False
-4.750069874054063,-3.702814930796161,LPV,LMC562.31.9249,LPV,False
-4.457624272606058,-1.887011186371534,LPV,LMC563.22.2,LPV,False
-4.383130797107267,-1.9003446324130915,LPV,LMC563.13.7556,LPV,False
-5.664985276527319,-2.919300565257249,LPV,LMC562.06.29,LPV,False
-2.8989638858175804,-0.39951354391124505,BINARY,LMC563.05.3769,ECL,False
-4.358611868095492,-2.9752980623638683,LPV,LMC562.14.11,LPV,False
-3.827839662997272,-1.2210691748192903,LPV,LMC563.13.7553,LPV,False
-4.830691801188628,-3.6792188775006887,LPV,LMC562.31.9270,LPV,False
0.0728501876758858,3.784335709960997,LPV,LMC563.13.27,LPV,False
-2.305605642751603,-0.8793191087245735,PULS,LMC562.14.19081,DSCT,False
-2.716838085320023,-0.49228160772986185,BINARY,LMC563.05.8759,ECL,False
-2.693254733183164,-0.4780877295027369,BINARY,LMC562.06.169,ECL,False
-2.6162193722610203,-0.6185173264230132,PULS,LMC563.05.9207,RRLYR,False
-4.694442712350466,-3.6347641016302594,LPV,LMC562.06.10086,LPV,False
-2.720229936932438,-0.49506433577428605,BINARY,LMC562.14.10732,ELL,False
-2.2933577452610194,-0.8571748414482081,PULS,LMC562.06.11342,RRLYR,False
21.87979327052535,-7.97256428959704,LPV,LMC562.31.9227,LPV,False
-3.027799714438059,-0.37111666889160344,BINARY,LMC562.31.13649,ECL,False
10.45131404871567,15.750310842402147,LPV,LMC562.31.52,LPV,False
5.342579481542834,9.550134691326498,LPV,LMC563.13.7566,LPV,False
-3.5968051972679507,-0.9092268962756379,LPV,LMC563.13.8,LPV,False
-4.047836844626043,-1.1398859815508957,LPV,LMC562.06.28,LPV,False
-2.3016173694404234,-0.8720011666722013,PULS,LMC562.23.13387,RRLYR,False
-2.6491900392254553,-0.5838957123378528,BINARY,LMC562.31.651,ECL,False
-2.3009985265134634,-0.8612375027432797,PULS,LMC562.23.1809,RRLYR,False
12.658856260575405,0.5003414502882073,LPV,LMC562.05.9023,LPV,False
18.6756803897198,2.427982380112513,LPV,LMC562.05.62,LPV,False
-3.7162668125339486,-0.5370595254792339,LPV,LMC563.12.7403,LPV,False
-5.715773656846939,-3.2260707141968066,LPV,LMC563.12.12,LPV,False
4.01302423816038,-4.722222422542124,LPV,LMC562.22.25,LPV,False
7.945185899039566,12.487624689128557,LPV,LMC562.05.33,LPV,False
10.095437688568403,15.247088399639681,LPV,LMC562.13.11377,LPV,False
-2.295573512460268,-0.8598425671099761,PULS,LMC562.05.10052,RRLYR,False
4.448251648219283,7.381982992241527,LPV,LMC563.21.6965,LPV,False
-2.7008938754153284,-0.49283115052834464,BINARY,LMC562.13.143,ECL,False
-4.005750214356849,-2.639547531723448,PULS,LMC562.22.1637,RRLYR,False
-4.029886656492199,-2.6160821580455806,PULS,LMC563.29.887,RRLYR,False
16.440219578635602,1.2311300567270271,LPV,LMC562.13.11350,LPV,False
-3.8755295789520474,-2.660873291488339,LPV,LMC563.04.7900,LPV,False
15.888894463425814,-20.242168342995775,LPV,LMC562.05.3,LPV,False
-3.107987751642283,-0.24079690398192638,BINARY,LMC562.13.11604,ECL,False
-2.7695906946252404,0.5621474451586514,LPV,LMC563.04.10,LPV,False
-2.490962210369944,-0.6985282768059021,PULS,LMC563.12.8126,RRLYR,False
-2.6859004290083455,-0.543195528272997,BINARY,LMC562.13.12020,ECL,False
-2.749734143236122,-0.5436744973300316,BINARY,LMC563.12.403,ECL,False
-4.243757682419438,-1.8076422221475703,LPV,LMC562.22.10969,LPV,False
-1.8074523434463525,1.2113143592174966,LPV,LMC563.21.7012,LPV,False
-3.802096432438999,-1.3018696942854038,LPV,LMC562.30.59,LPV,False
6.794203587954599,-6.205949421752842,LPV,LMC563.12.7385,LPV,False
14.491723459645208,20.10218440056584,LPV,LMC563.04.19,LPV,False
-2.7622992880793613,-0.5251534742680861,BINARY,LMC563.29.2041,ECL,False
8.23367808042228,12.816428532819314,LPV,LMC562.13.75,LPV,False
-2.7220876860710437,-0.49072054663733594,BINARY,LMC563.29.819,ECL,False
-2.670438770783184,-0.5668222644738137,BINARY,LMC563.04.9323,ECL,False
8.965094368926515,-10.48488285656485,BINARY,LMC562.05.9158,ECL,False
-2.7882462206984937,-0.5215621546712872,BINARY,LMC562.30.9380,ECL,False
-2.30929225766908,-0.8782168373390471,PULS,LMC563.04.8251,RRLYR,False
6.836845280912374,11.250708506297453,LPV,LMC563.12.21,LPV,False
-2.7389612432567194,-0.5355396339505977,BINARY,LMC562.22.8977,ECL,False
-2.321474230627139,-0.8314062249974226,PULS,LMC562.30.1977,DSCT,False
-2.297562097439254,-0.8550782865178053,PULS,LMC563.04.988,RRLYR,False
-3.6245381060078046,-0.8977858451829515,LPV,LMC562.13.31,LPV,False
-5.048074895475329,-2.6591471956755743,LPV,LMC563.04.26,LPV,False
-3.0901941413344565,-0.199894028737708,BINARY,LMC563.04.1984,ECL,False
-3.6837447818610327,-2.518774430933128,LPV,LMC563.21.6989,LPV,False
-2.2950594980590253,-0.8648441451724038,PULS,LMC563.12.8427,RRLYR,False
14.176191367533239,1.5658661281738764,LPV,LMC563.21.24,LPV,False
-2.5186971996914393,0.5362145672333418,LPV,LMC563.12.7397,LPV,False
-4.506830559175427,-2.023812765653649,LPV,LMC563.29.6896,LPV,False
2.6978463843608376,6.7978469859135044,LPV,LMC563.12.7386,LPV,False
-3.0202626613628127,-0.27056229338674476,BINARY,LMC563.12.9409,ECL,False
3.8414475448212304,7.855985359159249,LPV,LMC563.04.7906,LPV,False
-2.89796980346034,-0.608620313659468,BINARY,LMC563.04.79,ELL,False
-3.9058528928416782,-2.842121029183313,LPV,LMC562.05.8,LPV,False
-3.9753053064440214,-2.8622601039379587,LPV,LMC562.05.9013,LPV,False
-2.9311511370309504,-0.35758271219806265,BINARY,LMC563.04.9078,ECL,False
-1.948779731764203,-1.1771872929252114,BINARY,LMC563.12.1579,ECL,False
-2.562214805224154,-0.6207859956690056,BINARY,LMC562.13.1585,ECL,False
-2.7300864285944364,-0.5241643756243679,BINARY,LMC563.04.9870,ECL,False
-3.8386233284146822,-0.9647984832617523,LPV,LMC562.05.9014,LPV,False
-3.328326146094914,-0.30942958071638776,BINARY,LMC563.21.7049,ELL,False
-3.0301326211299013,-0.2459302277589191,BINARY,LMC562.22.305,ECL,False
-2.7484817961045716,-0.5168414806331246,BINARY,LMC562.13.11617,ELL,False
0.56916837538984,-0.8996861073853771,LPV,LMC562.30.8872,LPV,False
-2.7218120235358803,-0.5188188753746182,BINARY,LMC562.22.11523,ECL,False
-2.403338806808952,-0.8046757240242458,PULS,LMC562.30.13118,DSCT,False
-2.062630574958921,1.1666922050440407,LPV,LMC562.13.11332,LPV,False
-0.6713626263867001,2.4876685329036823,LPV,LMC563.21.33,LPV,False
-3.0166803095756065,-0.7130730568500111,BINARY,LMC563.21.7006,ELL,False
-3.912051054989133,-0.8614311376233272,LPV,LMC562.30.12,LPV,False
-2.9854469307799967,-0.32957534602503374,BINARY,LMC562.22.12107,ECL,False
-2.9907451619393233,-0.2889081179559909,BINARY,LMC563.04.616,ECL,False
-2.3637306260324156,-0.8275073674657228,BINARY,LMC563.21.1793,ECL,False
7.466874610397286,-3.875768078049041,LPV,LMC563.12.7389,LPV,False
13.765550135229137,19.173680497440156,LPV,LMC562.30.8901,LPV,False
2.378014307017433,5.935998837336649,LPV,LMC562.30.58,LPV,False
-3.851999112393944,-2.800993829055553,PULS,LMC562.22.11008,DCEP,False
-4.189471924787812,-1.568897722492057,LPV,LMC563.21.18,LPV,False
-4.839154391038505,-2.321380110900045,LPV,LMC562.05.14,LPV,False
-0.9495035608804154,2.156380179877834,LPV,LMC562.30.8881,LPV,False
-3.5185540900857237,-2.3528584951400076,LPV,LMC563.21.3,LPV,False
-2.3703344975439684,-0.7772651561138507,BINARY,LMC562.05.9283,ECL,False
-2.7125855439820032,-0.5069182145249448,BINARY,LMC562.22.50,ECL,False
-2.7564095490559817,-0.5175586820790635,BINARY,LMC562.22.3119,ECL,False
-4.08731816102376,-3.0411263268170474,LPV,LMC562.13.1,LPV,False
21.23397482516552,-0.5183336478434221,LPV,LMC563.21.23,LPV,False
-2.739349912820695,-0.4579003911716777,BINARY,LMC563.04.9792,ECL,False
17.730335885601498,-21.708012118621635,LPV,LMC563.12.27,LPV,False
14.599728028648332,20.350410663089818,LPV,LMC562.05.53,LPV,False
5.545515587385975,8.396511614068652,LPV,LMC562.22.10977,LPV,False
-2.38605372692941,-0.7878692147536068,PULS,LMC562.13.14253,DSCT,False
-2.9828990067961163,-0.2830290054905448,BINARY,LMC563.12.1132,ECL,False
-2.749772107891702,-1.2790811505914228,LPV,LMC563.04.12,LPV,False
-4.826393692358455,-2.309222273830898,LPV,LMC563.29.6877,LPV,False
-2.610246579380355,-0.6049522373963161,PULS,LMC563.04.8953,RRLYR,False
-2.6950260980098286,-0.5320937840190211,BINARY,LMC562.05.10033,ECL,False
-2.38709860282678,0.36985886718288785,LPV,LMC562.13.56,LPV,False
-3.0754732971988754,-0.18720007480524598,BINARY,LMC562.05.9100,ELL,False
-4.797048872515246,-2.350979102663067,LPV,LMC562.05.9,LPV,False
-3.747911269879978,-2.681222558691302,LPV,LMC562.30.8894,LPV,False
-3.058333545617135,-0.21643979452212952,BINARY,LMC563.21.7296,ECL,False
-5.685762727918737,-3.125431138272897,BINARY,LMC562.05.9038,ELL,False
-3.2713000857381505,-0.17527719825385785,BINARY,LMC563.29.7496,ECL,False
7.683548604217569,-0.6256423419362345,LPV,LMC562.22.26,LPV,False
1.9867423731282372,-6.0269906632809676,LPV,LMC563.29.6888,LPV,False
-2.2623712042520463,-0.9211188663610802,PULS,LMC563.29.10623,DSCT,False
5.269532194496928,0.7755763213902154,LPV,LMC562.30.6,LPV,False
-2.3727297823982587,-0.8709734328428796,PULS,LMC562.30.8849,T2CEP,False
-2.628157007232781,0.31485895726188196,LPV,LMC563.29.17,LPV,False
-0.3597906980678216,3.1141782615560603,LPV,LMC562.22.47,LPV,False
-2.3101824340222112,-0.8403902292129253,PULS,LMC562.13.2491,DSCT,False
31.085681956305905,2.657574718294021,LPV,LMC563.04.43,LPV,False
-4.622374882710581,-1.7255076656187576,LPV,LMC562.22.32,LPV,False
-2.502655978976011,-0.688063055710749,PULS,LMC562.30.1439,RRLYR,False
-2.662400153536422,-0.5577676335273897,BINARY,LMC562.13.13039,ECL,False
-5.583538957867545,-3.0512902994523188,LPV,LMC562.30.44,LPV,False
1.6974085967363797,5.222719751936433,LPV,LMC563.12.17,LPV,False
-4.036365174950383,-1.0987901579575072,LPV,LMC562.05.9025,LPV,False
15.791651253623805,-18.778317476987333,LPV,LMC562.22.23,LPV,False
-2.8290591706430868,-0.4580916512789659,BINARY,LMC562.13.16126,ECL,False
9.719665421335442,13.098078817505018,LPV,LMC562.30.8882,LPV,False
-4.995782997337553,-2.5970270272023335,LPV,LMC563.12.11,LPV,False
-2.611927474303937,-0.6247520882652442,PULS,LMC563.04.8622,RRLYR,False
-3.223471572126761,-0.2381741972502316,BINARY,LMC562.22.11215,ECL,False
-3.2205563495294625,-0.24765150930010577,BINARY,LMC563.29.207,ECL,False
-4.719651604631135,-2.2654817055731997,LPV,LMC562.22.10975,LPV,False
16.338884254196685,-9.914863255141531,LPV,LMC563.29.36,LPV,False
-2.335691975163529,-0.8478537333635263,PULS,LMC562.05.9009,DCEP,True
-3.5034983779991915,-0.7400308620930258,LPV,LMC563.04.7899,LPV,False
-2.7186274414445384,-0.5666549148565501,BINARY,LMC562.30.775,ECL,False
-2.2965652186506307,-0.8452045959860531,PULS,LMC562.22.89,RRLYR,False
43.40563899442627,-42.72842519633488,LPV,LMC562.05.9030,LPV,False
-2.2968810100962105,-0.8764500339635302,PULS,LMC563.12.1169,RRLYR,False
-1.5157549846184957,1.5835559854762706,LPV,LMC562.05.9010,LPV,False
-1.9219850374573832,1.393575739602004,LPV,LMC562.30.22,LPV,False
-3.1238333143645782,-1.6998684260226915,LPV,LMC563.29.6889,LPV,False
0.30496808139870213,2.614791173459926,LPV,LMC562.22.10986,LPV,False
-4.534914632500271,-1.9788080256993663,LPV,LMC563.21.15,LPV,False
4.753961712777068,8.8546247442105,LPV,LMC563.04.7881,LPV,False
-2.886010978331167,-0.42320027485090916,BINARY,LMC562.30.869,ECL,False
1.9739501135686108,5.732337231266435,LPV,LMC562.05.9043,LPV,False
-4.647270809712919,-2.1186865101479087,LPV,LMC563.29.6908,LPV,False
-2.554006281774991,-0.5941461257093918,LPV,LMC562.05.9022,LPV,False
-3.5213316507065358,-0.9497857305975459,LPV,LMC563.21.17,LPV,False
-2.9789190227531783,-0.31997670074961315,BINARY,LMC563.29.7942,ECL,False
6.444449208676757,10.89450427847859,LPV,LMC563.12.38,LPV,False
11.683118232981652,15.602149674491038,LPV,LMC562.13.29,LPV,False
-2.6644263005834774,-0.5689170971369172,BINARY,LMC562.22.1969,ECL,False
9.035603644718265,13.945993423494091,LPV,LMC562.30.35,LPV,False
-2.8420388441617868,-0.4546080136986955,BINARY,LMC562.22.14282,ECL,False
21.55242461438398,9.396105255172492,LPV,LMC562.13.11382,LPV,False
-0.8389726657309176,0.7641044508748982,LPV,LMC563.29.6986,LPV,False
6.362255406625626,-0.9946079981236411,LPV,LMC563.12.47,LPV,False
1.3905255266330947,5.311239400709253,LPV,LMC562.05.10,LPV,False
7.253069422765713,-9.604982004222531,LPV,LMC563.21.6970,LPV,False
-4.6244114778905905,-2.1320725909378737,BINARY,LMC562.22.744,ECL,False
-3.594130311016051,-2.101430480836265,LPV,LMC562.05.9017,LPV,False
-3.282138716264334,-1.9969280417129927,LPV,LMC562.13.39,LPV,False
-1.3597388082021196,1.661792355399424,LPV,LMC562.05.45,LPV,False
28.54162371403951,-9.693719064919032,LPV,LMC563.29.6890,LPV,False
-2.87965811536748,-0.36646949058874934,BINARY,LMC562.30.8865,ECL,False
-2.6790855251509886,-0.5257635574313885,BINARY,LMC562.30.519,ECL,False
-4.607866444694949,-2.1187426755136043,LPV,LMC562.30.55,LPV,False
27.415282700146463,-9.465203600092131,LPV,LMC562.13.82,LPV,False
-2.278957950432607,-0.8615268280956807,BINARY,LMC563.29.7341,ECL,False
12.390461412665815,17.70456426438326,LPV,LMC562.22.77,LPV,False
-2.656243238223865,-0.5619814091675176,BINARY,LMC562.22.424,ECL,False
-2.686614597209942,-0.5385581800023279,BINARY,LMC562.30.219,ECL,False
-4.375604834811935,-3.312480862631565,LPV,LMC562.13.17,LPV,False
-2.2942431236346903,-0.8698134468636607,PULS,LMC563.12.8883,DSCT,False
-2.61414340698594,-0.6046634674192634,PULS,LMC562.13.1659,RRLYR,False
-2.9488080592905006,-0.3425065873961445,BINARY,LMC563.21.3900,ECL,False
7.8130205240520825,13.767013595315026,LPV,LMC562.22.10972,LPV,False
0.525726097704903,4.368300899758786,LPV,LMC562.30.2,LPV,False
-4.623775730717652,-2.121666948768721,LPV,LMC563.04.7892,LPV,False
7.603853758591911,12.177699112924975,LPV,LMC563.12.7391,LPV,False
-3.876645135852675,-2.8312428584661973,LPV,LMC563.04.23,LPV,False
-1.1412443741049996,-1.8549026101431914,PULS,LMC562.22.1635,RRLYR,False
-2.7088021401795,-0.48966308511218226,BINARY,LMC562.05.102,ELL,False
-2.8217384726050634,-0.5395242612410434,BINARY,LMC563.21.3909,ECL,False
-2.70981213101712,-0.5916877907701764,BINARY,LMC563.21.434,ECL,False
-4.518206320260641,-1.7050401034563076,LPV,LMC562.22.10971,LPV,False
-3.004925223439529,-0.2736432129003856,BINARY,LMC562.30.9807,ECL,False
-2.979818337538408,-0.3514355932821698,BINARY,LMC562.13.13639,ECL,False
-3.8406336417739375,-2.7861881117166654,PULS,LMC563.21.7805,RRLYR,False
-2.2945280233934313,-0.8641524521950585,PULS,LMC563.04.8357,RRLYR,False
5.0020517445357875,9.149828086010604,LPV,LMC562.22.10970,LPV,False
-2.706484262719575,-0.490540537208195,BINARY,LMC563.29.7192,ELL,False
7.8573274139704194,12.631712644033295,LPV,LMC563.04.7926,LPV,False
7.186107569636902,11.819930031911891,LPV,LMC563.29.6878,LPV,False
-4.029219438934936,-2.893166624883322,LPV,LMC563.29.6881,LPV,False
-1.9659637339893266,1.0918080061129731,LPV,LMC562.05.60,LPV,False
-2.703864758873233,-0.4957528518767491,BINARY,LMC562.13.94,ECL,False
-0.22440403846826706,-2.6835903272483668,BINARY,LMC563.21.12514,ECL,False
12.471001554957535,-3.9046710408596903,LPV,LMC562.13.21,LPV,False
-2.6787540440425026,-0.5396241970233902,BINARY,LMC563.21.8437,ECL,False
8.187504232177798,13.221355090638806,LPV,LMC563.12.28,LPV,False
-2.2972639332341247,-0.855875531996541,PULS,LMC563.21.7947,RRLYR,False
4.489480945622094,-5.512943275370772,LPV,LMC562.13.23,LPV,False
-3.7823045544045053,-1.2499045231747452,LPV,LMC562.30.67,LPV,False
-2.3189243694367763,-0.8378059020591162,PULS,LMC563.12.996,RRLYR,False
1.5984909430152623,5.422301454353481,LPV,LMC562.22.11023,LPV,False
2.2470837258242833,6.411146515769314,LPV,LMC563.04.5,LPV,False
-2.3278105288416415,-0.8624980041049275,PULS,LMC563.29.760,RRLYR,False
-4.944792802165349,-2.420621110161029,BINARY,LMC562.22.116,ECL,False
-2.360487392087512,-0.8183667901235656,PULS,LMC563.04.9074,DSCT,False
-4.211403268958838,-1.6829811830514974,LPV,LMC563.21.12,LPV,False
3.999793834007681,7.959796237909378,LPV,LMC563.12.7427,LPV,False
-2.2925589047039088,-0.8784244626856876,PULS,LMC563.04.8711,RRLYR,False
-4.8806782477087935,-2.4500037453583112,LPV,LMC562.13.74,LPV,False
-1.76958679522148,-1.3875837602906227,BINARY,LMC563.29.7865,ELL,False
13.47535192501297,17.49491163466549,LPV,LMC562.05.65,LPV,False
0.19368955735419435,3.5882341868155647,LPV,LMC562.30.26,LPV,False
5.195686297530416,8.041380585241143,LPV,LMC563.21.43,LPV,False
-2.7271862059728216,-0.5290705070598682,BINARY,LMC562.05.11117,ECL,False
-4.072376186422252,-1.5238819468213456,LPV,LMC563.29.42,LPV,False
-3.2500144408980365,-0.3988070167784944,LPV,LMC563.04.7902,LPV,False
-2.9197457407373526,-0.3319677182959996,BINARY,LMC562.05.10478,ECL,False
-4.724883775090617,-2.3526484655805104,LPV,LMC563.12.43,LPV,False
10.83071986918019,0.08416709093216368,LPV,LMC562.13.11364,LPV,False
12.538549828512728,17.963914863116543,LPV,LMC562.30.28,LPV,False
6.489478616621354,10.893274847093908,LPV,LMC562.22.8,LPV,False
-2.7015191189090633,-0.521655089324099,BINARY,LMC562.30.10554,ECL,False
-1.0528563501159554,-1.9613800084139772,BINARY,LMC562.22.12903,ECL,False
-1.881921083252445,-1.209912942285877,PULS,LMC563.04.8914,RRLYR,False
-1.9060436002016259,-1.1894988478903188,PULS,LMC563.29.800,RRLYR,False
-2.874853051965444,-0.3604513072510712,BINARY,LMC563.21.1082,ECL,False
38.71069904042808,-37.913696029095995,LPV,LMC562.13.18,LPV,False
-2.755387084588119,-0.523329055112937,BINARY,LMC563.29.9027,ECL,False
7.784348525104806,12.717444492992405,LPV,LMC562.05.18,LPV,False
-2.7408846818889074,-0.5423075972277032,BINARY,LMC563.12.5938,ECL,False
-4.83148996692953,-2.41912239198568,LPV,LMC563.12.33,LPV,False
-2.6529224622554235,-0.6558325432930292,BINARY,LMC562.30.10627,ECL,False
-2.3403255638570255,-0.9410310530027854,BINARY,LMC563.12.3764,ECL,False
-2.179208908227803,-0.9779379784057904,BINARY,LMC563.04.2234,ECL,True
-2.6994352881584076,-0.5160546058739316,BINARY,LMC563.21.1096,ECL,False
-4.841340949732665,-2.4380091042270964,LPV,LMC562.13.5,LPV,False
13.939350599071709,19.422163964309608,LPV,LMC562.22.11006,LPV,False
14.136649864974292,19.808077060778707,LPV,LMC562.30.36,LPV,False
-2.8978799149934913,-0.3914963712219807,BINARY,LMC562.13.11917,ECL,False
-4.288063750508593,-1.7270342939243484,LPV,LMC562.30.17,LPV,False
-5.026019921191766,-2.595420714846827,LPV,LMC563.12.7412,LPV,False
-2.659306550559672,-0.5840298532093493,BINARY,LMC562.30.11021,ECL,False
-3.0002211203629314,-0.23451158816968737,BINARY,LMC562.22.167,ECL,False
-2.0094286229339637,-1.1072295073073501,PULS,LMC563.29.7867,RRLYR,False
6.944270323227111,11.211079151105714,LPV,LMC563.29.39,LPV,False
-2.3036181501626487,-0.8690597191541719,PULS,LMC563.29.12028,DSCT,False
-3.9178885101321113,-2.722868595668282,LPV,LMC563.12.7390,LPV,False
-2.6092959591303195,-0.6132041353784348,PULS,LMC562.13.1820,RRLYR,False
32.842483919010625,-34.5929121181921,LPV,LMC562.13.11388,LPV,False
-2.5252256371523205,-0.6662142557944399,PULS,LMC563.21.982,RRLYR,False
-2.2931362460199205,-0.8774251745307218,PULS,LMC562.05.1339,RRLYR,False
13.80827355558468,19.467357949339505,LPV,LMC563.04.7943,LPV,False
-2.647027995024141,-0.5817117742104344,BINARY,LMC563.29.1337,ECL,False
-2.604974487410557,-0.6199422837795913,PULS,LMC562.22.11870,RRLYR,False
-2.708570779540044,-0.5077470785291575,BINARY,LMC563.29.7884,ECL,False
-3.02277612270239,-0.25039798950603587,BINARY,LMC562.30.1443,ECL,False
-2.649647202751237,-0.5364872245515306,BINARY,LMC562.22.766,ECL,False
5.210809056032428,9.58450915256298,LPV,LMC562.13.2,LPV,False
0.9288783226954505,4.877677564148322,LPV,LMC563.12.7383,LPV,False
-1.7840762252705695,1.074139710637679,LPV,LMC563.21.6977,LPV,False
-5.52591489793654,-2.9513546435978277,LPV,LMC562.30.8857,LPV,False
8.775598206783812,11.987356729009749,LPV,LMC562.22.76,LPV,False
5.104425421867123,-1.3828492000478598,LPV,LMC563.21.6992,LPV,False
8.168792093457448,13.139958063889258,LPV,LMC562.22.86,LPV,False
-2.737357423623105,-0.5153820949042107,BINARY,LMC563.12.2017,ECL,False
-2.9168395087570085,-0.3149464864382061,BINARY,LMC562.05.10031,ECL,False
-2.5946010896690845,-0.6447638731914509,BINARY,LMC563.29.8011,ECL,False
-3.059851252882243,-0.2790095054136517,BINARY,LMC563.21.176,ECL,False
-4.049316232277085,-1.3647063762374851,LPV,LMC563.21.8,LPV,False
-2.739654146579364,-0.5007360956526643,BINARY,LMC562.22.12137,ECL,False
8.987858752178195,13.674230052915991,LPV,LMC562.13.11380,LPV,False
-3.7453530548114466,-0.5427737852176382,LPV,LMC562.13.11367,LPV,False
22.99540400188938,-26.45631281941161,LPV,LMC563.04.7910,LPV,False
-1.8627608248299183,1.0112231898202308,LPV,LMC563.04.7912,LPV,False
-3.1719271937583606,-2.014467134867627,LPV,LMC563.21.7003,LPV,False
-4.218815611027304,-3.079823904792404,LPV,LMC563.04.4,LPV,False
-4.467511145084359,-2.012651236132906,LPV,LMC563.12.42,LPV,False
-2.2880867735465626,-0.8834440090216789,PULS,LMC562.13.1608,RRLYR,False
-4.058750478241241,-2.9892127197772185,LPV,LMC562.13.11344,LPV,False
-2.5873624385070473,0.1875098359483689,LPV,LMC562.22.10995,LPV,False
-1.0056823333369818,2.0126544832662603,LPV,LMC562.13.6,LPV,False
-2.6166289269102077,-0.5878114833956717,PULS,LMC562.05.1390,RRLYR,False
-2.2913671859386566,-0.872906186237814,PULS,LMC562.13.416,RRLYR,False
-2.751339696303317,-0.5094703850890837,BINARY,LMC563.21.687,ELL,False
-1.6456149106426463,-1.449781826925551,PULS,LMC563.29.823,RRLYR,False
-4.856991293606337,-2.709369899939963,PULS,LMC563.21.27,DCEP,False
-4.325336264092655,-1.7982080117147297,LPV,LMC563.04.7885,LPV,False
-1.3594373973998728,-1.6698797961617622,PULS,LMC562.22.1685,RRLYR,False
-2.944711238087565,-0.3477922494505617,BINARY,LMC562.05.1152,ECL,False
3.26855530287761,7.054220836064487,LPV,LMC563.12.32,LPV,False
-2.966677033804843,-0.31211146460114325,PULS,LMC562.13.11358,DCEP,False
0.3830813415238996,3.6544657184079155,LPV,LMC562.22.22,LPV,False
-2.716414325658593,-0.5609149806210374,BINARY,LMC562.13.1475,ECL,False
0.6737387111084656,4.198530475418671,LPV,LMC563.04.7915,LPV,False
-2.4567168250239537,-0.7016965598056801,BINARY,LMC562.30.8868,ECL,False
3.141749195163986,7.05464041389994,LPV,LMC562.13.30,LPV,False
-4.474574829129528,-3.1828888356826086,LPV,LMC563.12.7382,LPV,False
-5.170810253149268,-2.749621367320467,LPV,LMC563.29.32,LPV,False
-2.7077777556469345,-0.49479898324252386,BINARY,LMC562.22.296,ECL,False
0.999565036220412,4.486139839807462,LPV,LMC563.21.6987,LPV,False
-1.8761532193572148,-0.11606534357110027,LPV,LMC563.04.39,LPV,False
-2.3048495741991317,-0.8687073362739055,PULS,LMC563.12.569,DSCT,False
-0.4122719324048467,-5.867863635442065,LPV,LMC563.29.6892,LPV,False
-2.325435539321324,-0.8449912557023245,PULS,LMC562.30.1235,RRLYR,False
-1.021241676248782,-1.9484802459468384,PULS,LMC562.30.1447,RRLYR,False
-2.3039828866507306,-0.8934369145436171,PULS,LMC562.05.10232,RRLYR,False
16.02295097472551,-11.947595826125895,LPV,LMC562.22.10976,LPV,False
-3.6988736982656216,-0.8115017806255224,LPV,LMC562.30.30,LPV,False
-2.9603996700184547,-0.6664352775556817,BINARY,LMC562.22.156,ECL,False
-2.783615453298117,-0.5355155581701101,BINARY,LMC562.30.11223,ECL,False
-0.2663031173452861,1.435089093211981,LPV,LMC562.13.11393,LPV,False
-2.6213751546649355,-1.24313552085921,LPV,LMC563.21.13,LPV,False
9.458908630653475,12.767932886357134,LPV,LMC563.04.14,LPV,False
-3.977585460916684,-1.0202787079138074,LPV,LMC562.13.11325,LPV,False
-4.8269480035097345,-2.4901278868364436,LPV,LMC562.30.37,LPV,False
1.545243401485327,5.139291494011946,LPV,LMC562.13.33,LPV,False
-2.3227487670125253,-0.8313670507320033,PULS,LMC562.22.1713,RRLYR,False
-1.1943763969949281,2.599074997747766,LPV,LMC562.22.36,LPV,False
9.758385410924568,14.678050391883357,LPV,LMC563.12.7401,LPV,False
-4.780582553695947,-2.4500166122325533,LPV,LMC563.29.26,LPV,False
3.8002086271578994,6.112400504754286,LPV,LMC562.13.11356,LPV,False
-4.836704492990519,-3.783827981616702,LPV,LMC562.05.9037,LPV,False
-1.2802212697181705,-1.7456534904714804,PULS,LMC562.05.10352,RRLYR,False
-2.3193037658717346,-0.8480802171016757,PULS,LMC562.13.12550,RRLYR,False
1.8460694220900002,5.596338879375273,LPV,LMC563.21.32,LPV,False
2.216425608649236,4.690150626955295,LPV,LMC562.05.20,LPV,False
2.779987735498249,7.021307672266105,LPV,LMC563.12.7398,LPV,False
-2.935071871661772,-0.39431194301908556,BINARY,LMC563.04.13052,ECL,False
-2.9171709387523928,-0.3621646241571794,BINARY,LMC562.30.9847,ECL,False
-4.834233179093507,-3.704154754822924,LPV,LMC563.29.23,LPV,False
-3.8304633168385998,-2.7870907784535577,PULS,LMC562.05.10480,RRLYR,False
-3.9500890626313465,-2.9397151070581344,LPV,LMC562.30.33,LPV,False
8.910924911769076,13.890053836078513,LPV,LMC562.30.46,LPV,False
-2.328586648964779,-0.8519820768427546,PULS,LMC563.12.9180,DSCT,False
-2.7448231082628114,-0.5017306848776283,PULS,LMC563.21.889,RRLYR,False
-2.6817214172353463,0.11839286894694157,LPV,LMC562.13.11360,LPV,False
0.4242545968462683,2.2558508624643787,LPV,LMC562.05.29,LPV,False
-3.6258867628756137,-0.8538197464348982,LPV,LMC563.21.7,LPV,False
-2.3477949094364075,-0.8125658540222955,BINARY,LMC562.05.9985,ECL,False
19.45301044620974,25.78099203349927,LPV,LMC562.05.9061,LPV,False
-0.7262799996062612,2.628825623787309,LPV,LMC562.22.66,LPV,False
-2.727492012823734,-0.5038666128245305,BINARY,LMC562.22.3127,ECL,False
-1.0778312523957194,-1.9146559388912754,PULS,LMC563.21.1081,RRLYR,False
11.833279801881382,15.620747207586145,LPV,LMC563.12.37,LPV,False
9.45638562976091,14.600888130671555,LPV,LMC562.05.51,LPV,False
-1.4356250706287235,2.0047770072022812,LPV,LMC563.29.6880,LPV,False
-3.701136980738248,-0.9393443460066322,LPV,LMC563.12.14,LPV,False
-2.6665263798231873,-0.5575542346961548,BINARY,LMC562.22.1760,ECL,False
-2.326751123109733,-0.846014676757501,PULS,LMC562.13.12690,RRLYR,False
-2.821365730975853,0.9825963770047907,LPV,LMC562.05.105,LPV,False
-2.891040822157394,-0.4197725664149638,BINARY,LMC562.30.5327,ECL,False
-2.7198339939142153,-0.5680779014022753,BINARY,LMC562.13.7218,ECL,False
-2.299940107243942,-0.8620780926890358,PULS,LMC563.12.994,RRLYR,False
-2.970943146607304,0.12181500470089934,LPV,LMC562.05.1,LPV,False
-3.7545263373391706,-2.7046623834936607,PULS,LMC562.22.37,DCEP,False
9.191994467060379,-4.216080214798133,LPV,LMC563.29.6894,LPV,False
-2.301917094170319,-0.8628035954439789,PULS,LMC563.29.7859,RRLYR,False
-4.8582129641546485,-2.425809933512772,LPV,LMC562.05.39,LPV,False
-2.9905872463580296,-0.2840507774369142,LPV,LMC562.13.8,LPV,False
-2.9960625824364104,-0.26011436432354246,BINARY,LMC562.22.495,ECL,False
-2.333673443030748,-0.838666614712643,PULS,LMC563.12.1192,RRLYR,False
-2.3321296307107113,0.9874938094610439,LPV,LMC562.22.34,LPV,False
-2.7698565883177344,-0.5222981414262868,BINARY,LMC562.22.368,ECL,False
9.400355527104733,14.220432883511272,LPV,LMC562.05.32,LPV,False
-3.602094080332564,-0.729579864345301,BINARY,LMC562.13.53,ELL,False
-2.3015036654643426,-0.8556065682596495,PULS,LMC562.22.48,DCEP,False
2.4388243041451956,-8.063719475644099,LPV,LMC563.21.16,LPV,False
-2.7044833204051573,-0.49116593254502694,BINARY,LMC562.22.11517,ELL,False
-2.54802508136535,0.2673988097657435,LPV,LMC562.05.9026,LPV,False
-2.705902881667644,-0.49612410340651414,BINARY,LMC562.22.216,ELL,False
-4.729590588952031,-2.2515739242778854,LPV,LMC562.13.24,LPV,False
-3.8803498517948283,-2.6728300229079904,LPV,LMC563.29.6873,LPV,False
7.170636743277487,11.794600717727,LPV,LMC563.12.46,LPV,False
36.75604867483762,-9.900771983690957,LPV,LMC563.04.7903,LPV,False
-2.3322880743384973,-0.6143756116108511,LPV,LMC563.21.6969,LPV,False
3.1489017205111676,7.07190935422734,LPV,LMC563.21.6972,LPV,False
-3.8917232648137086,-2.826076211977724,LPV,LMC562.05.9122,LPV,False
4.846715500940765,9.382386490582947,LPV,LMC562.05.19,LPV,False
-3.1031578815384697,-0.2931049853261064,BINARY,LMC562.05.2366,ECL,False
-2.886312247177713,-0.4292930423382935,BINARY,LMC562.22.8512,ECL,False
-4.136648043709258,-2.748820739872963,LPV,LMC562.13.11335,LPV,False
-2.8174511308488746,-0.41780645976252617,BINARY,LMC562.30.935,ECL,False
-2.6773032906564285,-0.5465988172988584,BINARY,LMC562.30.9114,ECL,False
-2.6823948548454535,-0.4723745309130497,BINARY,LMC562.05.12,ECL,False
-4.039045122221504,-2.6122143848917307,PULS,LMC563.21.878,RRLYR,False
-3.513647336016634,-2.3464761683170883,LPV,LMC562.22.10,LPV,False
-4.23841736596231,-1.651019492585732,LPV,LMC562.05.4,LPV,False
-2.697845498542926,-0.5266839901897198,BINARY,LMC562.22.1617,ECL,False
-4.867239182210542,-2.514105909813873,LPV,LMC563.04.22,LPV,False
-1.4759079067377543,0.639013233790225,LPV,LMC563.21.6,LPV,False
41.51213275013706,6.242398737777295,LPV,LMC562.30.50,LPV,False
0.7417713656121663,4.132182986326904,LPV,LMC563.12.34,LPV,False
-2.8945104834906417,-0.36857495345546887,BINARY,LMC563.12.1076,ECL,False
7.077840017944047,-0.71497644442734,LPV,LMC563.04.9,LPV,False
22.47305513680646,2.7826716166801164,LPV,LMC562.22.11026,LPV,False
7.927887099926907,-0.2931444114669679,LPV,LMC562.30.45,LPV,False
-2.7295568078539127,-0.4900333343671224,BINARY,LMC563.04.8617,ECL,False
-4.886321826574857,-2.3960672759724853,LPV,LMC562.13.79,LPV,False
-4.5266487771619115,-1.7930834448968103,LPV,LMC562.30.8867,LPV,False
-2.606130050755789,-0.6124562277929306,PULS,LMC562.05.973,RRLYR,False
-2.3508044284827196,-0.9021269191030513,BINARY,LMC562.13.11416,ECL,False
2.604940697713933,6.6026657695870465,LPV,LMC562.13.25,LPV,False
6.809387110752641,9.807107447065443,LPV,LMC562.30.24,LPV,False
-3.270775550978329,-0.24416693738285977,BINARY,LMC563.04.71,ELL,False
-4.852637263935129,-2.4182320594628863,LPV,LMC563.04.7914,LPV,False
-2.2936085348865305,-0.8592527357048265,PULS,LMC563.21.7638,RRLYR,False
0.013116975414978693,3.839780570721871,LPV,LMC563.12.4,LPV,False
-0.17951989866302887,3.0207475925708946,LPV,LMC563.12.31,LPV,False
-2.9042450366632364,-0.33260819486642584,BINARY,LMC562.13.11652,ECL,False
-2.3075161837019436,-0.8432631705396338,PULS,LMC562.22.12394,DSCT,False
-3.4906164967496895,-2.2821688050567577,LPV,LMC563.12.3,LPV,False
-2.3010849509542846,-0.8823990882832622,PULS,LMC562.30.1223,RRLYR,False
4.730333119125534,7.401426096959771,LPV,LMC562.30.8854,LPV,False
-2.8772367215299495,-0.3187333204381519,PULS,LMC563.04.13,DCEP,True
-2.7381417793055842,-0.4629617843587905,BINARY,LMC562.05.360,ECL,False
-2.285769840252785,-0.8654349429372061,PULS,LMC563.04.1161,RRLYR,False
-0.6721206095163095,2.7855301460506237,LPV,LMC563.12.7392,LPV,False
-2.3245017246292683,-0.8429363632156464,PULS,LMC562.05.10306,RRLYR,False
-3.613077859633726,-2.474390165444129,LPV,LMC562.05.9033,LPV,False
-1.263679740936378,-1.7732008205813548,PULS,LMC562.05.455,RRLYR,False
-0.6358425445351177,2.4077835495667737,LPV,LMC562.22.10968,LPV,False
-2.6443814486935637,-0.5452610168579972,PULS,LMC562.22.12262,RRLYR,True
-2.733661285786069,-0.4879286862731676,PULS,LMC563.04.931,RRLYR,False
-2.304897685020691,-0.8314816885243381,PULS,LMC563.04.1139,RRLYR,False
-2.3046801038288125,-0.9053965375794855,BINARY,LMC562.13.3323,ECL,False
-2.752828223663032,-0.4753288890600874,PULS,LMC562.05.81,DCEP,False
2.4924381091412586,6.064684088761682,LPV,LMC562.05.9045,LPV,False
0.8722158230421044,4.5363132748032395,LPV,LMC562.13.15,LPV,False
-4.618667730011117,-2.133721454280429,LPV,LMC562.30.8851,LPV,False
3.3365657910423483,7.009948569090955,LPV,LMC562.22.11002,LPV,False
-1.2159330375846813,1.8131320610093498,LPV,LMC562.05.9035,LPV,False
-3.7022108659792528,-1.1713832142745133,LPV,LMC563.28.2,LPV,False
-4.854405257662998,-2.4395679115533535,LPV,LMC563.28.23,LPV,False
-2.7452077921684377,-0.48688348158670397,PULS,LMC562.30.1095,RRLYR,False
2.67527888731985,-7.810288311505804,LPV,LMC563.20.13,LPV,False
-2.298005222575276,-0.8936945291307284,PULS,LMC563.28.7718,RRLYR,False
-1.604348984965541,-1.4451770514788804,BINARY,LMC563.20.7016,ECL,False
2.407377820434551,-3.3817421187640164,LPV,LMC563.11.7173,LPV,False
12.058346634744176,17.476364707746022,LPV,LMC563.03.40,LPV,False
-4.114600382633353,-1.6488558357967174,LPV,LMC563.28.17,LPV,False
3.9348483582600124,8.306419999504467,LPV,LMC563.11.12,LPV,False
-3.82549140653321,-2.7902652139428286,PULS,LMC563.20.7190,RRLYR,False
-2.8729067734211378,-0.36974553482301137,BINARY,LMC563.20.7231,ECL,False
-1.8169515662026017,1.5515659721254484,LPV,LMC563.28.7060,LPV,False
6.923692325951495,-0.21730844307453656,LPV,LMC563.11.16,LPV,False
-2.8498593968464925,-0.5106183737710588,BINARY,LMC563.28.1811,ECL,False
-3.0104277756582363,-0.28961077875823205,PULS,LMC562.04.66,DCEP,False
-2.8673886190255486,-0.4017677953248939,BINARY,LMC563.20.1877,ECL,False
-2.663617387033628,-0.5436395694159306,BINARY,LMC563.11.8244,ECL,False
-2.6919208184367434,-1.0624312579936763,LPV,LMC563.28.7061,LPV,False
1.4739035238153644,4.997425964899946,LPV,LMC563.20.6554,LPV,False
6.32274528415016,9.26280245803186,LPV,LMC563.20.6551,LPV,False
2.170360646377828,5.7554016982101155,LPV,LMC562.21.9145,LPV,False
-2.194144802526429,-0.8199720023988603,LPV,LMC563.11.40,LPV,False
-0.9015373865100771,-2.044602695665928,PULS,LMC563.28.967,RRLYR,False
17.578370333103557,-1.5332857750944198,LPV,LMC562.12.10134,LPV,False
-3.0549370075960134,-0.26016801996528177,BINARY,LMC562.04.374,ECL,False
9.545959808083332,14.678307727214063,LPV,LMC562.29.25,LPV,False
-2.3169166269503574,-0.87178986847403,PULS,LMC563.28.995,RRLYR,False
-2.6982646163976325,-0.6543581505643788,BINARY,LMC563.11.7429,ECL,False
-4.702869631204412,-2.3356138471494887,LPV,LMC563.20.6561,LPV,False
-2.8636608223447655,-0.3881153187384457,BINARY,LMC563.28.1744,ECL,False
-2.959125967298168,-0.34070266279367434,BINARY,LMC563.03.8994,ECL,False
-2.304034262106711,-0.8771491967682075,PULS,LMC562.12.86,DCEP,False
11.314927413305782,6.806154176465539,LPV,LMC562.21.44,LPV,False
-2.919776537060995,-0.32928732921001225,BINARY,LMC563.20.465,ECL,False
-2.905226443206107,-0.32944030230040844,BINARY,LMC563.28.7639,ECL,False
-3.0787688957073844,-0.22814677985654358,BINARY,LMC563.11.1113,ECL,False
-2.230897984497627,-0.9206529909457228,PULS,LMC563.28.8573,DSCT,False
-1.2091443419770738,2.150512298665447,LPV,LMC563.11.7172,LPV,False
-4.749514009232931,-2.237698564571163,LPV,LMC563.03.7871,LPV,False
-4.031612459992485,-2.6206125740589705,PULS,LMC562.04.11682,RRLYR,False
-2.2625023680534504,-0.9015886170083922,BINARY,LMC563.28.7478,ECL,False
-2.697904794604887,-0.519229484782639,BINARY,LMC562.04.11594,ECL,False
-2.3077308182862155,-0.8792994681633632,PULS,LMC563.28.7096,DCEP,False
-2.304654157855338,-0.8671345248390643,PULS,LMC562.29.9882,RRLYR,False
-4.643828863073365,-1.7962988570774785,LPV,LMC562.12.13,LPV,False
-3.0557656673386626,-0.26848221862858734,LPV,LMC563.28.47,LPV,False
24.856940952142665,-1.1535461651984311,LPV,LMC562.12.7,LPV,False
-2.705144331339219,-0.500419327662613,BINARY,LMC562.21.9733,ECL,False
-4.781543173776635,-2.3707729299444518,LPV,LMC562.29.8892,LPV,False
-4.402082591407183,-1.9246763894339678,LPV,LMC562.21.9172,LPV,False
-2.696016187104017,-0.5330049789200421,BINARY,LMC562.21.10222,ECL,False
-2.300436287161559,-0.855310060887859,PULS,LMC562.21.10078,RRLYR,False
1.1395429652390514,4.984337148105632,LPV,LMC562.04.10063,LPV,False
4.5045550663518465,-3.2391173960063453,LPV,LMC563.03.22,LPV,False
-0.3642278728225228,3.378897573890522,LPV,LMC563.28.7069,LPV,False
-2.2904418918748344,-0.8898046523500981,PULS,LMC562.04.11143,RRLYR,False
-4.828321203938978,-2.0574538492315297,LPV,LMC563.11.17,LPV,False
-4.758372632858393,-2.200549653851409,LPV,LMC562.12.10093,LPV,False
-4.398119874254343,-1.881989929178866,LPV,LMC563.03.7874,LPV,False
-4.149104368099296,-3.1722974071484122,LPV,LMC562.12.79,LPV,False
-2.9650661331450188,-1.1942041990590773,LPV,LMC562.04.330,LPV,False
-4.05146224751904,-3.0280025854683386,LPV,LMC562.29.7,LPV,False
34.23100941025816,-34.353244556365766,LPV,LMC562.29.9,LPV,False
3.283500314497587,7.074189135240697,LPV,LMC563.28.7081,LPV,False
5.109224286579307,9.323344629339696,LPV,LMC563.20.6563,LPV,False
-2.7811384795300205,-1.1085123673164419,LPV,LMC562.04.10069,LPV,False
-2.6289570708480934,-0.5811117988393755,PULS,LMC562.04.1524,RRLYR,False
-2.3116062507150943,-0.8795003240367874,PULS,LMC562.21.9201,DCEP,False
-2.316289713803099,-0.8359091923043521,PULS,LMC562.12.1904,DSCT,False
-3.9985036084936803,-2.926297032221349,LPV,LMC563.28.21,LPV,False
15.63876370797237,-19.973348991432506,LPV,LMC563.20.6535,LPV,False
-3.105149543636767,-0.25186282368424184,BINARY,LMC562.12.16675,ECL,False
-2.9651437833955616,-1.726711771665255,LPV,LMC563.20.23,LPV,False
-2.714970253323806,-0.5700233268002417,BINARY,LMC562.29.15142,ECL,False
4.489373168262296,8.55485456041776,LPV,LMC563.28.54,LPV,False
-2.2962402405618825,-0.883856943466823,PULS,LMC562.04.1010,RRLYR,False
-3.4444374519858325,-2.2415974692666314,LPV,LMC563.28.7063,LPV,False
7.450154044329605,12.136456546842282,LPV,LMC562.04.18,LPV,False
48.7049553298181,-43.157527089940196,LPV,LMC563.28.77,LPV,False
19.024623734629948,25.567559123962578,LPV,LMC562.12.10142,LPV,False
-4.322650365830106,-1.7891079063822555,LPV,LMC563.28.7062,LPV,False
-2.3122323047069604,-0.8754345668303111,PULS,LMC563.11.7894,RRLYR,False
10.858096554716461,-1.2756731104464305,LPV,LMC563.03.18,LPV,False
-3.6444289437629678,-2.5541326121289263,LPV,LMC562.21.9196,LPV,False
-1.8787227781439342,-1.2195738532127587,PULS,LMC562.04.1672,RRLYR,False
-1.048333770330796,0.46445342349737817,LPV,LMC562.04.10104,LPV,False
-2.2109825084162273,-0.913999834587996,PULS,LMC562.04.2642,DSCT,False
-2.893316030971244,-0.3516886999019744,BINARY,LMC562.29.919,ECL,False
-0.4698146967157011,2.9555682374613763,LPV,LMC562.12.29,LPV,False
4.203507336712479,8.092144813282616,LPV,LMC563.11.31,LPV,False
-0.44846215395465583,3.285847321178994,LPV,LMC562.04.50,LPV,False
-2.991069697218084,-0.35168760071304406,BINARY,LMC562.04.2498,ECL,False
12.931425315809818,-1.9237856615882567,LPV,LMC562.04.10062,LPV,False
-2.868084642655555,-0.21729752439661548,LPV,LMC562.04.30,LPV,False
-3.5932541524708426,-2.434904344341044,LPV,LMC563.20.14,LPV,False
-2.3034586541365094,-0.8557568758787002,PULS,LMC562.04.11486,RRLYR,False
-3.5757156317431065,-0.4382766095726595,LPV,LMC562.21.9153,LPV,False
-2.8738744702946644,-0.36614127427820903,BINARY,LMC562.04.10371,ECL,False
-2.7416325392720484,-0.4848839665916117,BINARY,LMC562.29.763,ELL,False
5.622481826267706,10.072323992097848,LPV,LMC563.20.35,LPV,False
-1.2893466846363812,1.070503145790318,LPV,LMC562.12.1,LPV,False
-2.6708797090623313,-0.5759481115506797,BINARY,LMC562.12.441,ECL,False
-2.883200066940956,-0.35144895951136224,BINARY,LMC562.29.9107,ECL,False
3.3279310056928653,5.754754366911639,LPV,LMC562.12.9,LPV,False
-3.8109127493565547,-2.7470696338431795,LPV,LMC562.12.54,LPV,False
1.3613863844819072,5.426902000730501,LPV,LMC562.04.24,LPV,False
2.5843065599155466,-1.924037226909604,LPV,LMC563.03.7855,LPV,False
24.018132782975545,3.2536079320144635,LPV,LMC562.04.45,LPV,False
-4.5709040701594486,-2.863763290927664,PULS,LMC562.12.121,DCEP,False
-2.28585094454979,-0.8813200670402077,PULS,LMC563.28.7818,RRLYR,False
-1.6177278523997791,-1.425465096290434,BINARY,LMC562.04.10302,ECL,False
-2.3191944619441047,-0.8509718381806701,PULS,LMC563.03.3734,DSCT,False
-2.9335824306974314,-0.35068243844714964,BINARY,LMC562.21.9599,ECL,False
-3.9802730569050713,-2.9345461680048155,LPV,LMC562.21.9200,LPV,False
8.965736077302822,-12.57087379434492,LPV,LMC563.03.12,LPV,False
-3.488668708505538,-2.318486408130064,LPV,LMC563.03.44,LPV,False
-2.8238642765477797,-0.5497974857239695,BINARY,LMC562.29.12352,ECL,False
-2.706433534663787,-0.49472454943656435,BINARY,LMC563.03.365,ECL,False
7.031495155871048,11.426656339680186,LPV,LMC562.04.62,LPV,False
-2.687894680534094,-0.5717437996430413,BINARY,LMC562.21.11267,ECL,False
-4.619889410826683,-2.040965004413816,LPV,LMC563.20.10,LPV,False
16.085431001828724,2.0058671279226967,LPV,LMC563.03.34,LPV,False
4.015176968030895,8.007543325052593,LPV,LMC562.12.10100,LPV,False
-2.733990724895339,-0.5075875155712245,BINARY,LMC563.20.117,ECL,False
-5.518714445655511,-3.02407739413347,LPV,LMC563.28.7086,LPV,False
-4.09852207590192,-3.049102004997451,LPV,LMC563.03.45,LPV,False
-4.18716787776243,-3.1936593538427944,PULS,LMC563.28.7686,DCEP,False
7.514176282096389,12.26390607413382,LPV,LMC562.29.3,LPV,False
-1.2716070176356513,1.9510788112296924,LPV,LMC562.04.3,LPV,False
-2.2591184406141176,-0.8699598332846091,BINARY,LMC562.12.10343,ECL,False
-2.9611593248065886,-0.3168337931275592,BINARY,LMC563.11.1343,ECL,False
6.146409312632877,10.632625021176215,LPV,LMC563.11.7206,LPV,False
5.208932894157061,9.404980604708124,LPV,LMC563.03.65,LPV,False
-2.8959144619428208,-0.3693099892632179,BINARY,LMC562.04.890,ECL,False
6.24962701188159,10.660476338928508,LPV,LMC562.21.9173,LPV,False
-4.786925349853282,-2.3496835034427295,LPV,LMC563.03.48,LPV,False
-3.766760830611469,-1.186526400544555,LPV,LMC563.28.33,LPV,False
4.139193395419177,8.056282362947417,LPV,LMC563.28.58,LPV,False
-4.886346227739118,-2.45841957976654,LPV,LMC563.20.6552,LPV,False
-2.4804418613880945,-0.7942691752386518,BINARY,LMC563.03.13194,ECL,False
-2.7680562287821213,-0.45066199053578204,BINARY,LMC563.11.15,ECL,False
-4.227106088789878,-1.6648105643154085,LPV,LMC562.29.8893,LPV,False
-2.282301305300083,-0.8811643427927138,PULS,LMC563.28.1040,RRLYR,False
-2.740496987579078,-0.43284683817343084,BINARY,LMC563.11.374,ECL,False
-4.5614416047713,-2.1116250677558126,LPV,LMC563.28.7075,LPV,False
-4.600941258164274,-1.669720071840622,LPV,LMC562.21.9155,LPV,False
-0.41249927995239055,-2.456242554677699,PULS,LMC562.12.1029,RRLYR,False
-2.721169627119416,-0.4975693603009668,BINARY,LMC562.04.450,ECL,False
-2.7138803780688137,-0.5815348700182732,BINARY,LMC562.04.15016,ECL,False
-2.715587623250194,-0.4984157099348759,BINARY,LMC562.21.9397,ELL,False
7.303261515767072,-10.79627666108909,LPV,LMC562.12.32,LPV,False
-3.0538365116605566,-0.3642419426944361,BINARY,LMC562.12.12816,ECL,False
-4.027531094369081,-2.9961239150896803,LPV,LMC563.28.74,LPV,False
-2.702729157620853,-0.506848865185081,BINARY,LMC562.29.97,ECL,False
-4.500357459415639,-1.6380323976597835,LPV,LMC563.03.7845,LPV,False
6.636080516796507,11.400662421315138,LPV,LMC562.04.23,LPV,False
-2.030644712634727,-1.0818874535333376,PULS,LMC562.12.1474,RRLYR,False
-2.927492681807976,-0.353601898628918,PULS,LMC562.21.52,DCEP,False
-2.326180643583737,-0.8444858519754029,PULS,LMC562.12.2082,DSCT,False
-4.517336644739331,-2.031433397508536,LPV,LMC562.29.8926,LPV,False
-2.9440635676987283,-0.30372179491422246,BINARY,LMC563.03.881,ECL,False
-0.33773275284377524,-2.538375469561127,PULS,LMC563.11.762,RRLYR,False
-2.2979743555600387,-0.8781346205506948,PULS,LMC562.04.1064,RRLYR,False
-2.7092191658829847,-0.568950140229414,BINARY,LMC563.03.2066,ECL,False
-2.9328773199945997,-0.31326421345115874,BINARY,LMC563.11.956,ECL,False
-3.8292713232775553,-0.8875541442809309,LPV,LMC562.04.10095,LPV,False
-2.9659861821114,-0.27262179624673466,PULS,LMC562.12.10106,DCEP,False
-2.8559919251413146,-0.3869528879511468,BINARY,LMC563.28.7716,ECL,False
12.857534943814493,1.3099218180443972,LPV,LMC562.21.28,LPV,False
7.7736287099354096,12.48987594905547,LPV,LMC562.04.10102,LPV,False
29.13307856638658,-30.255279947318073,LPV,LMC563.11.7198,LPV,False
-2.5666823546797812,0.19615317406312127,LPV,LMC563.28.36,LPV,False
-2.2916631228897413,-0.8979452567027579,PULS,LMC562.29.9807,RRLYR,False
-2.312914417000797,-0.8663277298678929,PULS,LMC562.12.1035,RRLYR,False
-2.8854658580023793,-0.4123617503369419,BINARY,LMC563.28.9225,ECL,False
-2.4497151217939654,-0.7362446972098561,BINARY,LMC562.04.748,ECL,False
-2.702493313389139,-0.4815045371753116,BINARY,LMC563.28.166,ELL,False
-3.654699166140312,-0.5095197339147628,LPV,LMC563.03.26,LPV,False
0.43406058513944856,-3.233749341055912,BINARY,LMC563.03.11721,ECL,False
26.599663657785705,-27.172077218139645,LPV,LMC562.04.20,LPV,False
-2.689672608167827,-0.5497453609305848,BINARY,LMC562.12.2175,ECL,False
-2.7407807878838764,-0.5016712223627608,BINARY,LMC562.21.10167,ECL,False
-2.7033267032957,-0.5465661154501171,BINARY,LMC562.21.10982,ECL,False
-5.056470703966653,-2.5913624145183416,LPV,LMC563.20.6537,LPV,False
-3.4322915603325668,-0.35685533348515275,LPV,LMC562.29.31,LPV,False
50.819079346562766,-15.309217235569932,LPV,LMC563.03.41,LPV,False
-1.89893486481331,1.1340747079581146,LPV,LMC562.12.10,LPV,False
16.018433965451248,21.857026866655673,LPV,LMC563.03.32,LPV,False
-2.6278703861598074,-0.5818474482437304,BINARY,LMC562.21.915,ECL,False
-2.7250680293261667,-0.5551446683052078,BINARY,LMC562.29.2570,ECL,False
-2.8506196762060596,-0.38708712916997595,BINARY,LMC562.29.9886,ECL,False
-2.6227080664471942,-0.591879558198804,BINARY,LMC563.03.1300,ECL,False
-4.019489370452266,-1.3356841939205901,LPV,LMC563.03.7853,LPV,False
15.534751991098311,2.830894108347743,LPV,LMC563.28.30,LPV,False
-2.685754579282575,-0.5384604804359189,BINARY,LMC563.03.1961,ECL,False
-2.920523033121342,-0.3294168641217569,BINARY,LMC562.21.1399,ECL,False
-3.0593938966885856,-0.33220614602162574,BINARY,LMC562.12.2947,ECL,False
0.2685115227500736,3.4551885782395164,LPV,LMC563.28.7082,LPV,False
8.752796935653837,13.625853084547755,LPV,LMC562.21.42,LPV,False
-2.671723431893254,-0.5940945997527067,BINARY,LMC562.12.11748,ECL,False
2.473783037783913,4.6434135186376775,LPV,LMC563.28.43,LPV,False
-2.3916818199994174,-0.7884892138865568,PULS,LMC562.04.13056,DSCT,False
-2.186370221332187,-0.7762257835239785,LPV,LMC563.11.7204,LPV,False
18.983070049496437,25.2705561459192,LPV,LMC562.04.103,LPV,False
1.7283565788666575,5.195593059995408,LPV,LMC563.20.6570,LPV,False
4.5972966950954435,8.03976128674338,LPV,LMC563.03.28,LPV,False
-3.0101592920425757,-0.12252609298086115,LPV,LMC562.29.41,LPV,False
7.636885917750804,-9.405948636021972,BINARY,LMC562.21.12127,ECL,False
0.24682255601257452,-3.858102115077936,LPV,LMC563.28.34,LPV,False
3.8638884451022104,8.026412535279317,LPV,LMC562.29.8897,LPV,False
-0.5896759369199747,-2.354106516866369,BINARY,LMC563.03.11553,ECL,False
-2.9019707065718263,-0.3680276790837894,BINARY,LMC562.04.3084,ECL,False
-3.421640688921754,-0.7058618659036902,LPV,LMC563.28.29,LPV,False
-4.2737252806203845,-1.8327784110037577,LPV,LMC563.28.71,LPV,False
-2.305864276734984,-0.8463406127764976,PULS,LMC563.20.38,DCEP,False
-2.972408371526427,-0.30427994979756545,PULS,LMC562.04.43,DCEP,False
-3.512321835405605,-0.578980549339828,LPV,LMC562.21.5,LPV,False
-2.878750310914015,-0.5957839468312921,BINARY,LMC563.11.76,ECL,False
-3.3132487138162574,-0.3064464007986456,BINARY,LMC562.29.50,ECL,False
-2.9884533064036036,-0.30422911823619647,BINARY,LMC562.12.1501,ECL,False
15.086288669367853,0.6506714836075085,LPV,LMC563.20.6579,LPV,False
-2.738299057311268,-0.5159589974983819,BINARY,LMC562.21.14839,ECL,False
-2.5869260365864943,-0.6425948796995311,PULS,LMC562.04.11455,RRLYR,False
-0.8388749521582808,2.8896843518578015,LPV,LMC562.12.10090,LPV,False
-2.7020746507821274,-0.6110084612477841,BINARY,LMC562.04.693,ECL,False
39.01996966812834,-38.055313924689095,LPV,LMC563.28.53,LPV,False
-0.7750569496025175,-2.161632686468354,PULS,LMC562.21.1281,RRLYR,False
1.0480828002693987,4.801865872791227,LPV,LMC563.20.19,LPV,False
-2.7395632959304748,-0.5345346503983857,BINARY,LMC562.21.15031,ECL,False
5.808785386426842,8.524401898355254,LPV,LMC563.11.21,LPV,False
-3.0605890724121823,-0.24482255317241952,BINARY,LMC563.11.7766,ECL,False
-0.4582727275073921,2.736502342249027,LPV,LMC563.28.14,LPV,False
-4.327457021120566,-3.046077582559654,LPV,LMC563.28.27,LPV,False
-2.6386749279356665,-0.575633407745412,PULS,LMC563.20.754,RRLYR,False
9.885005932419507,0.7358535687587839,LPV,LMC562.29.49,LPV,False
-2.716172717064113,-0.4968905584910651,BINARY,LMC563.03.791,ECL,False
-3.8240461367859178,-2.794371917298256,PULS,LMC563.03.735,RRLYR,False
11.07644068873844,-14.400698620035497,LPV,LMC562.21.9152,LPV,False
-2.3315474501320943,-0.8606324271965862,PULS,LMC562.29.14584,DSCT,False
-4.78984698663498,-2.3009858297081327,LPV,LMC562.21.19,LPV,False
-2.290186886316146,-0.8842319078044363,PULS,LMC563.28.723,RRLYR,False
-3.685389817720236,-1.1555834689540654,LPV,LMC563.11.7185,LPV,False
-0.8851088812334036,2.332663376860779,LPV,LMC563.11.6,LPV,False
-2.7602898855898568,-0.5031101855049616,BINARY,LMC563.11.8949,ECL,False
-2.2933914547477317,-0.8862485171814192,PULS,LMC563.11.8084,RRLYR,False
10.33239564603004,15.520072795261715,LPV,LMC562.04.10084,LPV,False
-3.264629201322692,-0.27439906969861555,BINARY,LMC563.28.99,ELL,False
-3.0869012086844063,-0.3102404496944622,BINARY,LMC563.11.8307,ECL,False
-2.7509717012103554,-0.5515448901616112,BINARY,LMC563.28.11481,ECL,False
-0.7019740733316169,-0.18082830150834,LPV,LMC562.21.8,LPV,False
-3.0212970279441356,-0.3517229995933955,BINARY,LMC562.29.2916,ECL,False
-4.758625859068378,-2.2464076299118183,LPV,LMC562.04.65,LPV,False
-0.7146211698168379,2.6657173704999026,LPV,LMC562.21.23,LPV,False
-2.898862221885766,-0.3536776376975788,BINARY,LMC562.21.212,ECL,False
-4.8709480252651804,-2.39855292848743,LPV,LMC563.28.7055,LPV,False
-2.388938078022388,-0.7831841497306207,PULS,LMC562.04.12196,DSCT,False
-4.703995331476927,-1.810038876581152,LPV,LMC562.04.22,LPV,False
11.449378787350238,15.349244416647004,LPV,LMC562.21.11,LPV,False
-1.5544894662945958,0.26991141123933615,LPV,LMC562.21.16,LPV,False
-2.7160851050030965,-0.521405615745225,BINARY,LMC563.11.8216,ECL,False
-2.684775502977679,-0.5927184252174335,BINARY,LMC562.29.2983,ECL,False
-2.655870067159767,-0.5559938583564958,BINARY,LMC562.29.1402,ECL,False
-2.9734773945761623,-0.022255722084289165,LPV,LMC563.20.6548,LPV,False
-4.34125614648142,-1.768028353284914,LPV,LMC562.29.8912,LPV,False
3.758312662739403,7.655583143855191,LPV,LMC563.03.7866,LPV,False
-2.8460509194302084,-0.3847167585271433,BINARY,LMC563.20.661,ECL,False
-2.3110753799044934,-0.8570919774431103,PULS,LMC563.20.8134,DSCT,False
-1.1150977466810723,-1.8793203992398158,PULS,LMC563.03.8633,RRLYR,False
10.543524961622154,15.77799517788512,LPV,LMC563.03.7862,LPV,False
13.560133366046632,19.25898610921506,LPV,LMC563.28.52,LPV,False
-2.8585242197529945,-0.5827921628181096,BINARY,LMC563.28.64,ELL,False
-4.8530029008971445,-3.8143530644292563,LPV,LMC563.11.7197,LPV,False
-2.625051933795848,-0.5700692507089206,PULS,LMC562.12.1315,RRLYR,False
-4.056662226506996,-3.0250672874459656,LPV,LMC563.28.63,LPV,False
-2.312674863204621,-0.8636330706563631,PULS,LMC562.21.9372,RRLYR,False
0.3114962980877034,4.003131005897194,LPV,LMC562.04.10050,LPV,False
-2.306705716631594,-0.8894687677246254,PULS,LMC563.28.1037,RRLYR,False
-2.7771276267709313,-0.5307108003772922,BINARY,LMC562.21.11590,ECL,False
-3.3315504113567638,-0.3052428413788183,BINARY,LMC563.11.116,ELL,False
-4.363591696665396,-1.873545457365258,LPV,LMC562.04.10067,LPV,False
0.9481895323317979,3.2687622924187227,LPV,LMC563.20.18,LPV,False
-1.8234572824841133,-4.504318589615689,PULS,LMC563.11.996,RRLYR,False
-1.0018483432118448,-1.9564054814037701,PULS,LMC562.21.263,RRLYR,False
1.7877998298758273,-4.3735550680295185,BINARY,LMC562.21.10152,ECL,False
-3.1263547459898935,-1.9025707125647098,LPV,LMC562.12.10135,LPV,False
-3.0254236582032674,-0.2861248163526219,BINARY,LMC563.28.445,ECL,False
-2.5111555274905952,-0.6873379623271456,BINARY,LMC562.12.11355,ECL,False
30.755135279852347,4.368462409425376,LPV,LMC563.03.7861,LPV,False
-3.011267778939253,-0.28595030077840977,BINARY,LMC563.11.8182,ECL,False
-0.8817318805246697,2.0905455882195243,LPV,LMC562.29.52,LPV,False
-2.8581904265848377,-0.42440733652430274,BINARY,LMC563.20.8875,ECL,False
0.680783670148914,3.986969629038014,LPV,LMC562.29.59,LPV,False
-2.9393327678735774,-0.3687986786030529,BINARY,LMC563.03.9173,ECL,False
-2.850615615676312,-0.4564003122007718,BINARY,LMC562.21.13842,ECL,False
-2.5588163525893126,0.3797516179420176,LPV,LMC563.28.22,LPV,False
4.738078264513439,9.077324444958212,LPV,LMC562.21.45,LPV,False
-2.571777981671208,-0.6320950471237485,BINARY,LMC563.28.1083,ECL,False
-2.310740874657663,-0.8865542259022319,PULS,LMC563.28.7456,RRLYR,False
-2.3325216750883437,-0.8471224822426078,PULS,LMC562.29.10600,DSCT,False
-1.048313883136549,2.257802403667746,LPV,LMC563.28.7056,LPV,False
-2.2857629232582717,-0.881091942506662,PULS,LMC563.28.7986,RRLYR,False
-2.8301495187276537,-0.432711254344786,BINARY,LMC563.20.2046,ECL,False
-3.543425232631783,-0.08631105600806549,LPV,LMC562.12.2,LPV,False
-2.3166823531253615,-0.8520642645298709,PULS,LMC562.21.1012,RRLYR,False
-2.3094117643650423,-0.822778919900137,PULS,LMC562.04.10096,DCEP,False
-2.2869958746040804,-0.8861198769684719,PULS,LMC562.12.1110,RRLYR,False
-3.85446384146661,-2.7439768208757256,LPV,LMC563.20.29,LPV,False
-4.8141214279872,-2.299598489944861,LPV,LMC562.12.10084,LPV,False
-2.940951528642356,-0.2955381412552327,BINARY,LMC562.12.181,ECL,False
-4.915816225082029,-2.5162062631219504,LPV,LMC562.04.55,LPV,False
1.4980092390232356,5.637971656090422,LPV,LMC562.29.8887,LPV,False
-1.4417898988017168,0.10359026837404317,LPV,LMC563.20.33,LPV,False
-4.088013508756858,-1.4078935476534276,LPV,LMC563.20.6539,LPV,False
-2.518851855197135,-0.5780536117594932,LPV,LMC562.21.15,LPV,False
-2.6709800875697276,-0.5446336246011915,BINARY,LMC562.04.1396,ECL,False
8.352701972926628,11.652324445394571,LPV,LMC563.11.7187,LPV,False
-2.737568443052172,-0.5694558277812114,BINARY,LMC562.29.7184,ECL,False
-2.32223650067814,-0.8323368136311329,PULS,LMC563.20.776,RRLYR,False
-5.543229031166327,-2.7839397295673596,LPV,LMC562.04.10087,LPV,False
-4.043109748389568,-2.610616551908085,PULS,LMC563.20.7197,RRLYR,False
0.5024766317971472,3.976248281984895,LPV,LMC563.20.6555,LPV,False
-4.0159772734109165,-1.5282701664869152,LPV,LMC562.12.10024,LPV,False
-2.6131601161421036,-0.6170351132028464,PULS,LMC562.04.1614,RRLYR,False
15.555060280823838,19.970691071751332,LPV,LMC563.11.32,LPV,False
-2.3215713086488643,-0.855343333920256,PULS,LMC563.20.9132,DSCT,False
-0.48102946596522234,2.537142950662415,LPV,LMC562.21.59,LPV,False
-2.3088277194443703,-0.8314147684887774,PULS,LMC563.03.7925,DCEP,False
-4.719158862539947,-2.3301644793754877,LPV,LMC563.28.69,LPV,False
-1.4952079068258188,1.4905755994825813,LPV,LMC562.04.10080,LPV,False
13.202093593332389,18.7725494382984,LPV,LMC562.29.8945,LPV,False
4.62846194850694,8.438768325785912,LPV,LMC563.03.81,LPV,False
4.06227841480873,7.977177744895313,LPV,LMC563.03.7872,LPV,False
-2.317970043533044,-0.8359387149249329,PULS,LMC563.11.7954,RRLYR,False
-0.20518077962056536,-2.6823154963914666,BINARY,LMC563.20.7942,ECL,False
-2.662421153396926,-0.5536225447559062,BINARY,LMC563.03.8749,ECL,False
-2.9754756114267,-0.30646853633402127,BINARY,LMC563.03.1671,ECL,False
6.81419442237785,11.339367874094028,LPV,LMC562.21.46,LPV,False
-3.0104086071207603,-0.23299586746137468,BINARY,LMC562.12.10164,ECL,False
-2.7265088529583656,-0.5131183810729076,BINARY,LMC563.03.8806,ECL,False
0.21761668701111425,-0.019481759056853565,LPV,LMC562.12.4,LPV,False
-2.2802878485468443,-0.8830635244754046,PULS,LMC563.28.1039,RRLYR,False
-4.612775749856789,-2.1317890744702424,LPV,LMC563.03.37,LPV,False
-2.581435698941344,-0.6431717117390385,PULS,LMC562.12.1512,RRLYR,False
-4.925680483158182,-2.5058003428450597,LPV,LMC563.03.7842,LPV,False
-1.9272344144250977,-0.561939082004157,LPV,LMC563.28.62,LPV,False
-1.1974741913574523,-1.8062450831850687,PULS,LMC563.03.1015,RRLYR,False
5.636701542429948,8.699517260006386,LPV,LMC562.29.57,LPV,False
-4.292200324479854,-1.1561754150824028,LPV,LMC562.04.13,LPV,False
2.204585330108813,1.0655323363462335,LPV,LMC563.03.10,LPV,False
11.350427449673386,16.56772474495356,LPV,LMC563.03.7859,LPV,False
0.9137226461530337,5.013358391730239,LPV,LMC562.29.8918,LPV,False
-2.659791577165203,-0.5692196926911496,BINARY,LMC563.11.4010,ECL,False
2.134252178977487,5.807688790799463,LPV,LMC563.20.6530,LPV,False
-2.697949795896856,-0.6137378002231194,BINARY,LMC563.20.3682,ECL,False
-2.8433621051165523,-0.38973216209696104,BINARY,LMC563.11.781,ECL,False
-4.77629991926412,-2.037864782073026,LPV,LMC563.03.7847,LPV,False
6.277070058797119,9.245304910667526,LPV,LMC562.12.10083,LPV,False
-2.592485829535504,-0.6384489153327108,PULS,LMC563.03.831,RRLYR,False
-2.8579079608158997,-0.4141462526874242,BINARY,LMC563.11.8828,ECL,False
-4.424406950399989,-1.750621846753349,LPV,LMC563.20.6550,LPV,False
-1.5545736233439351,2.1957970375763507,LPV,LMC562.21.9164,LPV,False
-2.652648242183273,-0.527226740895476,BINARY,LMC563.11.52,ECL,False
-4.676118867627761,-2.0427298875089264,LPV,LMC562.04.28,LPV,False
-1.2042448320415067,-1.8078623634073576,PULS,LMC562.12.11486,RRLYR,False
-2.9478243555812735,-0.3415469973799614,BINARY,LMC562.21.929,ECL,False
-2.3269191457744083,-0.910611649001466,BINARY,LMC562.21.12122,ECL,False
-2.305054616838497,-0.8486663851832984,PULS,LMC562.21.9174,DCEP,False
-2.3117191609473227,-0.8328824363812348,PULS,LMC563.03.8746,RRLYR,False
-1.9038449560602808,-1.2064044217800869,BINARY,LMC562.04.706,ECL,False
-2.7128754604228624,-0.5766373630674342,BINARY,LMC562.12.7847,ECL,False
-3.085938750768165,-0.2712555512517173,BINARY,LMC562.21.9272,ECL,False
-4.377527966490413,-1.8465723473799276,LPV,LMC562.12.64,LPV,False
9.98218671355179,15.082346779533825,LPV,LMC562.21.9199,LPV,False
-1.521188782834593,-1.555925136495594,PULS,LMC562.04.1491,RRLYR,False
5.2019730973925284,9.62308663556737,LPV,LMC562.12.37,LPV,False
-2.694054993611093,-0.5819979591717814,BINARY,LMC562.04.381,ECL,False
-3.4106913832712156,-2.187132447983546,LPV,LMC562.12.5,LPV,False
-2.6118434939146558,-0.6095094068939606,PULS,LMC562.12.1494,RRLYR,False
-0.057814014973265326,3.360703220918416,LPV,LMC563.27.8,LPV,False
-2.693160522524908,-0.5436964907125731,BINARY,LMC562.04.728,ECL,False
-3.268585982516673,-2.1052859859864617,LPV,LMC563.10.6628,LPV,False
-2.320029275519923,-0.887120090035854,PULS,LMC562.21.13505,DSCT,False
-2.7235923693031223,-0.49912753161188433,BINARY,LMC562.04.10597,ECL,False
-3.963685547429864,-0.9019122463618514,LPV,LMC562.21.9138,LPV,False
-3.8399533752318766,-2.885510775864854,LPV,LMC562.29.8934,LPV,False
0.9405306449319348,4.395909665217096,LPV,LMC562.29.8885,LPV,False
-2.6989781787508074,-0.5259537601263401,BINARY,LMC562.12.10420,ECL,False
-4.7663604797511425,-2.323613931029263,LPV,LMC563.27.6696,LPV,False
-2.2917378508819812,-0.865493463492417,PULS,LMC563.10.1013,RRLYR,False
-2.3074863581532195,-0.8375619348415027,PULS,LMC563.10.6631,DCEP,False
-2.7527941449005042,-0.5061799340846088,BINARY,LMC562.12.10167,ECL,False
-2.3156809944099885,-0.8336561576611399,PULS,LMC562.29.1100,RRLYR,False
-2.907406809455394,-0.3507997416990594,BINARY,LMC563.19.7347,ECL,False
-2.4907519915231875,-0.6831670342402663,PULS,LMC563.27.7644,RRLYR,False
-2.29954566462105,-0.8788447899651078,PULS,LMC562.21.35,DCEP,False
-2.5321370808512067,-0.6594731087096446,PULS,LMC563.19.1044,RRLYR,False
2.2377879420271967,6.007603448934708,LPV,LMC562.21.9136,LPV,False
-2.31361974037618,-0.8368914696412355,PULS,LMC563.27.1093,RRLYR,False
-2.9698340896745252,-0.2754868943574577,PULS,LMC562.21.37,DCEP,False
-1.5356151459025256,1.7309645953644528,LPV,LMC563.10.14,LPV,False
-2.7527966725731643,-0.48052699602331017,PULS,LMC562.04.11284,RRLYR,False
-2.2993227103255642,-0.8397428235015021,PULS,LMC563.27.838,RRLYR,False
-2.121121977669664,0.653725904331721,LPV,LMC563.02.33,LPV,False
-3.945028720945437,-1.4030742530048208,LPV,LMC563.02.35,LPV,False
-4.72869128514945,-2.3211931162873047,LPV,LMC563.10.6587,LPV,False
-2.7275067997784377,-0.5828918081513988,BINARY,LMC563.10.1311,ECL,False
-2.8905747714049412,-0.33180346873833355,BINARY,LMC562.04.11298,ECL,False
-2.526880696610471,-0.7198323540649982,BINARY,LMC563.27.10535,ECL,False
-4.9587495985603525,-2.5919314244540015,LPV,LMC563.02.7348,LPV,False
-2.954356835416572,-0.2976133173682283,BINARY,LMC563.19.814,ECL,False
9.590575972020773,-11.484002097133194,LPV,LMC563.27.6690,LPV,False
-4.35350443136392,-1.810032398215352,LPV,LMC563.10.6614,LPV,False
0.7743472432387142,4.810646050697695,LPV,LMC563.19.2,LPV,False
12.12940194423117,16.07042991470247,LPV,LMC563.19.6575,LPV,False
-2.6822201257462575,-0.5611870808308679,BINARY,LMC563.02.1319,ECL,False
-3.8678993111091344,-2.7739029090716194,LPV,LMC563.10.6579,LPV,False
-2.940775105300729,-0.3638151518962614,BINARY,LMC562.11.858,ECL,False
-2.6963351603616412,-0.551881595236939,BINARY,LMC563.10.1239,ECL,False
-2.6277814466926315,-0.5673285630604751,BINARY,LMC563.27.1021,ECL,False
-3.0737151552037347,-0.13429490549597306,LPV,LMC562.20.18,LPV,False
-2.395003012778653,-0.8464686077155202,PULS,LMC562.03.10856,DSCT,False
1.085498424861533,-0.5679630553815594,LPV,LMC563.27.6680,LPV,False
-2.721809977223575,-0.5148121965763668,BINARY,LMC562.11.9639,ECL,False
-2.9401206616247366,-0.30828789161642844,BINARY,LMC563.02.1790,ECL,False
1.9031681169552552,5.484852157682689,LPV,LMC562.11.9517,LPV,False
-2.7065573854537517,-0.4924105261391616,BINARY,LMC563.19.6641,ECL,False
-0.7734080749112964,3.5089239797221508,LPV,LMC563.10.8,LPV,False
-2.3010271323031395,-0.8665586953047257,PULS,LMC562.28.9317,RRLYR,False
0.38546866491730647,3.6286318920831864,LPV,LMC563.19.35,LPV,False
-2.613030734726526,-0.5969521818811255,PULS,LMC562.03.9254,RRLYR,False
11.06778947239627,16.314875109856477,LPV,LMC563.02.7342,LPV,False
-2.6483204428026674,-0.6017459602150695,BINARY,LMC562.20.10430,ECL,False
-2.606493365205934,-0.5995860628441025,PULS,LMC562.03.9338,RRLYR,False
-2.9590392019795564,-1.7609634173003335,LPV,LMC562.03.57,LPV,False
-2.234962597739546,-0.9387197354201584,PULS,LMC562.28.1951,DSCT,False
-1.885120903813609,-1.2081094354459785,PULS,LMC562.28.9745,RRLYR,False
6.059295992731172,-3.0532353704705457,LPV,LMC562.20.34,LPV,False
-2.0741043246000954,-1.116725454032236,BINARY,LMC562.11.1616,ECL,False
-2.813018376252888,-0.41250834283234994,BINARY,LMC562.03.8511,ECL,False
5.007232340160579,9.185442386248198,LPV,LMC563.10.22,LPV,False
-0.975457441768389,-2.060568343520353,BINARY,LMC563.02.5064,ECL,False
-2.9954597615014444,-0.2313030471769325,BINARY,LMC563.10.117,ECL,False
-1.8297187956177172,-1.2575444787802423,PULS,LMC562.20.1229,RRLYR,False
-2.6185868390398173,-0.5819798809872478,PULS,LMC562.20.925,RRLYR,False
-4.282246578136218,-1.8082331350988674,LPV,LMC562.28.7,LPV,False
5.005574557093669,-6.223956033481579,LPV,LMC563.27.11,LPV,False
2.8209380230414753,6.455467497174471,LPV,LMC563.02.7329,LPV,False
-3.1023419491004645,-0.30009261351991623,LPV,LMC563.10.21,LPV,False
-2.5926623297579123,-0.6995970565432094,BINARY,LMC563.10.4547,ECL,False
-5.031303550996037,-2.292226032374825,LPV,LMC562.28.8787,LPV,False
-2.7787543018312086,-1.105349027441966,LPV,LMC562.03.8,LPV,False
-0.23629636577690372,-2.6205693218360278,PULS,LMC562.11.10486,RRLYR,False
-2.3154376334725404,-0.8517022394042382,PULS,LMC563.10.6955,RRLYR,False
-2.2847881977126066,-0.8792651716315107,PULS,LMC563.27.943,RRLYR,False
-2.804288638530109,-0.4342490928273275,BINARY,LMC562.11.2806,ECL,False
-2.6665494867512094,-0.5525322355111301,BINARY,LMC563.19.7446,ECL,False
11.78537611519253,17.024425720066734,LPV,LMC562.28.40,LPV,False
-4.300499496531883,-1.8881372105846028,LPV,LMC562.03.8432,LPV,False
-2.308826967399616,-0.8319548658703032,PULS,LMC563.27.87,DCEP,False
5.375268783543743,9.402592671444845,LPV,LMC563.27.18,LPV,False
-2.950026781665234,-0.31452404116148547,BINARY,LMC562.11.9541,ECL,False
-1.5974725749232335,0.3960693764878608,LPV,LMC562.03.8412,LPV,False
-0.9581724347845584,2.966260518249671,LPV,LMC563.02.7325,LPV,False
-2.8231292700548694,-1.3691285892966443,LPV,LMC563.19.6576,LPV,False
-2.6194180791746886,-0.5771620238166603,PULS,LMC562.20.10155,RRLYR,False
-3.0981708038680447,-1.8675319710742575,LPV,LMC562.11.9514,LPV,False
-4.733200918128608,-2.2962377199721304,LPV,LMC562.28.8788,LPV,False
-2.308046809882454,-0.8282106935007458,PULS,LMC563.19.6609,DCEP,False
4.759111960249966,0.19166318756569922,LPV,LMC562.11.2,LPV,False
-2.9608532136511587,-0.3233176236710434,BINARY,LMC562.20.3054,ECL,False
-2.733466564519745,-0.5170198319873397,BINARY,LMC562.11.3362,ECL,False
-5.677071305675595,-3.7835940796136818,BINARY,LMC562.11.9469,ELL,False
4.261756808287977,8.470128058447832,LPV,LMC563.10.6603,LPV,False
-2.706192978624082,-0.5307186920057633,BINARY,LMC562.28.10368,ECL,False
-0.06360963758813876,3.245445173417491,LPV,LMC563.27.28,LPV,False
-2.64809914634848,-0.5720701549807069,BINARY,LMC563.19.8652,ECL,False
-2.91454962890589,-0.33251720525349315,BINARY,LMC562.11.9677,ECL,False
-2.285979197621425,-0.8939450368268398,BINARY,LMC562.28.1244,ECL,False
6.986776647871085,11.792977993147392,LPV,LMC563.19.27,LPV,False
-3.9559362429659473,-2.8956251133822546,LPV,LMC562.11.5,LPV,False
-0.2900302035663702,-4.210544293757602,LPV,LMC563.27.6,LPV,False
-2.8222447389122,-0.40990408603176576,BINARY,LMC563.19.7267,ECL,False
4.619427295153583,-0.4345357653729302,LPV,LMC562.11.9492,LPV,False
-2.7692960672052176,-0.48710672364155433,PULS,LMC563.19.871,RRLYR,False
-3.584222496714126,-2.469482121642978,LPV,LMC563.02.23,LPV,False
-2.6905143541953707,-0.528121631492147,BINARY,LMC562.11.9840,ECL,False
-3.2865020620874588,-0.29682158954827104,BINARY,LMC563.02.89,ELL,False
-5.196117036452186,-0.3377188238718972,BINARY,LMC562.03.246,ELL,False
-1.2120752656946603,0.7392901944185235,LPV,LMC563.19.8,LPV,False
-3.8150903125301614,-2.605133529487791,LPV,LMC562.03.6,LPV,False
-2.5592757091795133,-0.6048031702429107,BINARY,LMC562.28.980,ECL,False
-3.15360617335232,-1.9614504937961794,LPV,LMC562.03.8438,LPV,False
-4.673139911526477,-3.442602369092162,LPV,LMC563.27.6688,LPV,False
-2.2913019340321727,-0.8625845191289587,PULS,LMC563.27.7539,RRLYR,False
-2.6274530111694254,-0.5917125530133289,BINARY,LMC562.03.9229,ECL,False
-2.9436262167484877,-0.3351723085285717,PULS,LMC562.20.61,DCEP,False
-3.885666167075277,-1.403061173205003,LPV,LMC562.11.42,LPV,False
-2.705005380830218,-0.49741002921445343,BINARY,LMC562.11.9757,ECL,False
6.191459536213144,10.884154730352192,LPV,LMC563.10.25,LPV,False
-5.156704514849039,-2.497274876343538,LPV,LMC562.28.21,LPV,False
11.703288318681913,17.023137040276104,LPV,LMC562.11.9468,LPV,False
-2.290828965836058,-0.8839625746379187,PULS,LMC563.02.7922,RRLYR,False
-2.7440946362902925,-0.5344371122865637,BINARY,LMC562.03.243,ECL,False
-1.115423259078779,2.6992006325923414,LPV,LMC563.19.6570,LPV,False
-4.691777013873388,-2.2321069871361416,LPV,LMC563.10.36,LPV,False
-4.278761463308594,-1.7864319547181258,LPV,LMC562.11.58,LPV,False
-3.029060729897231,-0.24938957718279425,BINARY,LMC562.03.8802,ECL,False
-5.276689186658903,-3.484621179174301,BINARY,LMC563.10.45,ELL,True
-3.7498340046919276,-1.1351694927888827,LPV,LMC562.03.8421,LPV,False
3.745892092542114,-6.033913816949275,BINARY,LMC562.20.9170,ECL,False
7.966846443650968,-9.94408646133724,LPV,LMC562.11.9476,LPV,False
-3.217665338057917,-0.18230286020986264,BINARY,LMC562.20.9216,ELL,False
-4.069925596682824,-1.4403498375586465,LPV,LMC563.10.6590,LPV,False
-0.7483893751111608,2.6038170961890943,LPV,LMC562.11.12,LPV,False
3.351012275420193,7.66229570981174,LPV,LMC562.20.9017,LPV,False
21.922289141108145,27.20179027329866,LPV,LMC563.02.7347,LPV,False
-3.9244442047424437,-1.227519635876398,LPV,LMC562.20.30,LPV,False
-2.6441926851110398,-0.628495959697469,BINARY,LMC563.19.3727,ECL,False
-3.022615244753929,-0.2313372286644782,BINARY,LMC562.20.233,ECL,False
9.517862247964288,-15.65216844889268,LPV,LMC562.20.28,LPV,False
8.778649309680919,13.523645656757212,LPV,LMC563.19.40,LPV,False
-3.8031120871577953,-2.113849550187321,LPV,LMC562.03.8415,LPV,False
-4.021954983819299,-1.0983368092652284,LPV,LMC563.19.42,LPV,False
0.12263053565365345,-4.4300893595404345,LPV,LMC562.28.10,LPV,False
-2.7831086161760643,-1.3546364012186025,LPV,LMC562.03.2,LPV,False
-1.823002150526901,1.6710369715454607,LPV,LMC563.10.17,LPV,False
7.9359783469300895,-3.3330244051102147,LPV,LMC563.27.5,LPV,False
-2.908639613740408,-0.3685187320015104,BINARY,LMC562.03.8929,ECL,False
-2.29318784165043,-0.8725480144123751,PULS,LMC562.28.1139,RRLYR,False
11.31199628662139,16.71974366136279,LPV,LMC563.19.6595,LPV,False
-2.3946885849479838,-0.8142506742952714,PULS,LMC563.19.3894,DSCT,False
25.479576691566674,32.70911528833402,LPV,LMC563.19.6596,LPV,False
-2.2953357554074394,-0.8843478772555926,PULS,LMC562.11.977,RRLYR,False
-2.690566576577713,-0.5661154027362533,BINARY,LMC562.11.1116,ECL,False
-4.621663807489029,-2.1092375412147493,LPV,LMC562.28.8814,LPV,False
-4.610977608912451,-1.4943323162335265,LPV,LMC562.28.45,LPV,False
12.593232146606073,17.839009176977303,LPV,LMC562.28.8783,LPV,False
-1.4486550219646805,1.480585255006877,LPV,LMC563.27.35,LPV,False
7.51597327583023,10.691110746082106,LPV,LMC562.20.9038,LPV,False
-4.732903325985941,-2.3056761069076357,LPV,LMC562.11.9470,LPV,False
-2.737502380717941,-0.5079896545103443,BINARY,LMC562.28.2539,ECL,False
2.613179704651899,6.890012062729559,LPV,LMC562.20.9008,LPV,False
-2.713130636562724,-0.48860607121140504,BINARY,LMC562.20.207,ELL,False
-2.2897366883973858,-0.8752721664362332,PULS,LMC563.27.789,RRLYR,False
-2.665192782481292,-0.5858290408099632,BINARY,LMC562.11.1419,ECL,False
-2.73612269744649,-0.5291606048852883,BINARY,LMC563.10.11063,ECL,False
11.062182655215619,16.131387126022474,LPV,LMC562.11.63,LPV,False
-2.852529846141521,0.03390586137764129,LPV,LMC563.10.48,LPV,False
1.998614355822892,-1.961256644011619,LPV,LMC562.20.8986,LPV,False
10.206809526583562,15.264825717803092,LPV,LMC563.02.38,LPV,False
-2.7302659245554075,-0.46885499025320637,PULS,LMC562.11.122,DCEP,False
-2.306396214169117,-0.8279365272278052,PULS,LMC563.19.84,DCEP,False
-2.703347023378892,-0.5118090625517123,BINARY,LMC562.28.9809,ECL,False
-1.7950796840960161,0.08706050503036078,LPV,LMC562.28.8789,LPV,False
-2.9911225324760093,-0.38105429419977277,BINARY,LMC562.20.3523,ECL,False
-4.958968532565999,-2.036364797446991,LPV,LMC563.27.6708,LPV,False
-3.1493427745874105,-0.209057488132538,BINARY,LMC562.11.210,ECL,False
-2.251506124609773,-0.9423582261779649,BINARY,LMC563.02.1109,ECL,False
-3.9027343031500137,-1.4556945641080836,LPV,LMC562.03.26,LPV,False
-4.084783491982894,-3.0526929548289825,LPV,LMC563.19.6586,LPV,False
-2.8428246747070327,-0.45046966987334125,BINARY,LMC562.20.10081,ECL,False
-2.670603887836955,-0.5434361771036357,BINARY,LMC562.03.64,ECL,False
-2.30989037059,-0.8589680227562299,PULS,LMC562.11.2312,DSCT,False
-2.6612259466221557,-0.5930342088794226,BINARY,LMC562.11.6214,ECL,False
-3.4829772332959266,-0.18210429090819308,LPV,LMC562.03.50,LPV,False
-2.2950602907694675,-0.8937285897932356,PULS,LMC562.03.9242,RRLYR,False
-3.8266166314057193,-2.7925351707239514,PULS,LMC563.10.772,RRLYR,False
-2.7242201164766957,-0.5190769825266456,BINARY,LMC562.20.1199,ECL,False
8.115728923067103,12.718267681165212,LPV,LMC563.02.32,LPV,False
-3.046216704113052,-0.29410926463488457,BINARY,LMC562.11.6471,ECL,False
-2.7099109680980082,-0.5030176839657061,BINARY,LMC562.11.736,ECL,False
0.0018965285595315962,0.8401166331593848,BINARY,LMC562.28.10733,ECL,False
20.43490581138033,2.435417646841657,LPV,LMC562.28.67,LPV,False
1.8106330498241991,5.657628516690383,LPV,LMC562.28.8781,LPV,False
0.05445187475620106,2.088017340927376,LPV,LMC562.20.9012,LPV,False
-1.335305012414176,1.555069749839679,LPV,LMC563.27.6709,LPV,False
-3.6102623848338364,-2.5242603968596384,LPV,LMC563.10.50,LPV,False
-2.696432811489719,-0.5836865223603255,BINARY,LMC562.03.14614,ECL,False
-3.1328722701908434,-0.2821099000129066,BINARY,LMC563.02.9057,ECL,False
-3.436361272963313,-0.9218458563828632,LPV,LMC562.11.17,LPV,False
-2.6547030023595926,-0.5672504579890468,BINARY,LMC563.10.8792,ECL,False
-2.317385844861229,-0.8610480513659846,PULS,LMC562.20.12208,DSCT,False
-2.716791180845256,-0.49867514119083134,BINARY,LMC562.03.1078,ECL,False
-2.880257259060646,-0.36502436689971435,BINARY,LMC563.19.7254,ECL,False
-2.7679426041137307,-0.5370521698180017,BINARY,LMC563.27.309,ECL,False
-3.3710319492195384,0.06603641592847931,LPV,LMC563.27.6687,LPV,False
-2.932628748845548,-1.1113785017644182,LPV,LMC563.19.6564,LPV,False
-2.9079687859624785,-0.6032145700894097,BINARY,LMC563.19.18,ELL,False
3.4752852564197267,7.7995133248619855,LPV,LMC563.19.1,LPV,False
-2.9216732618658767,-0.362340172805953,BINARY,LMC562.11.3171,ECL,False
-4.366149202685072,-1.8873408285734934,LPV,LMC562.28.8824,LPV,False
-2.854096728892427,-0.44709628603139023,BINARY,LMC562.28.4470,ECL,False
-2.291597875412783,-0.9006650205832548,PULS,LMC562.20.16511,DSCT,False
-1.599383854039166,1.588969035336398,LPV,LMC562.28.8779,LPV,False
-2.538212614624966,-0.6700598188690636,BINARY,LMC562.11.11011,ECL,False
-4.76407321665285,-2.4142412494712278,LPV,LMC562.20.9010,LPV,False
-4.188926112221937,-2.689473985688684,LPV,LMC563.19.6562,LPV,False
0.0011625729727269274,-0.3696613531396067,LPV,LMC562.28.3,LPV,False
3.0204058812121293,7.0527890358237695,LPV,LMC562.20.9006,LPV,False
-3.0172344921333565,-1.8419574811736987,LPV,LMC562.28.8820,LPV,False
-0.5364030593802069,2.9260522545357395,LPV,LMC562.20.9007,LPV,False
-2.6547901433844543,-0.5263471520609857,PULS,LMC563.27.66,DCEP,False
2.114296922831329,4.557250393684246,LPV,LMC562.11.9487,LPV,False
5.980391498622393,-2.0538698873522643,LPV,LMC562.28.15,LPV,False
-2.9253267936393916,-0.34531805122078374,BINARY,LMC562.03.8684,ECL,False
-4.474457612550148,-1.830609361180538,LPV,LMC571.16.15,LPV,False
-1.6820013158422402,1.2456444376142473,LPV,LMC563.27.6691,LPV,False
9.425062860819192,14.48239854879311,LPV,LMC563.10.6596,LPV,False
-3.1478087709853653,-0.20907073381687025,BINARY,LMC562.20.720,ECL,False
-2.287195756202953,-0.8908383127895014,BINARY,LMC563.02.1773,ECL,False
-2.312918674378937,-0.8884007243796246,PULS,LMC563.10.4257,DSCT,False
-0.8288960758076882,-2.1184041539152814,PULS,LMC562.28.1070,RRLYR,False
-2.3097489869250927,-0.8386879295445897,PULS,LMC563.27.67,DCEP,False
-2.6806974035910707,-0.5243917800195939,BINARY,LMC562.20.10434,ECL,False
-2.7241595822405986,-0.49799434348297783,BINARY,LMC563.02.523,ECL,False
-4.070332367882429,-3.0427752968432804,LPV,LMC563.10.29,LPV,False
-2.7045691033873247,-0.549465514461944,BINARY,LMC562.03.265,ECL,False
-2.3176232578011806,-0.8251790263829819,PULS,LMC563.19.7374,RRLYR,False
1.7703443010662552,-5.690452538506266,LPV,LMC563.02.7317,LPV,False
-2.0688614040852964,1.1795825927809651,LPV,LMC562.03.8410,LPV,False
-2.608113544956978,-0.6063979047892116,BINARY,LMC571.16.829,ECL,False
4.166069596864685,8.034289488805369,LPV,LMC562.28.8827,LPV,False
-2.311042663227613,-0.8572470904603893,PULS,LMC562.03.854,RRLYR,False
-0.629255205334323,2.992815200578362,LPV,LMC562.03.8418,LPV,False
-0.11398518599050877,3.1388585909058815,LPV,LMC571.25.29,LPV,False
-3.3531452675152806,-3.1938892194239568,PULS,LMC563.02.892,RRLYR,False
0.21315460156808763,3.4916799577034245,LPV,LMC571.25.5453,LPV,False
-2.263660924251987,-0.8490509959259602,BINARY,LMC563.10.6660,ECL,False
-3.2068156609456353,-0.20257935021831153,BINARY,LMC571.25.735,ECL,False
-2.8504919753156353,-0.40720469574311213,BINARY,LMC562.20.721,ECL,False
-2.6951079310885935,-0.5631445339662966,BINARY,LMC562.03.1027,ECL,False
-2.9941257413783964,-0.26591812781214597,BINARY,LMC562.28.9269,ECL,False
-2.7051579472868994,-0.5118628763083499,BINARY,LMC571.25.447,ECL,False
-2.699730074891029,0.12444774699022987,LPV,LMC563.10.6606,LPV,False
4.248292161734679,-1.7102102376950006,LPV,LMC562.11.18,LPV,False
-2.856085847064393,-0.42525284404695524,BINARY,LMC563.19.4751,ECL,False
3.694375679110129,8.067265053582014,LPV,LMC563.10.6588,LPV,False
-4.800823460441556,-2.3279059232319588,LPV,LMC562.28.8801,LPV,False
-2.081969429799504,-1.104552585225279,BINARY,LMC562.11.1303,ECL,False
-3.0668015091381626,-0.33801899833093507,BINARY,LMC562.20.6151,ECL,False
10.053671974286821,-13.748584079350303,LPV,LMC563.10.6,LPV,False
-2.6066565758676994,-0.5970734735917206,BINARY,LMC562.11.10948,ECL,False
10.641389046460748,-12.667501667041819,LPV,LMC563.10.16,LPV,False
-3.827234296574569,-2.721591189337656,LPV,LMC563.27.16,LPV,False
-3.8300304520127684,-1.2547461724816453,LPV,LMC562.28.8799,LPV,False
6.842743271686714,10.15171504201812,LPV,LMC563.27.6692,LPV,False
-2.7156511493902507,-0.5669233397537077,BINARY,LMC563.27.2807,ECL,False
-2.305262909735399,-0.8373396251464134,PULS,LMC562.28.10003,RRLYR,False
-2.292585783690196,-0.8810933812790549,PULS,LMC571.25.5999,RRLYR,False
-2.797523340110326,-0.48708400479816366,BINARY,LMC562.11.10057,ECL,False
-3.2445016891161687,-0.2532591793874746,BINARY,LMC563.19.7023,ELL,False
-3.067068446272223,-0.24648588343005035,BINARY,LMC563.27.125,ECL,False
3.4404292076833816,6.055044746001883,LPV,LMC563.10.28,LPV,False
-2.3267511745686433,-0.8433760757142705,PULS,LMC562.11.10442,RRLYR,False
-2.4489692020855856,-0.7478946274537331,PULS,LMC562.20.2250,DSCT,False
-2.748892469082791,-0.44113243007190683,PULS,LMC563.27.27,DCEP,True
-2.3179997480981895,-0.838224608878021,PULS,LMC563.02.8183,RRLYR,False
-2.7446690608483704,-0.5579947050301653,BINARY,LMC562.20.2033,ECL,False
-2.6176804385424193,-0.5880802281284381,PULS,LMC562.28.9729,RRLYR,False
0.17176812144206188,4.048154732977056,LPV,LMC562.20.9111,LPV,False
-5.05430328308263,-2.723117337278735,LPV,LMC563.10.6609,LPV,False
-2.266036525819502,-0.8842121449398918,BINARY,LMC562.20.252,ECL,False
-2.33020698740073,-0.9483513357990048,BINARY,LMC562.03.12002,ECL,False
-2.291106365057651,-0.8862253401448564,PULS,LMC563.27.7656,RRLYR,False
-2.2912091861867157,-0.8748072086484913,PULS,LMC562.03.9498,RRLYR,False
17.62674248873568,22.389099163844232,LPV,LMC562.28.8815,LPV,False
14.485290720074584,18.519983740844673,LPV,LMC562.11.36,LPV,False
-2.7152609871425426,-0.5719124267988507,BINARY,LMC563.19.7328,ECL,False
-3.1394805803115204,-0.20522999571060258,BINARY,LMC563.10.78,ELL,False
0.24554914473722,3.5271527604371284,LPV,LMC571.25.25,LPV,False
-2.403702766506419,-0.7915419986436978,BINARY,LMC562.03.10875,ECL,False
-5.836720669407361,-3.2024290279539276,BINARY,LMC562.28.8778,ELL,True
-2.657998894561633,-0.5715525686406301,BINARY,LMC562.20.9146,ECL,False
6.921639582853337,11.67158616874683,LPV,LMC571.16.17,LPV,False
-3.623462506781346,-2.3848737404690388,LPV,LMC563.02.21,LPV,False
-2.3176427572962357,-0.8296930689531172,PULS,LMC563.27.1059,RRLYR,False
-4.8330090094261795,-2.4535521599775754,LPV,LMC571.25.23,LPV,False
-2.9900165033256543,-0.31388466317035363,BINARY,LMC571.16.6656,ECL,False
-2.982073856147475,-0.2781564186256221,BINARY,LMC562.11.9693,ECL,False
23.498520844287626,3.8138515750154083,LPV,LMC571.25.35,LPV,False
-2.313158646193658,-0.843497620766835,PULS,LMC562.03.35,DCEP,False
-3.024913037156974,-0.27315628342336473,BINARY,LMC571.25.7653,ECL,False
-2.997326782004736,-0.2553285532434885,BINARY,LMC562.11.1447,ECL,False
-2.3187609768922437,-0.8271967721673643,PULS,LMC562.28.1219,DSCT,False
-3.1565549024603015,-0.26920003236472956,BINARY,LMC563.02.1288,ECL,False
-2.7141318157889587,-0.4950341787602725,BINARY,LMC563.10.7684,ECL,False
-2.6956408972865464,-0.49027141706324984,BINARY,LMC562.11.251,ECL,False
-3.822337007742204,-2.7987875665865722,PULS,LMC563.19.733,RRLYR,False
-2.6247086160491,-0.6108935334559129,BINARY,LMC563.19.10023,ECL,False
-4.05228107684276,-2.59969334929278,PULS,LMC563.10.7359,RRLYR,False
-3.4395193596836293,-2.2497443062298217,LPV,LMC571.16.5058,LPV,False
-2.8541316520507074,-0.38919966317591737,BINARY,LMC562.20.1466,ECL,False
2.5960762901259438,6.359681363324154,LPV,LMC571.25.5445,LPV,False
-4.847722218672191,-2.4906572912849168,LPV,LMC563.10.6622,LPV,False
-2.311403892570322,-0.844043173530742,PULS,LMC562.11.27,DCEP,False
-5.667261349438392,-3.090644492739436,LPV,LMC563.02.7331,LPV,False
1.8173692291634795,-6.950346065762945,LPV,LMC571.16.2,LPV,False
25.221343751687012,4.196784181918511,LPV,LMC563.10.6623,LPV,False
-2.7240655378828387,-0.5347502702279728,BINARY,LMC562.20.10855,ECL,False
-3.8679502817861717,-1.2597716776578345,LPV,LMC571.16.5072,LPV,False
-2.3237235947206356,-0.8323894082674457,PULS,LMC562.28.10009,RRLYR,False
-1.2424917928321648,1.8795422025906185,LPV,LMC571.25.5461,LPV,False
-1.8620950125074676,0.024876527872364607,LPV,LMC562.11.9467,LPV,False
-2.5727954114735363,-0.6189873612232333,BINARY,LMC562.11.1229,ECL,False
-2.8821735544405818,-0.3528662645803816,BINARY,LMC562.11.722,ECL,False
-2.544567817811315,-0.6159596328154788,BINARY,LMC562.11.9519,ECL,False
0.8114328695817079,4.715829810443812,LPV,LMC563.19.6584,LPV,False
-2.666307031873412,-0.5765126367816751,BINARY,LMC563.19.781,ECL,False
-4.0103734326781,-2.8642079524094584,LPV,LMC562.11.9485,LPV,False
-4.091920518542378,-1.6759537917274843,LPV,LMC563.02.36,LPV,False
-1.4976696660916733,-1.5638336454476034,PULS,LMC563.02.920,RRLYR,False
-3.167990821880551,-0.13237840346005425,LPV,LMC562.11.57,LPV,False
4.704414808383443,9.212543009052649,LPV,LMC571.25.5450,LPV,False
0.8038175854790421,4.4415438699481165,LPV,LMC571.25.18,LPV,False
-2.9607759393634097,-0.35897128504951187,BINARY,LMC563.02.8097,ECL,False
10.5162495458679,-4.425284937492008,LPV,LMC562.03.38,LPV,False
0.494061954162194,4.377987926803924,LPV,LMC562.11.13,LPV,False
-1.3830226036918656,1.6262598794747751,LPV,LMC562.20.9023,LPV,False
-2.718951401866548,-0.5268831400765133,BINARY,LMC563.02.2025,ECL,False
-2.724595852756076,-0.5072346454868318,BINARY,LMC562.03.1204,ECL,False
-3.711877684291033,-1.0181798569975928,LPV,LMC562.20.8995,LPV,False
-1.442529950430597,-1.624342007471853,PULS,LMC562.03.9575,RRLYR,False
-3.971550493400679,-1.5825986049758634,LPV,LMC563.10.6600,LPV,False
-2.7326333231315805,-0.5063166758263437,BINARY,LMC562.03.8472,ECL,False
-1.4759686923708661,-1.584028876529454,PULS,LMC571.16.6137,RRLYR,False
5.960009279660279,10.540676327255106,LPV,LMC562.03.8427,LPV,False
-4.699945231684458,-2.058201264886417,LPV,LMC563.19.6572,LPV,False
-2.4890604135621768,-1.20132753740262,LPV,LMC571.25.5460,LPV,False
0.8483457117893454,-6.7876901350791154,PULS,LMC571.25.5774,RRLYR,False
-2.556546752758307,-0.6491526511526634,BINARY,LMC562.03.10958,ECL,False
-3.281303786492645,0.17522825736159786,LPV,LMC562.20.8993,LPV,False
0.2786245262707312,-3.04699895096783,PULS,LMC571.16.5593,RRLYR,False
42.014830636285225,1.8100706650078415,LPV,LMC562.20.9027,LPV,False
-0.24799316449469888,-4.587004056098206,LPV,LMC571.25.5435,LPV,False
-2.9769322008067585,-0.297750712248006,BINARY,LMC562.03.10888,ECL,False
18.16701957112451,-10.932369540029198,LPV,LMC562.20.8999,LPV,False
-2.927397566047278,0.34980326978706144,LPV,LMC562.20.22,LPV,False
-3.3758460483748065,-0.3337524442455799,BINARY,LMC562.20.9028,ELL,True
-3.3286497692124994,-2.0777761678912796,LPV,LMC562.20.8991,LPV,False
-1.0350250794884237,1.3434284702534376,LPV,LMC562.20.8996,LPV,False
-1.9107904589251508,-1.2196287226921418,BINARY,LMC571.25.1134,ECL,False
-3.872466030143481,-1.267477314316862,LPV,LMC562.11.25,LPV,False
0.5572742095953576,4.2867408290430875,LPV,LMC562.28.8785,LPV,False
-2.2148656640926205,-0.9856110913291029,BINARY,LMC562.20.2558,ECL,False
7.0491169564326865,11.602476716305137,LPV,LMC563.02.7337,LPV,False
-2.3257887095699585,-0.8287357541789272,PULS,LMC571.16.5583,RRLYR,False
14.012015374608776,19.587403040278023,LPV,LMC563.02.40,LPV,False
-1.8627557383505287,-1.2334329294892425,PULS,LMC571.25.5764,RRLYR,False
-2.3060766464716114,-0.8617467402347216,PULS,LMC562.20.58,DCEP,False
-2.295375199234673,-0.838509394423756,BINARY,LMC562.11.9699,ECL,False
-1.2157377368457276,-1.7944631144057064,PULS,LMC563.02.993,RRLYR,False
-2.3016220719798577,-0.8697520586343739,PULS,LMC562.20.9019,DCEP,False
-2.2775966691300145,-0.8578077604444225,BINARY,LMC562.03.24,ECL,False
-2.757412760871449,-0.45123015806937883,PULS,LMC562.20.918,RRLYR,False
-4.377609871556736,-1.9035012687261381,LPV,LMC563.02.7339,LPV,False
-3.461235917912347,-2.2686526253996693,LPV,LMC571.25.5451,LPV,False
-3.5211138983329686,-2.392051400925113,LPV,LMC571.16.5074,LPV,False
-2.3127756942582796,-0.8496526975671645,PULS,LMC562.20.10180,RRLYR,False
-4.199966742742414,-1.6278451604974409,LPV,LMC562.28.5,LPV,False
-2.229516970905589,-0.9496335042022827,BINARY,LMC571.16.6054,ECL,False
-4.441806718034058,-3.0257472042277254,PULS,LMC571.16.3561,DSCT,False
-4.3786592482924345,-1.9735853329914044,LPV,LMC563.26.17,LPV,False
-5.02537386796149,-2.609743405823081,LPV,LMC562.03.60,LPV,False
-2.2883083715274526,-0.8531012733627004,BINARY,LMC562.03.133,ELL,False
-3.295774576230024,-0.2414893567240805,BINARY,LMC562.28.10088,ECL,False
-4.679172067447696,-1.9631518488166007,LPV,LMC562.20.9004,LPV,False
9.331054588184301,1.9092621068321327,LPV,LMC562.03.8406,LPV,False
14.112559914381094,2.1301033972204646,LPV,LMC562.11.9507,LPV,False
-2.828644353427724,-0.5579780491067098,BINARY,LMC562.28.8907,ELL,False
1.3571725979544613,-4.108310046552606,BINARY,LMC562.03.9626,ECL,False
1.5551953733766393,-8.099988629520649,PULS,LMC571.25.89,DCEP,False
-2.9839042115086936,-1.2402123336232371,LPV,LMC563.18.1595,LPV,False
-2.651395154519407,-0.5641809909729589,BINARY,LMC562.03.9224,ECL,False
-3.4707133313226475,-2.329259608643863,LPV,LMC562.11.9533,LPV,False
6.938319218163271,11.470381573152142,LPV,LMC563.09.6149,LPV,False
-1.707080978707783,1.1660714349623742,LPV,LMC562.11.44,LPV,False
-2.7559000693903513,-0.47648261379615264,PULS,LMC571.25.5775,RRLYR,False
7.6056928931270695,12.35655470138227,LPV,LMC563.09.6133,LPV,False
-2.8861423404127082,-0.3806870568488664,BINARY,LMC562.03.10462,ECL,False
-2.569137286350748,-0.6477590209258683,PULS,LMC571.25.6171,RRLYR,False
-3.48966882253488,-2.3138494920335573,LPV,LMC562.11.9509,LPV,False
-0.5921389175398577,-2.326643681029596,PULS,LMC562.20.1240,RRLYR,False
-3.1087724077088152,-0.20875903888098918,BINARY,LMC562.20.373,ECL,False
-0.8174903560382678,2.172221787396726,LPV,LMC562.20.9031,LPV,False
-1.2694924147972377,-1.753246284442617,PULS,LMC571.25.582,RRLYR,False
0.31279068040838265,3.8486465797407385,LPV,LMC562.28.8800,LPV,False
-2.3029177751743353,-0.8416434014606664,PULS,LMC563.18.6769,RRLYR,False
-4.200884367142064,-1.6911651562508179,LPV,LMC562.11.19,LPV,False
-0.9782163823336394,-3.1789369170103834,LPV,LMC562.11.9488,LPV,False
-1.929456026919745,1.002354428785121,LPV,LMC563.09.36,LPV,False
12.156616283127768,17.482321354150837,LPV,LMC563.01.33,LPV,False
10.379081728786637,15.35975072209607,LPV,LMC563.01.41,LPV,False
-2.4064409588825817,0.6314182015549747,LPV,LMC562.28.12,LPV,False
6.43018252411085,11.04401362073921,LPV,LMC562.03.39,LPV,False
-2.7041217211258433,-0.4882255721418645,BINARY,LMC563.26.6027,ECL,False
9.599794061277457,12.991588457203761,LPV,LMC571.25.5485,LPV,False
-4.520693891204384,-1.969369843672337,LPV,LMC562.03.9,LPV,False
-2.2440374529016536,-0.9251525338952717,BINARY,LMC563.09.1821,ECL,False
-1.2090457134820443,2.6342460124848905,LPV,LMC571.25.5430,LPV,False
-2.5308006497712925,-0.6685562428757024,PULS,LMC563.01.975,RRLYR,False
4.136522471425656,-6.3856360903539935,PULS,LMC562.11.1460,RRLYR,False
0.9177826639121021,4.524958644178208,LPV,LMC571.25.31,LPV,False
-2.736040878778031,-0.5095716624218762,BINARY,LMC563.26.7235,ECL,False
-2.6029763362523264,-0.6336735118297602,BINARY,LMC563.09.7335,ECL,False
23.133857949259806,-14.597864624062764,LPV,LMC571.25.27,LPV,False
-0.8660895889597391,-2.0703059900838214,PULS,LMC563.18.6469,RRLYR,False
-3.851538735106338,-0.6247572842238127,LPV,LMC571.25.149,LPV,False
-4.465058277880995,-1.4120017620401766,LPV,LMC562.27.9444,LPV,False
-2.5959066941691584,-0.6347058219227163,PULS,LMC571.16.591,RRLYR,False
-2.6705346535317513,-0.57636670337967,BINARY,LMC562.19.2028,ECL,False
-3.5986739126711718,-2.4831711121030704,LPV,LMC571.16.18,LPV,False
-2.64594309491969,-0.589368222184163,BINARY,LMC563.18.719,ECL,False
3.5447342425312414,7.646655025890571,LPV,LMC562.27.25,LPV,False
-2.6983915982397146,-0.574991505132209,BINARY,LMC563.26.10596,ECL,False
-5.495850625660139,-2.8660272981554638,LPV,LMC562.10.8559,LPV,False
-4.751696425181806,-2.3108617551106416,LPV,LMC562.10.8558,LPV,False
-2.9905578611618635,-0.3119611714768545,BINARY,LMC563.01.8653,ECL,False
-3.3831527198212044,-3.1707347741583902,PULS,LMC563.09.894,RRLYR,False
-5.3813777098904225,-3.5046492762370107,BINARY,LMC563.18.19,ELL,True
20.65822663466062,-6.323028707655221,LPV,LMC562.27.9506,LPV,False
-2.8701163433206083,-0.5898109377543926,BINARY,LMC562.19.23,ELL,False
7.856982683248298,0.25559709514496665,LPV,LMC563.18.5882,LPV,False
-2.325110864091833,-0.8577221414392209,PULS,LMC563.01.8081,RRLYR,False
9.30265650387502,-9.381133762125708,LPV,LMC562.02.7929,LPV,False
-4.4873037413021475,-1.9614860256468456,LPV,LMC562.10.38,LPV,False
-0.7705149922633179,-2.177575448926662,PULS,LMC563.18.6591,RRLYR,False
-1.483359270910729,1.672802606862917,LPV,LMC562.10.8603,LPV,False
-2.3087649596844937,-0.8929668352065854,PULS,LMC571.16.6414,RRLYR,False
-2.0112896350172362,-2.3752943183243325,LPV,LMC563.09.27,LPV,False
-2.29835367951118,-0.8720125288509231,PULS,LMC562.19.929,RRLYR,False
-3.2097723396167543,-0.21372987019997042,BINARY,LMC563.09.6527,ECL,False
-2.6952022840849,-0.531007349454476,BINARY,LMC562.10.9417,ECL,False
-2.856158709819871,-0.4153996486807533,BINARY,LMC563.01.1681,ECL,False
12.49932467836916,-17.45326437295344,LPV,LMC563.01.7254,LPV,False
-2.6806286433707616,-0.5538303782981022,BINARY,LMC563.09.6728,ECL,False
-0.2775144896610722,2.0775057167611957,LPV,LMC562.02.2,LPV,False
-2.293954063459179,-0.8551635942793996,PULS,LMC563.09.6173,RRLYR,False
-2.620407375436193,-0.6320394773823625,BINARY,LMC562.02.9561,ECL,False
-2.855504331495107,-0.5341310169264993,BINARY,LMC562.10.9432,ECL,False
-2.3311843492969517,-0.84979268164424,PULS,LMC562.10.143,ACEP,False
-2.5575520968871532,-0.6638169013087174,PULS,LMC563.18.823,RRLYR,False
4.2964006673504285,6.797160102688935,LPV,LMC562.10.8628,LPV,False
-3.3930490613230226,-0.33571626706088675,BINARY,LMC571.16.5121,ELL,False
-2.2945894110157674,-0.8738207349907585,PULS,LMC571.25.5830,RRLYR,False
0.4098433742510861,3.7872079012469397,LPV,LMC571.16.21,LPV,False
13.387274475763448,0.4925828762427462,LPV,LMC563.26.7,LPV,False
-0.16065096055363437,1.5921715079832313,LPV,LMC562.19.18,LPV,False
-5.20990975055104,-2.4627786939527585,LPV,LMC563.01.45,LPV,False
-3.083879304630338,-0.2843139666783083,BINARY,LMC562.10.10687,ECL,False
-2.142928203444181,-3.8789227265845136,LPV,LMC563.18.30,LPV,False
22.491234548033056,3.4301703189951596,LPV,LMC563.18.5883,LPV,False
-2.9291417859612445,0.32855451369971844,LPV,LMC563.09.1,LPV,False
53.55750195848989,-44.87338554720796,LPV,LMC563.01.78,LPV,False
-2.3189588899636013,-0.844983865542293,PULS,LMC563.26.6113,RRLYR,False
-1.9541911106779974,-1.1493822552056867,PULS,LMC562.19.949,RRLYR,False
-2.7575850325365785,-0.5189434409776686,BINARY,LMC563.26.3569,ECL,False
-2.7294402500376815,-0.5005417279205618,BINARY,LMC563.26.1560,ECL,False
-2.6610442328555513,-0.5712304086930824,BINARY,LMC562.27.966,ECL,False
-2.325212388958707,-0.8374134437874108,PULS,LMC562.10.910,RRLYR,False
-3.912775124961742,-2.886561802715974,LPV,LMC562.10.98,LPV,False
-4.782277666891319,-3.5979448692431495,LPV,LMC563.01.40,LPV,False
-3.608642831611524,-1.9356969618746755,LPV,LMC562.19.8127,LPV,False
4.506146317089025,-6.719163017733157,BINARY,LMC562.27.12303,ECL,False
-2.72304533237371,-0.4918599664930113,BINARY,LMC562.10.766,ELL,False
-2.6266092778376238,-0.5780571299738501,PULS,LMC562.02.921,RRLYR,False
7.850234848432685,12.497625587318046,LPV,LMC563.01.7272,LPV,False
-0.6296904788285147,2.4962408333492396,LPV,LMC562.19.8122,LPV,False
-4.877192868871806,-2.3609237009447255,LPV,LMC562.02.8,LPV,False
-4.187132213941666,-1.7951970064560647,LPV,LMC563.09.28,LPV,False
-2.997189352535986,-0.2962658070619812,BINARY,LMC563.09.1481,ECL,False
-0.8911205723665347,2.576284135480873,LPV,LMC562.02.7,LPV,False
-2.3006608440600584,-0.8550329054540851,PULS,LMC563.26.793,RRLYR,False
-3.6207134645250676,-2.479737594370809,LPV,LMC563.01.7252,LPV,False
-1.2933309763133656,0.37451156190865786,LPV,LMC562.02.39,LPV,False
-0.8590143399352286,2.45371224439395,LPV,LMC562.02.46,LPV,False
2.9662514406903417,-1.2227553765442964,LPV,LMC562.27.3,LPV,False
9.721741810453377,-14.663942667984655,LPV,LMC562.27.16,LPV,False
-3.9602839296011467,-0.8490110824445986,LPV,LMC571.25.5442,LPV,False
-4.057173883319751,-3.024790350934879,LPV,LMC563.01.7,LPV,False
-5.2606083430870605,-3.41482168568759,BINARY,LMC562.10.8612,ELL,True
-3.5888550837031286,-0.8461181374833255,LPV,LMC563.01.10,LPV,False
16.560669060112282,22.589008223496677,LPV,LMC562.27.39,LPV,False
-3.3453107403521343,-0.305702410851189,BINARY,LMC571.16.5128,ELL,False
-3.2154940071262215,-0.22044963042302335,LPV,LMC563.01.7248,LPV,False
-2.227178443367925,-0.9261196583331642,PULS,LMC571.16.1226,DSCT,False
-2.2931994893499827,-0.910913135958697,PULS,LMC563.09.9182,DSCT,False
21.404956031385062,-23.56388695694239,LPV,LMC562.27.9461,LPV,False
-2.8499620816659035,-0.3950857680271083,BINARY,LMC562.27.2522,ECL,False
-4.28084522099708,-1.9959624757603074,LPV,LMC562.19.56,LPV,False
-2.9525463024267564,-0.3278747657832132,BINARY,LMC571.25.1016,ECL,False
2.238012595694509,-3.229790037142979,LPV,LMC563.01.11,LPV,False
15.772229957736613,21.51966730785739,LPV,LMC562.27.36,LPV,False
-4.0890505391202705,-3.112499717047834,LPV,LMC571.25.39,LPV,False
-2.8699998523780863,-0.527198124325447,BINARY,LMC563.26.1060,ECL,False
-2.7416804499288343,-0.5182139489567127,BINARY,LMC563.26.6784,ECL,False
0.23173150768918882,3.6436744337141027,LPV,LMC563.01.7315,LPV,False
-2.7033496055808017,-0.5176571758489701,BINARY,LMC562.02.986,ECL,False
-5.028956623535908,-2.6907218008216587,LPV,LMC563.09.33,LPV,False
-2.926522285789406,-1.1540605080829263,LPV,LMC563.18.5931,LPV,False
-3.957013479303916,-1.423199175403525,LPV,LMC562.02.28,LPV,False
-4.582691822758025,-2.0883664207730255,LPV,LMC562.27.35,LPV,False
13.364600896317711,18.573664938782617,LPV,LMC563.26.5556,LPV,False
-2.827420902551291,-0.5378651438592126,BINARY,LMC563.09.7982,ECL,False
-2.789399187828187,-0.5293405307614145,BINARY,LMC562.19.2579,ECL,False
-2.589936076737488,-0.6502121131289511,BINARY,LMC563.18.1686,ECL,False
-2.662201873210161,-0.566317588524183,BINARY,LMC563.09.6794,ECL,False
-2.7027855701308674,-0.5525658130321714,BINARY,LMC563.09.3805,ECL,False
-2.842935439789421,-0.37432109244141526,BINARY,LMC571.25.717,ECL,False
0.25820408642344583,3.7125174632905216,LPV,LMC562.02.7920,LPV,False
-2.31549227887937,-0.8677639911121454,PULS,LMC563.09.6763,RRLYR,False
-2.6721392889261892,-0.5314189263787156,BINARY,LMC563.09.709,ECL,False
-4.787501342642618,-2.416617381615632,LPV,LMC563.01.7273,LPV,False
-3.771625750700819,-1.1299452426468233,LPV,LMC562.27.9448,LPV,False
11.79822340752207,16.894067088972555,LPV,LMC563.01.23,LPV,False
-2.6103258600312396,-0.550085894155364,BINARY,LMC563.01.8174,ECL,False
74.80147001360736,-67.7499205237024,LPV,LMC562.10.57,LPV,False
-5.311674241612986,-3.0081197467018255,LPV,LMC562.27.148,LPV,False
-4.145278082235988,-1.6169996421490467,LPV,LMC571.25.26,LPV,False
-2.293424368039665,-0.8785527300345225,PULS,LMC571.25.6152,RRLYR,False
-2.9828654415662834,-0.3106692389972967,BINARY,LMC562.19.1974,ECL,False
-3.589450875715952,-2.4599499418088824,LPV,LMC563.18.5907,LPV,False
-2.7389690624892444,-0.5100763432389285,BINARY,LMC563.01.8281,ECL,False
-2.707659251361003,-0.5019878232300874,BINARY,LMC563.01.7251,ECL,False
-4.401876303501902,-1.5644106640562203,LPV,LMC571.25.12,LPV,False
-2.583412255301754,-0.6441526436989236,BINARY,LMC562.27.11503,ECL,False
-2.15434285478032,-0.9737383734891235,PULS,LMC563.26.6969,DSCT,False
-2.8859165919355747,-0.3560688543417583,BINARY,LMC571.16.5875,ECL,False
-2.64713983061445,0.6502713357419374,LPV,LMC571.25.5441,LPV,False
20.32102681659097,2.2689131932249955,LPV,LMC563.01.29,LPV,False
2.2439931342692088,6.392946650151607,LPV,LMC562.02.7925,LPV,False
-2.3053749173055973,-0.8280434892784512,PULS,LMC571.25.5482,DCEP,False
-2.291548338800547,-0.8872369988857056,PULS,LMC563.09.967,RRLYR,False
-4.841904135228631,-2.4582068559717225,LPV,LMC562.27.34,LPV,False
-4.338009428862245,-2.966252281199278,LPV,LMC562.27.60,LPV,False
-4.245482457318908,-1.6834226424306287,LPV,LMC562.02.1,LPV,False
-2.7362396375082305,-0.5078574502239815,BINARY,LMC563.01.550,ECL,False
-3.0301150911820174,-0.24749604749981402,BINARY,LMC563.01.8768,ECL,False
-4.24055766456274,-1.7414349345560272,LPV,LMC563.26.39,LPV,False
37.72432356279035,-29.639113393053588,LPV,LMC562.27.9474,LPV,False
-2.0958250002334755,1.4253270641638949,LPV,LMC571.25.5432,LPV,False
-3.0469403611832044,-0.26046791019542714,BINARY,LMC562.19.468,ECL,False
-2.766904537649262,-1.3250286953493542,LPV,LMC562.02.7923,LPV,False
-2.707537095175848,-0.5055452646285716,BINARY,LMC562.27.2231,ECL,False
-4.058194299584541,-2.988360697100674,LPV,LMC571.16.5061,LPV,False
-2.290904163577013,-0.8916963497453414,PULS,LMC562.19.357,RRLYR,False
-2.9246887467264755,-0.3696127659811798,BINARY,LMC562.19.2016,ECL,False
-2.680961476550963,-0.4725600853454667,BINARY,LMC563.01.7427,ELL,False
-2.4261798106755723,-0.7848371452949068,BINARY,LMC563.01.10033,ECL,False
4.9346640664316395,0.10191250144390807,LPV,LMC563.01.7247,LPV,False
-2.8480704181833567,-0.43374923129554227,BINARY,LMC563.09.9668,ECL,False
-2.6119302335579646,-0.6077536161221491,BINARY,LMC563.26.7136,ECL,False
-4.78810008396005,-3.6453572948847617,LPV,LMC562.27.9462,LPV,False
10.851793984167116,15.841090582723542,LPV,LMC562.27.9479,LPV,False
11.91900537964868,17.193448141142067,LPV,LMC562.10.8619,LPV,False
-2.678669492057664,-0.5387365061102443,BINARY,LMC562.27.928,ECL,False
-2.7869414047571,-0.4150235685600672,BINARY,LMC562.19.8132,ECL,False
-3.8191557433212795,-2.7920402023395905,PULS,LMC571.25.734,RRLYR,False
-2.2908241247903365,-0.8556626283321132,PULS,LMC571.25.3365,DSCT,False
0.2522408465974242,3.508698595548223,LPV,LMC562.02.26,LPV,False
-5.098176060791027,-2.631382707442407,LPV,LMC562.27.12,LPV,False
-2.5969260594433194,-0.620401727413809,PULS,LMC571.25.587,RRLYR,False
26.637563170917915,-22.525871794479002,LPV,LMC562.10.8629,LPV,False
-2.6895263708294084,-0.5186428472002743,BINARY,LMC562.10.9600,ECL,False
-4.394936245277315,-2.071973080208653,LPV,LMC562.27.9499,LPV,False
-2.681250712282255,-0.5689904080080883,BINARY,LMC563.09.1795,ECL,False
6.284447317013398,-3.4424355618474616,LPV,LMC563.26.31,LPV,False
-2.999765651981329,-0.24076938322400293,BINARY,LMC562.02.8163,ELL,False
-2.897575705830701,-0.33652724258760564,BINARY,LMC563.26.5794,ECL,False
1.356451392384324,4.977736827774656,LPV,LMC562.02.7917,LPV,False
0.32103953707572197,4.066578694537313,LPV,LMC563.26.5543,LPV,False
-3.008878716745045,-0.3630375295535332,BINARY,LMC563.18.7040,ECL,False
0.5021035495222566,4.331812549974792,LPV,LMC562.10.8575,LPV,False
-2.7055961423375203,-0.5602284775509964,BINARY,LMC562.27.1592,ECL,False
35.67050212713139,-17.113268230852505,LPV,LMC562.19.20,LPV,False
-2.604340078118587,-0.597941744451408,PULS,LMC562.10.1292,RRLYR,False
-2.704040851556371,-0.5724391723531482,BINARY,LMC563.26.5787,ECL,False
-2.935206712374699,-0.33538535344980336,BINARY,LMC562.10.9227,ECL,False
-4.288369576851449,-1.7093743870518985,LPV,LMC571.25.40,LPV,False
-4.790695726861293,-2.3421986964175687,LPV,LMC571.25.38,LPV,False
18.189538373384107,-21.95028555429624,LPV,LMC562.27.13,LPV,False
10.396900811980142,-15.301943509431526,LPV,LMC563.09.2,LPV,False
-4.4927206815239416,-1.9875972051423776,LPV,LMC563.09.35,LPV,False
-2.1755405177615645,0.9144503297919837,LPV,LMC563.26.5540,LPV,False
-2.005140304326524,-1.1143673882528378,PULS,LMC562.19.9237,RRLYR,False
-2.2656536286283924,-0.8873939005130954,BINARY,LMC562.02.843,ECL,False
7.944358187552065,11.129146144774985,LPV,LMC562.27.9446,LPV,False
1.2093216538594107,4.844798784400633,LPV,LMC562.27.9451,LPV,False
-2.1473651940125085,-0.9962268959582664,PULS,LMC563.26.3599,DSCT,False
-1.8636326708424198,1.0922687549837078,LPV,LMC563.26.3,LPV,False
-1.8122338623867993,-1.3214310992012401,BINARY,LMC562.10.2895,ECL,False
-2.289596914180927,-0.8852577279142311,PULS,LMC563.18.594,RRLYR,False
-2.9678748130828305,-0.3492087149892879,BINARY,LMC562.10.13033,ECL,False
-2.729666177460606,-0.4963159962252241,BINARY,LMC562.10.8766,ECL,False
-2.6181286237900863,-0.5939061477646336,BINARY,LMC562.19.1758,ECL,False
-2.729752403861789,-0.5087968434072818,BINARY,LMC562.10.10923,ECL,False
-4.190047232225588,-3.208066742950612,PULS,LMC562.27.45,DSCT,False
-2.700172189939022,-0.503210401904245,BINARY,LMC563.26.6197,ECL,False
-2.896677107604362,-0.349364252086496,BINARY,LMC563.01.7961,ECL,False
-2.1533869015474383,-0.9842255332981691,PULS,LMC563.26.6593,DSCT,False
4.797418612641143,7.788974311412815,LPV,LMC563.01.30,LPV,False
-2.334594769840847,-0.8425507989655148,PULS,LMC563.01.8432,DSCT,False
-3.0608247197258014,-1.8227790977040905,LPV,LMC562.27.9459,LPV,False
-2.635333954314675,-0.5850505689535401,PULS,LMC571.24.441,RRLYR,False
-2.6588544603746183,-0.5818048339863545,BINARY,LMC562.27.592,ECL,False
3.129986540724392,5.572183537077118,LPV,LMC562.27.9452,LPV,False
4.648846074972747,8.928098219078844,LPV,LMC562.02.48,LPV,False
-3.073773634959241,-0.19303006966747438,BINARY,LMC562.02.334,ELL,False
-3.2702665607651644,-1.7525483485487596,LPV,LMC562.10.8553,LPV,False
-3.682043863510807,-2.605666038113922,LPV,LMC571.24.35,LPV,False
-3.6192447789957085,-2.348459234173751,LPV,LMC562.19.8,LPV,False
0.4179529580008814,4.136398257886206,LPV,LMC563.09.6135,LPV,False
-3.993371371706716,-2.9884271021078614,LPV,LMC562.27.9450,LPV,False
-3.0711043976766415,-0.2184119558022345,BINARY,LMC571.24.5389,ECL,False
-3.6261307692449365,-2.523342054353922,LPV,LMC562.10.8608,LPV,False
-3.8463736760253644,-1.2587739671259703,LPV,LMC562.19.8144,LPV,False
-2.805733191558587,-0.4395780475407473,BINARY,LMC562.10.1712,ECL,False
-3.9155753106451447,-2.7635274238002507,LPV,LMC563.18.6,LPV,False
-3.9076628883209494,-1.3917068736159726,LPV,LMC563.18.27,LPV,False
4.809191565643573,-5.845761375244793,LPV,LMC563.09.6,LPV,False
4.8569735427259575,7.732088669968396,LPV,LMC562.10.8567,LPV,False
-4.348380572241863,-1.8443769664844336,LPV,LMC562.27.9456,LPV,False
-2.6198192747672846,-0.589143733820111,PULS,LMC562.10.1062,RRLYR,False
-2.6921684032970234,-0.5662916790398024,BINARY,LMC562.10.2913,ECL,False
-2.2938658237694955,-0.881328765387008,PULS,LMC562.27.10510,RRLYR,False
-3.0811424167572645,-0.37740672134956077,BINARY,LMC562.27.3131,ECL,False
-2.6815903004272457,-0.5485393108360752,BINARY,LMC562.02.8736,ECL,False
-2.286139404658925,-0.8771504592648842,PULS,LMC563.26.888,RRLYR,False
-2.889172369634349,-0.4095789881091183,BINARY,LMC571.24.6009,ECL,False
-4.566986382492868,-2.1122602036072378,LPV,LMC571.24.33,LPV,False
-2.7030334909400064,-0.4932207837410356,BINARY,LMC562.02.8146,ECL,False
-5.277268287369886,-3.45411892193009,BINARY,LMC562.10.8621,ELL,False
-2.636483462379117,-0.5710240187552181,BINARY,LMC562.19.9419,ECL,False
-2.6303451626421186,-0.5854345331796705,BINARY,LMC563.18.6477,ECL,False
-2.8184472912270446,-0.5292836141777577,BINARY,LMC562.27.1380,ECL,False
-4.292514359842973,-1.7879925239934733,LPV,LMC571.24.4643,LPV,False
-3.8607091618387956,-2.742748319372309,LPV,LMC562.02.7965,LPV,False
-2.3092637332274886,-0.8351843391018843,PULS,LMC571.32.906,RRLYR,False
-3.021056024913491,-0.25156885906867643,BINARY,LMC571.24.5281,ECL,False
-2.2948703366970507,-0.8796240505870565,PULS,LMC562.02.1137,RRLYR,False
-2.2701945457168495,-0.9131141515030858,PULS,LMC562.27.5330,DSCT,False
-2.518967158342496,-0.673918420836336,PULS,LMC563.01.982,RRLYR,False
-2.6268187966527465,-0.5757393925662131,PULS,LMC562.02.1160,RRLYR,False
-3.478616628253165,-0.0017202401049782878,LPV,LMC562.02.35,LPV,False
-3.3216764391229607,-0.3646841132879201,LPV,LMC571.32.3614,LPV,False
1.2491207909078752,-0.6469587824126822,LPV,LMC562.10.77,LPV,False
47.92279955344989,-46.85484917336055,LPV,LMC563.09.37,LPV,False
-0.2264110159682584,3.333851464597573,LPV,LMC571.24.4618,LPV,False
-0.9424533808504516,-2.022804332141364,PULS,LMC571.15.669,RRLYR,False
-2.9847084715363263,-0.343957637369537,BINARY,LMC562.02.759,ECL,False
-2.8568837384175185,-0.38230702042108267,BINARY,LMC563.18.6470,ECL,False
-0.696619932226668,2.6107843983035695,LPV,LMC562.02.7934,LPV,False
-2.3224041270792775,-0.8652436358042683,PULS,LMC563.01.11963,DSCT,False
-2.790433532874306,-0.4262094743139282,BINARY,LMC563.09.6874,ECL,False
16.510055755955754,1.7611758237490667,LPV,LMC563.18.20,LPV,False
10.449307456260676,15.668494030980376,LPV,LMC563.01.24,LPV,False
-2.5892411962393593,-0.5883072476775901,BINARY,LMC562.27.9942,ECL,False
4.598131164119802,0.3218147193663926,LPV,LMC563.01.3,LPV,False
-2.7074200435847255,-0.504289155559702,BINARY,LMC571.15.5107,ECL,False
-4.7722602074276566,-3.6875645265178,LPV,LMC571.32.3647,LPV,False
-4.343289751242398,-1.7835048325493157,LPV,LMC571.24.2,LPV,False
-2.484762469014552,-0.6902424061229901,PULS,LMC563.09.7774,DSCT,False
-2.9439711237980255,-0.2896355508029112,PULS,LMC562.27.37,DCEP,False
-2.9758880689715075,-0.31708728397618624,BINARY,LMC563.09.7509,ECL,False
-4.60657676831957,-2.040336402527231,LPV,LMC562.27.24,LPV,False
37.08404283835127,-17.29964325097508,LPV,LMC562.27.20,LPV,False
2.893887232849181,6.7629578399359955,LPV,LMC562.10.8581,LPV,False
2.21008941042572,4.463603072105394,LPV,LMC571.32.3622,LPV,False
-2.2814291557089112,-0.848282740687919,BINARY,LMC562.10.8579,ECL,False
-2.9152108006096156,-0.40457850748072005,BINARY,LMC571.32.5994,ECL,False
1.9872410038765418,6.151137735096614,LPV,LMC571.15.13,LPV,False
-4.458812624622173,-2.1286016150464024,LPV,LMC562.27.58,LPV,False
-2.9833430849438676,-0.26372190005873036,BINARY,LMC562.10.94,ECL,False
-2.711443372824734,-0.5768244864751259,BINARY,LMC571.24.1390,ECL,False
-3.9216529009299625,-1.4357395595354556,LPV,LMC562.19.8142,LPV,False
-3.939229080519095,-1.4194613366417514,LPV,LMC562.10.8633,LPV,False
-3.048015558166585,-0.30822287739732845,BINARY,LMC563.09.2978,ECL,False
9.68342175160915,14.623893771062136,LPV,LMC563.01.28,LPV,False
2.2159296813960987,-1.3014222527739048,LPV,LMC571.32.25,LPV,False
-2.7383938876017373,-0.533974366015366,BINARY,LMC563.26.2533,ECL,False
0.2874518499415144,3.7573439918028972,LPV,LMC571.07.4991,LPV,False
-2.190385097952955,0.7771742163249264,LPV,LMC563.09.20,LPV,False
-2.7631752183182945,-0.5059624921706465,BINARY,LMC562.27.1903,ECL,False
9.369845313230986,13.006393843474806,LPV,LMC563.18.10,LPV,False
-2.695282636700291,-0.5227317413199608,BINARY,LMC571.32.4333,ECL,False
-2.3345459326746165,-0.8442948633831935,PULS,LMC562.10.2379,DSCT,False
2.3964422320829337,4.746992199989217,LPV,LMC563.18.5891,LPV,False
13.042351217489905,-6.306369995694852,LPV,LMC571.32.3616,LPV,False
-2.9235380900524297,-0.3709056730096937,BINARY,LMC562.19.9026,ECL,False
-2.5585840042757804,0.27335063397690473,LPV,LMC571.32.3617,LPV,False
-2.7046884762324646,-1.6943859684676623,LPV,LMC562.19.8175,LPV,False
-5.139769307111519,-2.1782036203541075,LPV,LMC571.15.9,LPV,False
-3.4779136494596745,-0.37508791088328686,LPV,LMC562.02.7913,LPV,False
-2.2921174565398177,-0.9469882254948665,BINARY,LMC563.18.6551,ECL,False
27.00611243662737,-17.837711546204883,LPV,LMC563.09.6154,LPV,False
18.60814311614085,25.05068770808262,LPV,LMC570.16.6706,LPV,False
-2.6731816480259565,-0.5601205103259219,BINARY,LMC562.10.10082,ECL,False
9.889739366294037,14.845806237018007,LPV,LMC571.24.4638,LPV,False
14.826263532897919,-19.190145386894564,LPV,LMC562.10.8614,LPV,False
5.653373025246052,10.242831031498739,LPV,LMC562.27.15,LPV,False
-2.2998703494108117,-0.8541508811805929,PULS,LMC563.09.729,RRLYR,False
-2.345577210120367,-0.9231433144806728,BINARY,LMC571.24.1411,ECL,False
-0.19901158133276198,2.9958709213311714,LPV,LMC562.27.9453,LPV,False
25.484433771114134,-27.18545546842594,LPV,LMC563.01.7275,LPV,False
-1.8164410822881942,1.181173070237924,LPV,LMC562.27.9501,LPV,False
0.5473725886675518,4.100279625935514,LPV,LMC562.10.8591,LPV,False
16.126775858281665,1.5743841280458357,LPV,LMC563.01.39,LPV,False
-3.863425140326359,-1.2579729418399346,LPV,LMC562.27.17,LPV,False
-0.8823639371686443,2.2411729446455917,LPV,LMC562.02.7943,LPV,False
-4.0546766664946325,-1.5060397418410738,LPV,LMC562.19.49,LPV,False
-3.9907369713065917,-2.926803482302761,LPV,LMC562.19.16,LPV,False
-0.7411310584310664,2.5555762285100823,LPV,LMC570.25.20,LPV,False
-4.487438477689681,-2.826717909643924,LPV,LMC562.10.8556,LPV,False
-4.260965645096369,-1.6965331469319342,LPV,LMC562.19.12,LPV,False
-4.087263298036778,-1.3963469200213827,LPV,LMC563.01.7245,LPV,False
-4.255907465200687,-1.6258636677417986,LPV,LMC562.10.14,LPV,False
-2.1914962428721045,-0.9475619930034325,PULS,LMC562.27.10592,DSCT,False
3.8219079923574704,7.87439093962341,LPV,LMC571.32.15,LPV,False
-0.9795767203138315,-1.9825849946753784,PULS,LMC563.09.673,RRLYR,False
-5.228956838481741,-2.869964438452457,LPV,LMC562.10.8557,LPV,False
-2.7665250762021456,-0.5210371731901681,BINARY,LMC562.27.11311,ECL,False
-2.300084636982145,-0.8757693835841148,PULS,LMC563.01.8171,RRLYR,False
-2.297819398734836,-0.8856185951647434,PULS,LMC562.02.9042,RRLYR,False
-2.7075210418541102,-0.5234004004536844,BINARY,LMC562.10.2422,ECL,False
-3.036580851924355,-0.2887743059185826,BINARY,LMC562.10.1795,ECL,False
-2.9310812193216913,-0.33822085790192624,BINARY,LMC562.02.10425,ECL,False
-3.030620865502669,-0.26340850826620454,BINARY,LMC562.02.59,ECL,False
-2.68323820648754,-0.5268418126815412,BINARY,LMC562.19.9269,ECL,False
-4.5299302524006935,-2.1156609257910723,LPV,LMC562.27.55,LPV,False
-4.183758125029099,-1.1165582826037266,LPV,LMC571.15.4734,LPV,False
-2.4911033165148644,0.3040637414542706,LPV,LMC562.27.9457,LPV,False
-1.0316652038570406,-1.9720354421897692,BINARY,LMC571.07.1390,ECL,False
8.601501894525054,13.296856210169775,LPV,LMC563.09.6142,LPV,False
-2.7508909553875265,-0.5487837239714367,BINARY,LMC571.32.1593,ECL,False
2.617500703669866,6.406102219656452,LPV,LMC562.02.7944,LPV,False
0.973004015624507,4.825671746530259,LPV,LMC562.27.9447,LPV,False
-2.2958947093885556,-0.8764356421113642,PULS,LMC563.01.1059,RRLYR,False
9.206535204260746,12.568845520989582,LPV,LMC562.02.50,LPV,False
-2.322607017719421,-0.8591610635759661,PULS,LMC571.24.5543,RRLYR,False
-4.8044592565060675,-2.3711444386488116,LPV,LMC562.10.8632,LPV,False
-1.0484105352656803,-1.98509081445031,BINARY,LMC571.07.6725,ECL,False
4.783086151657018,-1.3010162935240623,LPV,LMC562.19.26,LPV,False
-4.059474981782006,-2.9665431023431914,LPV,LMC570.25.21,LPV,False
-2.7752453240043504,-0.5230411227643288,BINARY,LMC562.27.2844,ECL,False
-5.0835458213346225,-3.1170680206547248,LPV,LMC562.10.8611,LPV,False
0.4059542585791811,3.831736724545614,LPV,LMC563.09.21,LPV,False
-3.095884059798675,-0.19165768318963639,BINARY,LMC571.32.128,ECL,False
-1.529965995173583,1.8493177977333433,LPV,LMC562.19.13,LPV,False
-4.581288362678213,-3.457454191439674,LPV,LMC563.09.6150,LPV,False
-2.7670555611045184,-0.5319696581934761,BINARY,LMC563.01.12017,ECL,False
14.759356051213683,20.33665994532185,LPV,LMC571.07.24,LPV,False
9.02841340457179,-11.10476249801987,LPV,LMC571.15.10,LPV,False
-2.927318576830671,-0.37368422722060657,BINARY,LMC571.07.1076,ECL,False
-4.5574721082527425,-1.9905404452922975,LPV,LMC562.27.54,LPV,False
-2.2972117104602474,-0.870850307941468,PULS,LMC562.19.10127,DSCT,False
-2.7593332191081976,-0.5209646526363444,BINARY,LMC570.16.5333,ECL,False
-2.6777222646271728,-0.5513772620768236,BINARY,LMC562.02.683,ECL,False
-2.63251581619063,-0.5667179060848858,BINARY,LMC570.25.913,ECL,False
-2.7221056452435564,-0.49988094481963535,BINARY,LMC562.19.8341,ECL,False
-2.298747303061579,-0.8510067772714206,PULS,LMC571.15.5371,RRLYR,False
5.664203902179859,9.992275026390645,LPV,LMC562.10.41,LPV,False
6.154108727668311,-0.8176381374618061,LPV,LMC562.02.19,LPV,False
-4.310771306129611,-1.6592648099248393,LPV,LMC571.32.1,LPV,False
-2.691496861476554,-0.5398096237360893,BINARY,LMC570.25.3877,ECL,False
-2.2948174929893734,-0.8941464582866762,PULS,LMC571.15.641,RRLYR,False
-2.2912594548049507,-0.8990703975105563,BINARY,LMC570.25.4080,ECL,False
-4.713674538085879,-2.3141074305148033,LPV,LMC571.15.4730,LPV,False
-3.831914808562251,-2.7847795967138183,PULS,LMC562.19.932,RRLYR,False
-2.3132759901753417,-0.8718023583307895,PULS,LMC562.02.7966,DCEP,False
-0.8365904200366465,-2.0901669759496997,PULS,LMC571.15.5187,RRLYR,False
-3.9578438099786464,-2.872092460018762,LPV,LMC571.24.29,LPV,False
-2.471769675215477,-0.7185434468630842,BINARY,LMC562.02.1025,ECL,False
-2.303850722174595,-0.8824888014975345,PULS,LMC562.19.1103,RRLYR,False
-3.085031524132745,-0.6196531589461372,BINARY,LMC562.10.8625,ELL,False
1.103080680395288,-3.7796389050706365,BINARY,LMC571.15.5642,ECL,False
-3.978016140746357,-2.953231193442962,LPV,LMC562.02.30,LPV,False
-2.712962009712731,-0.49703409728355946,BINARY,LMC571.15.5114,ECL,False
13.351033894439176,18.711980054922652,LPV,LMC570.25.5829,LPV,False
-2.2962938437085976,-0.8570482423920444,PULS,LMC563.17.663,RRLYR,False
-2.6894995446834655,-0.541750917753004,BINARY,LMC562.10.9557,ECL,False
-4.779734492313855,-2.279382775205951,LPV,LMC563.17.185,LPV,False
-2.3227179977457633,-0.8447859774589265,PULS,LMC562.02.976,RRLYR,False
-0.9557951003801137,-2.0303890964618985,PULS,LMC562.02.9019,RRLYR,False
-2.8921026277896833,-0.3728037104114208,BINARY,LMC562.27.12068,ECL,False
-2.593414190978183,-0.627183242586696,PULS,LMC563.17.6613,RRLYR,False
14.861620105143,20.507379447933214,LPV,LMC562.27.2,LPV,False
-2.3087568985071383,-0.8840117899121019,PULS,LMC571.15.642,RRLYR,False
-2.404515066426538,-0.8044071465816449,PULS,LMC562.27.14667,DSCT,False
-3.548306982490547,-0.7998846778110564,LPV,LMC563.17.17,LPV,False
-2.6939451060555593,-0.5274251376134007,BINARY,LMC563.08.8034,ECL,False
-2.3051028248091603,-0.8837443466881856,PULS,LMC562.27.766,RRLYR,False
10.451817853191919,15.496570740793565,LPV,LMC562.02.29,LPV,False
-2.311801298777636,-0.8381368672053211,PULS,LMC562.10.8561,DCEP,False
17.465556909589058,-19.530960351708714,LPV,LMC562.27.41,LPV,False
-2.605736817199839,-0.5965618437575784,PULS,LMC563.17.851,RRLYR,False
-3.10383702479914,-1.8235146260535116,LPV,LMC563.08.12,LPV,False
2.934792751116725,5.721461467032839,LPV,LMC563.08.6590,LPV,False
-4.485752731713639,-1.3643534800574812,LPV,LMC571.32.22,LPV,False
-3.7551107255689686,-0.5305569285882111,BINARY,LMC562.10.2,ELL,False
-4.829539956199177,-2.3605392369858116,LPV,LMC562.10.8571,LPV,False
1.7460477102875815,5.0993520866778566,LPV,LMC562.19.8121,LPV,False
-2.322622992808216,-0.8314895564418423,PULS,LMC562.02.11,DCEP,False
-0.240748613286081,3.156581502626846,LPV,LMC562.02.33,LPV,False
-0.787970143032193,0.9504648443647075,LPV,LMC562.10.53,LPV,False
-2.664493031045694,-0.5755005030233752,BINARY,LMC571.15.475,ECL,False
-2.816123739642919,-0.4069074678093155,PULS,LMC570.16.6654,DCEP,False
-4.066484442979803,-2.974600002809069,LPV,LMC562.27.5,LPV,False
-2.3050098476574923,-0.865890695948903,PULS,LMC570.25.6627,RRLYR,False
26.978773827656685,2.6807734071501974,LPV,LMC562.19.38,LPV,False
-0.45977261782101664,1.8808866002083666,LPV,LMC570.16.6599,LPV,False
-3.0716748595597467,-0.3521082624150228,BINARY,LMC562.19.10179,ECL,False
-2.746072516554793,-0.5237101514570204,BINARY,LMC571.24.5277,ECL,False
-2.8005373718927844,-0.07041935402546307,LPV,LMC571.24.4628,LPV,False
-2.304296595700227,-0.8751210751787338,PULS,LMC562.02.8770,RRLYR,False
0.5330505116092472,4.059575047774506,LPV,LMC562.02.7970,LPV,False
-4.114959958070388,-1.5010014933833478,LPV,LMC570.25.5805,LPV,False
-2.298214213347892,-0.8711820273720259,PULS,LMC563.17.753,RRLYR,False
-3.0133694294642317,-0.25403539672993636,BINARY,LMC571.07.1313,ECL,False
-4.6280665092807585,-2.1252050331346686,LPV,LMC570.25.5,LPV,False
-2.640581237749425,-0.5668751754596848,BINARY,LMC570.25.6657,ECL,False
-2.8440581789551747,-0.5460430972506144,BINARY,LMC571.15.4799,ELL,False
-0.2115575322215788,2.9803898507257456,LPV,LMC570.16.6622,LPV,False
-2.295136764852645,-0.8772628331240535,PULS,LMC571.07.571,RRLYR,False
26.13803986701647,11.28860936973253,LPV,LMC562.10.8630,LPV,False
23.390199291623002,-25.580159327325806,LPV,LMC562.19.8125,LPV,False
-2.7409560934999515,-0.5198532253075571,BINARY,LMC563.08.60,ECL,False
-2.7275347047667107,-0.5315099191847374,BINARY,LMC571.32.289,ECL,False
1.7301659227134545,5.219157825926995,LPV,LMC562.19.8152,LPV,False
-3.0361630871763703,-0.2982195064220332,BINARY,LMC571.24.1453,ECL,False
-3.212007194597021,-0.570317722226642,LPV,LMC571.07.38,LPV,False
-0.1122176918268245,3.015656403718884,LPV,LMC562.19.48,LPV,False
6.532208807211396,10.962009967638714,LPV,LMC570.16.17,LPV,False
-3.818038470013466,-1.2748580672902725,LPV,LMC562.19.8154,LPV,False
-2.710807006374481,-0.49718193235475777,BINARY,LMC562.19.136,ECL,False
2.684617529345121,5.40670328192114,LPV,LMC562.10.7,LPV,False
-2.783002049022031,-0.5313190153751419,BINARY,LMC563.17.6448,ECL,False
-2.700181434275377,-0.522800735427694,BINARY,LMC563.08.7707,ECL,False
-2.2918663222470426,-0.8801993779938438,PULS,LMC563.17.642,RRLYR,False
8.535568637180035,13.148505670687738,LPV,LMC563.17.12,LPV,False
-2.7018007247689773,-0.5315691099442148,BINARY,LMC570.25.3032,ECL,False
3.4682060258326457,7.489487817243674,LPV,LMC562.02.7953,LPV,False
-4.689709973432244,-1.9736307089138811,LPV,LMC571.32.3630,LPV,False
-2.6384356833523275,-0.5440369626401992,BINARY,LMC562.10.206,ECL,False
-4.372051769625122,-3.2189878508265988,PULS,LMC571.24.1971,DSCT,False
10.589144518902486,15.60346408580888,LPV,LMC563.17.5858,LPV,False
-0.9995576718482693,2.071126387846479,LPV,LMC562.02.7941,LPV,False
2.709071814909371,6.398420515398766,LPV,LMC562.02.7939,LPV,False
2.1493594193946555,5.687742413498471,LPV,LMC570.16.6614,LPV,False
-3.417345364550183,-3.1428685325039467,PULS,LMC571.15.457,RRLYR,False
-2.2869245784609595,-3.7692321522418135,LPV,LMC563.08.2,LPV,False
14.532195830868858,20.120171653856097,LPV,LMC563.08.34,LPV,False
-3.579597652996452,-2.4413125731707264,LPV,LMC571.32.20,LPV,False
-2.3187861182532776,-0.8341915817139733,PULS,LMC571.24.634,RRLYR,False
-2.915556939548363,-0.3623900091119592,BINARY,LMC563.17.412,ECL,False
-3.7536412273744166,-1.1757410751378314,LPV,LMC563.17.13,LPV,False
-2.7153189588709825,-0.5342303322944092,BINARY,LMC563.08.899,ECL,False
-4.530312634638593,-2.093549256883168,LPV,LMC570.25.5814,LPV,False
-2.3201031849273686,-0.8376603048439504,PULS,LMC570.25.6878,RRLYR,False
-1.9151356761808904,-1.1876202258848474,PULS,LMC571.24.4968,RRLYR,False
-3.077768983358669,-0.6454741611994524,BINARY,LMC563.08.59,ELL,False
-3.0430510764252237,-0.30034419919622224,BINARY,LMC571.24.1264,ECL,False
-3.087963750413212,-0.19413313720871728,BINARY,LMC571.24.234,ELL,False
5.987660508868635,10.577525175703569,LPV,LMC563.08.40,LPV,False
14.89609163294719,20.773587252764486,LPV,LMC563.17.23,LPV,False
-3.9982514038603107,-1.2809965124195606,LPV,LMC571.24.4,LPV,False
-2.6852119565964268,-0.48441689339801275,BINARY,LMC563.08.4,ECL,False
-2.981765163551674,-1.415600939433281,LPV,LMC562.10.12,LPV,False
-2.29780356912133,-0.8466370530735421,PULS,LMC571.24.462,RRLYR,False
-1.5028154847135864,-1.5658024231668424,PULS,LMC571.15.5635,RRLYR,False
-2.321816646813726,-0.8639979826107633,PULS,LMC571.24.5160,RRLYR,False
-4.830533240903201,-2.3982555967821955,LPV,LMC571.15.15,LPV,False
7.734458419573161,-2.5572016306791303,LPV,LMC563.08.6569,LPV,False
0.9209164000489203,4.678185309543675,LPV,LMC571.32.3623,LPV,False
-4.904936810017192,-2.3950881484065336,LPV,LMC562.02.7950,LPV,False
-0.2307603210607656,1.069605118377961,LPV,LMC563.17.6,LPV,False
-4.091995039028594,-3.041957622552678,LPV,LMC571.32.14,LPV,False
-2.3197128475489364,-0.8504482250461376,PULS,LMC562.02.8742,RRLYR,False
-5.6878929626608175,-3.112429632992101,BINARY,LMC571.32.42,ELL,False
0.274012567327901,3.5460928988961973,LPV,LMC570.25.5834,LPV,False
5.087957599789352,9.37493416179336,LPV,LMC562.18.8028,LPV,False
-4.868464092138257,-2.4622955546667313,LPV,LMC571.15.31,LPV,False
-2.2683691878963197,1.0916762389390353,LPV,LMC563.17.5835,LPV,False
-2.330960579639925,-0.8409373328852692,PULS,LMC571.15.5499,RRLYR,False
-2.7101249058192445,-0.5522417983190957,BINARY,LMC571.32.1172,ECL,False
-2.6516670487063,-0.5951422311389613,BINARY,LMC562.18.8834,ECL,False
-2.754957748970541,-0.5324646989343546,BINARY,LMC571.07.6474,ECL,False
-2.1946948464758287,-0.9679557733850346,PULS,LMC562.18.2574,DSCT,False
-1.9348346625350201,-1.1756867374366295,PULS,LMC571.15.5177,RRLYR,False
-0.9407332394543042,-2.0143096624353163,PULS,LMC562.18.8856,RRLYR,False
-2.979893844988807,-0.32110902648282286,BINARY,LMC571.15.7365,ECL,False
25.24347242249345,-28.16420162477639,LPV,LMC563.17.5,LPV,False
-3.003842673453047,-0.2758069150313226,BINARY,LMC571.32.4911,ECL,False
-2.2993587014149672,-0.8813262041709431,PULS,LMC570.25.791,RRLYR,False
-2.2913437542551893,-0.8728235925379587,PULS,LMC570.25.815,RRLYR,False
6.7507779624627835,9.992108632739614,LPV,LMC571.32.29,LPV,False
-1.7009929957325705,-1.3917056118146482,PULS,LMC571.24.868,RRLYR,False
-2.307676145595236,-0.8449729315530059,PULS,LMC562.26.9025,RRLYR,False
-2.696037480532623,-0.505146725223322,BINARY,LMC563.08.7298,ECL,False
-3.481688099951147,-2.2973502049712007,LPV,LMC571.24.9,LPV,False
-2.3035158734198786,-0.8558510191660013,BINARY,LMC570.25.6621,ECL,False
-2.943974934843297,-0.3226877284357257,BINARY,LMC562.18.8991,ECL,False
6.1985844846646065,10.904446939356292,LPV,LMC563.08.31,LPV,False
-5.112381051005782,-2.8358306187908244,LPV,LMC563.17.31,LPV,False
-2.671835218048716,-0.5433625881758283,BINARY,LMC562.09.734,ECL,False
-2.704884098997848,-0.5076333515506477,BINARY,LMC571.15.425,ECL,False
10.963379242140416,15.967763120703939,LPV,LMC562.09.51,LPV,False
-2.8059912568539285,-0.4066917486566536,BINARY,LMC562.01.8061,ECL,False
-2.729448952648387,-0.5092415477317576,BINARY,LMC562.09.10781,ECL,False
-2.3189787169998497,-0.8370275197218331,PULS,LMC562.26.40,DCEP,False
-2.6396573980756046,-0.5970656974462091,BINARY,LMC562.18.2256,ECL,False
-2.5642002332418903,-0.6170578823614724,BINARY,LMC562.01.8838,ECL,False
-4.7747280578117,-2.2956871546825233,LPV,LMC562.26.8057,LPV,False
-3.099388556499652,-0.28831456929534927,LPV,LMC570.25.1,LPV,False
-2.7124227847136395,-0.5409352038606949,BINARY,LMC562.01.5097,ECL,False
-4.866635422120467,-2.516414544285693,LPV,LMC562.18.7980,LPV,False
-2.3044567694095273,-0.8758020718888033,PULS,LMC562.09.8213,DCEP,False
13.316390998361602,-5.067292999308741,LPV,LMC562.09.9,LPV,False
-0.052670868756061306,3.305922504687447,LPV,LMC563.08.32,LPV,False
0.9112923559358701,4.656313273737699,LPV,LMC562.01.6,LPV,False
-2.8671605916887812,0.29677191774496303,LPV,LMC571.15.4716,LPV,False
-4.7465214413666,-2.377620627008269,LPV,LMC570.25.26,LPV,False
-4.76885949080498,-1.9051580279894207,LPV,LMC562.09.8202,LPV,False
13.779889563013349,-5.989215271174403,LPV,LMC562.09.21,LPV,False
-2.5061328155872418,-0.6917072939530506,PULS,LMC571.15.5344,RRLYR,False
-5.611971258647209,-2.979567169860424,LPV,LMC562.01.56,LPV,False
7.664759638099436,-1.9967716512883993,LPV,LMC563.08.6,LPV,False
-2.1521710567251504,-0.45723288980401183,LPV,LMC562.01.7878,LPV,False
-4.591362780912934,-2.069867708848358,LPV,LMC563.17.5834,LPV,False
-3.032239680854789,-0.2794395252529578,BINARY,LMC562.01.8336,ECL,False
-2.847035349638661,-0.40664444135483624,BINARY,LMC563.08.7844,ECL,False
-4.882410528610933,-2.4853701969337134,LPV,LMC562.18.34,LPV,False
-4.344946235401968,-1.938844175042602,LPV,LMC570.16.38,LPV,False
-2.2671822575407607,-5.390542503079183,LPV,LMC571.32.17,LPV,False
13.625260489526166,19.203682317021105,LPV,LMC562.18.17,LPV,False
-2.24874019986534,-0.8541540774158101,BINARY,LMC571.24.4796,ECL,False
-2.295669531364984,-0.8776520010307383,PULS,LMC571.32.4554,RRLYR,False
10.029747783530162,-3.5283317878865725,LPV,LMC571.24.4633,LPV,False
-3.0612259539641364,-0.2461188642357816,BINARY,LMC570.16.8170,ECL,False
17.762661131477525,-19.608729296147207,LPV,LMC562.18.7989,LPV,False
-4.8270525570116485,-2.4345266292087206,LPV,LMC571.24.4639,LPV,False
-2.666978665745355,-0.5373210066473224,BINARY,LMC563.08.572,ECL,False
10.305709813629893,15.529101978525546,LPV,LMC571.15.14,LPV,False
-2.72209694050594,-0.4897450088997316,BINARY,LMC562.01.614,ECL,False
5.30057077614333,9.41320678807355,LPV,LMC562.26.8104,LPV,False
-2.6909247254328763,-0.5597360221881563,BINARY,LMC562.26.8918,ECL,False
-2.854619216059186,-1.0689932976254806,LPV,LMC563.17.47,LPV,False
-4.189746429645358,-3.173520755609066,LPV,LMC562.18.63,LPV,False
-3.0791259950254517,-1.84486233507005,LPV,LMC562.18.8,LPV,False
-2.704659205557971,-0.49771193836491984,BINARY,LMC562.18.1000,ECL,False
-4.13891857595686,-1.3753239246474165,LPV,LMC563.08.6563,LPV,False
-2.3400877493880046,-0.9727911850033205,BINARY,LMC562.09.9071,ECL,False
-2.643341559188995,-0.587404525452525,BINARY,LMC571.15.1018,ECL,False
-2.873044007431787,-0.3759454933096057,BINARY,LMC562.09.9017,ECL,False
-2.731975744084514,-0.5321540321127376,BINARY,LMC571.24.7215,ECL,False
2.7307912931210527,6.825737279267562,LPV,LMC562.09.8214,LPV,False
-1.8567750092334354,-1.1969420812311022,PULS,LMC571.24.212,RRLYR,False
-4.844204528119901,-2.3575212110129202,LPV,LMC562.01.7887,LPV,False
-3.6554425825121153,-0.9946932719841437,LPV,LMC562.26.7,LPV,False
9.668001555924686,14.575731816486392,LPV,LMC562.26.52,LPV,False
6.389778593926764,-0.7574936258676852,LPV,LMC562.01.7872,LPV,False
-1.245912896411085,-1.7700522842681692,PULS,LMC563.08.728,RRLYR,False
-2.317518689445427,-0.8461233804097712,PULS,LMC562.09.1263,RRLYR,False
4.042439870078905,-4.044132643700479,LPV,LMC571.15.23,LPV,False
-2.7668166793752653,-0.5308211747622825,BINARY,LMC571.15.5506,ECL,False
31.226974353580722,5.5930923595815925,LPV,LMC562.18.8004,LPV,False
-2.6926491581166765,-0.5916356543961718,BINARY,LMC571.15.2786,ECL,False
4.036458665242417,8.374052527381068,LPV,LMC563.17.24,LPV,False
-4.692287576247785,-2.2873773729143334,LPV,LMC570.25.5824,LPV,False
-4.749707003382584,-2.256308385166835,LPV,LMC563.08.6574,LPV,False
-2.5999887068363434,-0.6159386533254821,PULS,LMC571.32.4435,RRLYR,False
9.820191351656234,14.912236351814226,LPV,LMC562.09.41,LPV,False
-4.2809980359585955,-2.9345005377316182,LPV,LMC562.26.8075,LPV,False
-2.252767937011395,-1.0026308372402966,BINARY,LMC571.32.2003,ECL,False
32.46499848315023,-18.45658169025392,LPV,LMC563.08.6584,LPV,False
-3.9274787055801585,-1.3682876293764608,LPV,LMC571.15.25,LPV,False
-4.812564108308382,-2.3429430306226404,LPV,LMC563.08.13,LPV,False
-2.30475551480752,-0.8894120934887298,PULS,LMC562.18.940,RRLYR,False
-2.2869895244139298,-0.5035184996611768,LPV,LMC562.09.13,LPV,False
18.55502821557526,24.770819294348378,LPV,LMC563.17.5849,LPV,False
-3.035057304319573,-0.2607155811770189,BINARY,LMC563.17.6440,ECL,False
-2.608048763491704,-0.6092590913426744,PULS,LMC570.25.6639,RRLYR,False
-2.3037791317939313,-0.8631951456481248,PULS,LMC562.01.765,RRLYR,False
-4.468480065014537,-1.9187992881432887,LPV,LMC571.32.19,LPV,False
-4.906499028275642,-2.6699560735930863,PULS,LMC562.09.39,DCEP,False
-2.6975042726500615,-0.4955916042605529,BINARY,LMC562.01.1001,ECL,False
-2.12930002476264,-1.01705749349715,PULS,LMC563.08.2301,DSCT,False
-4.920322447622496,-3.8830679665372054,LPV,LMC562.01.22,LPV,False
-2.637639966301274,-0.5634019325128138,PULS,LMC562.01.8843,RRLYR,False
-3.5697247091095266,-0.45201744736406496,LPV,LMC562.09.1053,LPV,False
-1.8886979912363664,-4.448268675968009,PULS,LMC570.25.492,RRLYR,False
-2.3121035882466128,-0.9061908720839293,PULS,LMC563.08.9987,DSCT,False
2.1689665029776606,6.210245909312028,LPV,LMC562.09.20,LPV,False
-3.871476601320879,-1.166122147087995,LPV,LMC562.01.20,LPV,False
-2.294867770010472,-0.8637013395678532,PULS,LMC563.08.7287,RRLYR,False
-2.3289846569117523,-0.8392205869945719,PULS,LMC571.15.5862,DSCT,False
-2.2908107831419944,-0.8827683355237846,PULS,LMC562.18.889,RRLYR,False
-4.270881616504055,-1.7583877181362813,LPV,LMC571.24.4629,LPV,False
3.4958711574699155,-6.10813138458278,LPV,LMC571.24.14,LPV,False
-2.642444068729436,0.10439883285777452,LPV,LMC562.09.87,LPV,False
-2.7008722094224824,-0.5522453288357952,BINARY,LMC571.32.5675,ECL,False
8.798682422680415,13.496331031533886,LPV,LMC570.16.37,LPV,False
-2.698014044251377,-0.5121167134360759,BINARY,LMC562.01.9036,ECL,False
8.71053495206797,12.037826399514191,LPV,LMC562.01.31,LPV,False
-2.907249650310901,-0.3541853176814803,BINARY,LMC562.09.2412,ECL,False
11.175161495947801,16.495255114548836,LPV,LMC570.25.5815,LPV,False
-2.902988422144351,-0.3707123643848488,BINARY,LMC571.32.5601,ECL,False
-3.1744275090570326,-1.8096257006002034,LPV,LMC562.09.23,LPV,False
26.820915003008363,-14.317682874734187,LPV,LMC562.18.7978,LPV,False
-2.2914328024867876,-0.8725774759549589,PULS,LMC563.08.7104,RRLYR,False
-5.645854955186984,-3.012502907519016,LPV,LMC563.17.42,LPV,False
-3.1167970349233296,-0.4451142023933191,LPV,LMC562.09.8186,LPV,False
-4.725127937954203,-2.264896771724949,LPV,LMC571.24.23,LPV,False
-4.240556117057969,-1.7254211952173113,LPV,LMC571.24.30,LPV,False
-0.9955781513690503,2.1335548598031906,LPV,LMC562.09.8199,LPV,False
3.521221905995345,7.451695768894828,LPV,LMC562.18.8009,LPV,False
8.365919460413497,13.195031105509466,LPV,LMC570.25.16,LPV,False
9.940096264948952,14.978211892278111,LPV,LMC562.18.31,LPV,False
-2.682932785660971,-2.8004189299349864,LPV,LMC571.24.4634,LPV,False
22.450436605180588,-24.656031208122833,LPV,LMC562.01.7890,LPV,False
-1.3322145864031052,-1.7034201911894575,PULS,LMC562.01.857,RRLYR,False
6.26064018860725,10.758151603269456,LPV,LMC562.18.3,LPV,False
-2.7628743609229782,-0.4641019971579956,BINARY,LMC563.17.3,ECL,True
-0.9159467417521292,0.4359702915969069,LPV,LMC562.01.11,LPV,False
-2.7441251598302685,-0.5154701300455508,BINARY,LMC570.25.211,ELL,False
-3.3058210027790116,-0.46138150362182523,LPV,LMC563.17.29,LPV,False
-5.047794076554412,-2.7123381373929716,LPV,LMC562.09.8208,LPV,False
-2.296058165960785,-0.8501508484773135,PULS,LMC563.17.6579,RRLYR,False
-2.7780686220679507,-0.5286080543737961,BINARY,LMC562.26.10622,ECL,False
-3.5354118283133857,-4.875594722054901,LPV,LMC562.01.57,LPV,False
20.595885573412318,-24.229566679863424,LPV,LMC562.01.47,LPV,False
11.803024952791631,-2.101455136498527,LPV,LMC562.01.7879,LPV,False
11.908613073836417,15.632722169675198,LPV,LMC562.26.50,LPV,False
2.3133898284075043,5.897263828636949,LPV,LMC562.26.46,LPV,False
-2.388131726215573,-0.7868897528899265,BINARY,LMC562.09.1141,ECL,False
-1.883565562529279,-1.2069395339591653,PULS,LMC562.26.1182,RRLYR,False
-1.3664421906797302,-1.6833468271935157,PULS,LMC562.01.1170,RRLYR,False
-2.3074110116535818,-0.8861088104240897,PULS,LMC563.08.7421,RRLYR,False
-3.2545296529113834,-1.9777187023186609,LPV,LMC563.08.9,LPV,False
11.128671752767573,0.7219339048289315,LPV,LMC562.09.27,LPV,False
-1.2991368511580685,-1.711341768547975,PULS,LMC562.01.1029,RRLYR,False
-2.6267171286644757,-0.5473562952123345,BINARY,LMC562.01.1165,ECL,False
-4.827404673763497,-2.412893593446324,LPV,LMC571.14.4643,LPV,False
-2.3221870410311256,-0.8347480788744017,PULS,LMC571.06.49,DCEP,False
-3.519410073872703,-0.870253077021587,LPV,LMC562.26.11,LPV,False
-2.6191925569374015,-0.6152536816024764,PULS,LMC562.26.9217,RRLYR,False
1.8993751937206973,5.502409044138987,LPV,LMC563.08.33,LPV,False
-2.9422608032567164,-0.4021147678476714,BINARY,LMC571.23.6502,ECL,False
-2.8671831742474687,-0.5786097716783957,BINARY,LMC562.18.8027,ELL,False
5.452126872352966,9.728567197141423,LPV,LMC570.16.31,LPV,False
-2.925150732903768,-1.492633389728888,LPV,LMC562.09.8173,LPV,False
-4.6419248412528,-2.041624095302625,LPV,LMC571.14.8,LPV,False
7.3260460176792686,10.199847319533834,LPV,LMC570.25.5849,LPV,False
5.2866858021554926,9.356493445258558,LPV,LMC562.01.43,LPV,False
-4.883773604159009,-2.5223870152904997,LPV,LMC571.14.4637,LPV,False
3.2823672297191884,7.554827495588038,LPV,LMC571.31.19,LPV,False
-2.6805438906731984,-0.5491401687968336,BINARY,LMC562.01.9440,ECL,False
-3.517373377364544,-0.434069405149592,LPV,LMC562.09.8283,LPV,False
12.395001114605478,17.535325701589446,LPV,LMC562.26.8067,LPV,False
2.3019191177879623,5.8954961812825255,LPV,LMC562.26.56,LPV,False
1.5690605238251543,4.995172871819381,LPV,LMC563.08.6583,LPV,False
-2.774932482233036,-0.5445945353194469,BINARY,LMC571.23.2052,ECL,False
-2.3058805775024,-0.8689588497162775,PULS,LMC563.17.6432,RRLYR,False
-2.750377256188355,-0.49476264866698744,BINARY,LMC563.08.1241,ECL,False
-2.86342595789346,-0.41460555987566927,BINARY,LMC570.25.3794,ECL,False
0.6259365761393347,-6.3253546627788015,LPV,LMC571.31.1,LPV,False
0.7620000284014647,4.323828085753094,LPV,LMC571.31.17,LPV,False
-2.603246707553873,-0.6122262798569271,PULS,LMC563.17.6434,RRLYR,False
-2.554530050031464,-0.6362673890037979,BINARY,LMC570.25.1207,ECL,False
-2.287360893995731,-0.8630048306549009,PULS,LMC562.01.9811,DSCT,False
-4.868955024744434,-2.5116997618716512,LPV,LMC562.09.8189,LPV,False
-2.707120642364698,-0.502958985163076,BINARY,LMC570.25.952,ECL,True
-4.0711509753150255,-1.3897473451375961,LPV,LMC562.01.2,LPV,False
-2.6860353094155633,-0.49102978175754297,BINARY,LMC562.26.34,ECL,False
-3.058728358688246,-1.885141361190433,LPV,LMC562.01.7893,LPV,False
0.060052868641389257,3.437586199835656,LPV,LMC571.23.4206,LPV,False
-4.260097851189613,-1.73372833801153,LPV,LMC563.17.43,LPV,False
7.899622157125399,-13.103191695618108,LPV,LMC562.01.15,LPV,False
-2.718012663781907,-0.555852836962425,BINARY,LMC571.14.2575,ECL,False
-2.8770300801150084,-0.36016590357813827,BINARY,LMC570.25.1351,ECL,False
-3.4410830707053974,-0.6147141332281916,LPV,LMC571.31.2,LPV,False
-1.8148391261571524,1.60241804344284,LPV,LMC571.14.9,LPV,False
1.4758784871480044,3.4763468274776548,LPV,LMC571.06.20,LPV,False
-2.5905676208218167,-0.6241267361160427,PULS,LMC571.14.5010,RRLYR,False
-2.3204147831481383,-0.8330413249705888,PULS,LMC562.09.1349,RRLYR,False
-3.6353975376797267,-2.5320895809346853,LPV,LMC562.09.40,LPV,False
-2.5520588276813068,-0.6318695155989718,BINARY,LMC570.25.789,ECL,False
-3.984594729164275,-2.9333337873379604,LPV,LMC562.26.26,LPV,False
-2.659927934713075,-0.5840146193419593,BINARY,LMC562.09.1625,ECL,False
-2.42380844213413,-0.806812974799391,PULS,LMC562.18.12289,DSCT,True
11.91450269839903,17.461059481487258,LPV,LMC570.25.5823,LPV,False
19.820586255264594,-22.364501064086724,LPV,LMC571.23.4,LPV,False
3.0092563839150595,5.324093167976661,LPV,LMC562.09.42,LPV,False
-4.439354818071422,-1.8355926224694898,LPV,LMC571.14.4634,LPV,False
-2.665397800439552,-0.5309123977142611,BINARY,LMC562.18.8508,ECL,False
-2.6236381171250787,-0.6010601970488121,PULS,LMC571.14.574,RRLYR,False
-2.693074242599136,-0.48435460982398343,BINARY,LMC571.31.204,ECL,False
-3.441633689206358,-2.2470980720048317,LPV,LMC571.23.4214,LPV,False
12.868083097160778,0.5324342843424676,LPV,LMC562.26.8076,LPV,False
-3.0885242944483675,-0.1862202625729511,BINARY,LMC562.09.803,ELL,False
1.9175630681173361,5.833132411034265,LPV,LMC571.31.22,LPV,False
-2.956710066119881,-0.3689032134407515,BINARY,LMC563.17.8423,ECL,False
-4.301608793165118,-3.3718905065276283,PULS,LMC562.09.5168,DSCT,False
-4.463463189305288,-0.2325371536151158,BINARY,LMC562.18.1655,ECL,False
8.262593005770025,-2.986576443691199,LPV,LMC571.14.25,LPV,False
-2.325887674483284,-0.8359374808208604,PULS,LMC571.31.927,RRLYR,False
9.828394982048696,14.874564336933554,LPV,LMC562.01.7902,LPV,False
11.711583687654432,17.109041103192716,LPV,LMC562.18.27,LPV,False
-2.3043352767464422,-0.8753370150469333,PULS,LMC562.09.49,DCEP,False
-2.2897100294136625,-0.8944200640183144,PULS,LMC571.23.510,RRLYR,False
-2.6727816513817007,-0.5522997771341398,BINARY,LMC563.08.7246,ECL,False
4.2017441002756755,8.284920819280309,LPV,LMC563.17.5848,LPV,False
-2.291372855897597,-0.8560469227400495,PULS,LMC563.17.6680,RRLYR,False
-2.563974149864415,-0.6733155249796292,BINARY,LMC562.09.4461,ECL,False
1.0675237950061338,-3.7321300663076267,PULS,LMC570.25.6407,RRLYR,False
24.430314649802963,-25.6596464204421,LPV,LMC562.26.20,LPV,False
-2.697790100999564,-0.5093012013113837,BINARY,LMC562.09.9339,ECL,False
11.267872162185046,16.369096206700576,LPV,LMC562.01.26,LPV,False
-2.6805642178433264,-0.5472788656382185,BINARY,LMC562.01.8912,ECL,False
3.329126253580778,7.630404432789469,LPV,LMC562.09.6,LPV,False
-2.9095450787177985,-0.396541244488039,BINARY,LMC570.25.4108,ECL,False
26.941363459721934,-13.402269518110112,LPV,LMC571.23.31,LPV,False
-2.6456158672545564,-0.6170481055567513,BINARY,LMC562.18.10081,ECL,False
-3.1442299455723868,-0.2099893487825445,BINARY,LMC571.14.4755,ECL,False
-3.115806782955448,-0.308184556441812,BINARY,LMC562.18.1524,ECL,False
22.182081934910016,0.8608793853475465,LPV,LMC563.08.41,LPV,False
-2.50293655922913,-0.6871829150512072,PULS,LMC571.14.424,RRLYR,False
-2.6949189745893056,-0.5191334170031822,BINARY,LMC571.06.1219,ECL,False
-2.7864361228095746,-1.0969108439475632,LPV,LMC562.18.5,LPV,False
-1.8924263537518424,-1.1998508710508553,PULS,LMC562.01.723,RRLYR,False
3.177968203889349,6.878114165752406,LPV,LMC571.14.29,LPV,False
19.51671948190323,-22.17215127440363,LPV,LMC571.23.27,LPV,False
-2.319150741389292,-0.8975830156790507,PULS,LMC571.14.3817,DSCT,False
10.17358792307806,0.3188802218263369,LPV,LMC563.08.47,LPV,False
-2.334309724170538,-0.8339249894683892,PULS,LMC563.08.824,RRLYR,False
-2.297728411091531,-0.8751706636195231,PULS,LMC571.14.5027,RRLYR,False
-2.1384750271388357,0.6433029699371227,LPV,LMC571.23.33,LPV,False
-0.282930042078811,-0.9941153728307136,LPV,LMC571.23.4222,LPV,False
-2.2309509830148473,-0.9320680593357309,BINARY,LMC562.01.947,ECL,False
31.542031319515736,-27.597437095254524,LPV,LMC571.14.4635,LPV,False
-2.7047477183975435,-0.5948610014634353,BINARY,LMC562.26.5015,ECL,False
-2.6871964379933178,-0.517737513734394,BINARY,LMC571.14.4852,ECL,False
-3.7646489702060277,-0.9529922616096491,LPV,LMC562.01.7869,LPV,False
-0.6125429888825296,2.774223044484888,LPV,LMC571.23.4198,LPV,False
-4.612043234560296,-2.60140535040881,BINARY,LMC562.01.100,ECL,False
-3.8025498031283504,-1.0390885591572034,LPV,LMC562.09.4,LPV,False
2.2598906412461615,6.097093036393042,LPV,LMC571.23.28,LPV,False
-2.32393076540801,-0.8800710685131428,PULS,LMC563.17.4300,DSCT,False
-2.9281703199688858,-0.08547875442208391,LPV,LMC570.24.20,LPV,False
-3.937701065777974,-1.3296654477391068,LPV,LMC571.06.4589,LPV,False
8.276652819977034,12.954670415912704,LPV,LMC562.18.62,LPV,False
-1.6171569299058441,1.8314690183634463,LPV,LMC562.09.7,LPV,False
-2.6715321602098876,-0.560664659862693,BINARY,LMC563.08.7840,ECL,False
15.873874806974928,-13.793479260662135,LPV,LMC562.01.52,LPV,False
-2.7214003296469653,-0.5409789974763617,BINARY,LMC571.23.2204,ECL,False
-5.088059391109533,-2.757516303440134,LPV,LMC571.14.4675,LPV,False
-1.9400226037566386,1.0385699248803966,LPV,LMC562.26.4,LPV,False
-2.3039954175034136,-0.8214673542790699,PULS,LMC562.18.61,DCEP,False
-3.7135256290877487,-1.2808640884669975,LPV,LMC570.15.6141,LPV,False
-2.3035596197498274,-0.8698937875953385,PULS,LMC562.09.8233,DCEP,False
13.680238554060715,17.824270841043834,LPV,LMC562.09.34,LPV,False
-2.3257677967959918,-0.8600312981684892,PULS,LMC562.18.8979,RRLYR,False
-2.7047136192940555,-0.5641419421135113,BINARY,LMC562.18.2580,ECL,False
2.7766901083922724,4.901726926761946,LPV,LMC562.26.8082,LPV,False
-3.6939332625452725,-0.5625803852737999,LPV,LMC571.06.4607,LPV,False
-2.6793436332330103,-0.5713148819392935,BINARY,LMC571.14.4984,ECL,False
-0.5454088446783238,2.829074349664819,LPV,LMC571.14.4621,LPV,False
-2.2787500982553306,-0.8763620470154888,PULS,LMC570.15.6880,RRLYR,False
-4.1368327923507,-1.1481255300370474,LPV,LMC562.26.15,LPV,False
-2.6264341073544193,-0.6219048493240691,BINARY,LMC562.26.745,ECL,False
-3.0940013574822,-1.864252411142726,LPV,LMC562.09.43,LPV,False
15.613314172641239,21.36252873088967,LPV,LMC562.09.46,LPV,False
11.522295996878835,16.53546358254486,LPV,LMC562.01.41,LPV,False
-2.9608540416155646,-0.3289765778359743,BINARY,LMC570.24.9177,ECL,False
-2.7129433676559107,-0.5144937315483014,BINARY,LMC571.06.5072,ECL,False
-3.022726129096421,-0.6918536535866474,BINARY,LMC563.08.6576,ELL,False
-3.726791069120485,-1.176228791006905,LPV,LMC562.26.19,LPV,False
-2.5137175106154928,-0.9601788004359293,LPV,LMC571.06.16,LPV,False
-2.581558812487952,-0.6188044611930678,BINARY,LMC562.18.767,ECL,False
-3.146321310246091,-0.10234884645878095,LPV,LMC563.08.6573,LPV,False
-2.175703711998862,0.7515992379932999,LPV,LMC563.08.6592,LPV,False
-3.5841033323752916,-2.1643078496946133,LPV,LMC571.06.57,LPV,False
-2.63480342435954,-0.5845313089262543,PULS,LMC570.15.771,RRLYR,False
-4.373217753413209,-1.8341128976900676,LPV,LMC571.23.4226,LPV,False
-3.0277124527467407,-0.274933235740792,BINARY,LMC562.18.1039,ECL,False
-5.15549654744344,-2.7625683964640526,LPV,LMC562.09.8200,LPV,False
-0.14567645675638952,-2.71609160410672,BINARY,LMC562.09.954,ECL,False
-2.283670301627141,-0.8841361232731009,PULS,LMC562.18.967,RRLYR,False
-1.2936085483389241,0.27388748070735014,LPV,LMC570.15.4,LPV,False
6.754264618036465,-12.600144583125164,LPV,LMC563.08.37,LPV,False
-3.7683449197083756,-1.027275387884825,LPV,LMC562.09.8205,LPV,False
-2.530482151516509,-0.6612782963371292,PULS,LMC571.31.1033,RRLYR,False
-4.850288752702766,-2.434075207866962,LPV,LMC562.18.7997,LPV,False
-2.981126173227359,-0.28852755997113017,BINARY,LMC562.09.1071,ECL,False
2.306741939947261,4.650298297696492,LPV,LMC570.15.6156,LPV,False
-2.320053520856078,-0.8509179035372362,PULS,LMC570.24.6155,RRLYR,False
-2.8934032756445607,-0.13658192532793983,LPV,LMC562.01.7918,LPV,False
-2.9684941346425076,-0.2680787668079736,BINARY,LMC570.24.5850,ECL,False
-3.0015529141974895,-0.3921767646047909,BINARY,LMC571.14.5582,ECL,False
-2.7266349504437035,-0.5223629806885814,BINARY,LMC562.09.11619,ECL,False
-2.7255049990011155,-0.49550556003767565,BINARY,LMC562.09.8423,ELL,False
-2.8444074384088163,-0.520994785403979,BINARY,LMC571.31.2366,ECL,False
-1.721889105711522,1.4100422837645772,LPV,LMC562.18.54,LPV,False
-3.074663182521266,-0.2697175537195201,BINARY,LMC562.18.186,ECL,False
-3.396392783366349,-2.2264411963964346,LPV,LMC562.09.8218,LPV,False
-0.7641547641175066,1.7049646749496399,LPV,LMC562.26.8056,LPV,False
-1.857905863441373,-1.2522312272985918,BINARY,LMC562.01.180,ECL,False
1.9982520484450683,5.721042753732219,LPV,LMC562.18.7982,LPV,False
-0.5555311522178723,2.761589830733188,LPV,LMC570.07.41,LPV,False
9.072928426265246,14.020554872400341,LPV,LMC562.01.7876,LPV,False
-2.536974603827457,-0.66483152942128,PULS,LMC570.15.7110,RRLYR,False
-1.1468484593599284,1.9371577596055765,LPV,LMC570.32.4250,LPV,False
-4.672883030132901,-2.073745248739486,LPV,LMC562.09.19,LPV,False
-2.7249978852534866,-0.5399704892708272,BINARY,LMC570.32.5013,ECL,False
-3.8257011005337604,-2.791980411449983,PULS,LMC571.31.3995,RRLYR,False
10.55698888294516,-2.6898704719387663,LPV,LMC571.31.3704,LPV,False
-2.647827910623394,-0.5928424969030555,BINARY,LMC570.32.906,ECL,False
39.44172631542772,4.738623466336483,LPV,LMC571.14.64,LPV,False
-2.3195739698815725,-0.8359801389459716,PULS,LMC562.01.1052,RRLYR,False
-2.295593238200279,-0.8543433632824291,BINARY,LMC562.09.8706,ECL,False
-4.341614275080638,-1.4476151966934712,LPV,LMC570.32.4243,LPV,False
-3.2317405295595343,-0.24984615751833045,BINARY,LMC562.18.111,ECL,False
-4.171855071301385,-1.74085278338539,LPV,LMC562.01.7914,LPV,False
-4.059862754372401,-3.0099095692641082,LPV,LMC571.14.4638,LPV,False
-3.1775935609960864,-0.29332319123057515,LPV,LMC571.23.4228,LPV,False
-2.670888485028022,-0.5235242472425047,BINARY,LMC570.32.520,ECL,False
-4.971912139668392,-2.5963735290305356,LPV,LMC570.24.5513,LPV,False
-2.602185515276813,0.7876189833169713,LPV,LMC571.31.3696,LPV,False
47.60922769205383,-27.475889945562276,LPV,LMC562.01.7909,LPV,False
-2.295290413214937,-0.8552102354189288,PULS,LMC571.14.395,RRLYR,False
12.80094611767575,-16.026231363855757,LPV,LMC570.32.6,LPV,False
-2.639188253163133,-0.5787883540783555,BINARY,LMC571.31.865,ECL,False
1.7514105836630876,5.254514310159269,LPV,LMC571.23.4215,LPV,False
3.4501181161300662,7.3519566308849145,LPV,LMC571.23.18,LPV,False
-3.9963472229151265,-2.955720030575643,LPV,LMC570.24.48,LPV,False
-3.1803418412898194,-0.2154576707379482,BINARY,LMC571.23.112,ELL,False
-1.1075340254400894,-1.8884375691847408,PULS,LMC570.24.541,RRLYR,False
-4.718990631139918,-1.8486402573544236,LPV,LMC562.18.7988,LPV,False
-2.6845094344781777,-0.5697161605513709,BINARY,LMC562.18.2421,ECL,False
5.854160294233721,10.1328906141914,LPV,LMC571.23.13,LPV,False
-4.9410131127873775,-3.681743710744551,LPV,LMC570.32.4245,LPV,False
-2.528039978236012,-0.6643892799890248,PULS,LMC571.06.588,RRLYR,False
-4.134157062634251,-1.1392079990492512,LPV,LMC570.32.13,LPV,False
-2.7488645006534296,-0.4963511126400545,BINARY,LMC562.26.8939,ECL,False
-2.7144978792750742,-0.4940921507807617,BINARY,LMC562.18.4,ELL,False
-4.521797526114541,-1.9760348813623625,LPV,LMC570.24.18,LPV,False
-2.312891378403199,-0.8441343998567602,PULS,LMC562.01.7881,DCEP,False
-2.9676223276966818,0.0802690947490835,LPV,LMC570.07.6710,LPV,False
-0.9350916304627881,2.2602087982464063,LPV,LMC570.32.22,LPV,False
-3.0705746486187753,-0.288449049811283,BINARY,LMC571.14.7454,ECL,False
-2.733012550037207,-0.5653637436405622,BINARY,LMC562.26.4488,ECL,False
-2.5120634860828255,-0.6632850100313961,PULS,LMC570.15.728,RRLYR,False
-2.765814452777435,-0.5398130832243127,BINARY,LMC571.31.1776,ECL,False
-3.0457906729349635,-0.28766006339883965,BINARY,LMC570.15.7559,ECL,False
-3.723354983577453,-2.6474615462546502,LPV,LMC562.09.8178,LPV,False
1.621560533968264,-5.676439879192687,LPV,LMC562.01.10,LPV,False
-2.7294457429602903,0.5968737168513769,LPV,LMC562.01.17,LPV,False
-4.06487918148269,-2.978861957220654,LPV,LMC562.09.52,LPV,False
-4.493541930237976,-2.0448103447664963,LPV,LMC562.18.8005,LPV,False
-4.368480980651176,-1.9639557434080812,LPV,LMC570.15.6145,LPV,False
0.09430175160359688,3.385491149929761,LPV,LMC562.01.7904,LPV,False
-1.1125345998539673,-1.9460989030573654,BINARY,LMC562.09.11714,ECL,False
11.116754105043569,2.1443047784083342,LPV,LMC562.09.8246,LPV,False
14.82048670364265,20.613803794813776,LPV,LMC562.18.8011,LPV,False
-2.2972035868516745,-0.881054256046535,PULS,LMC571.06.583,RRLYR,False
-0.036515845632413946,1.1960065346257067,LPV,LMC570.24.9,LPV,False
-3.9570619742606596,-2.9329984463276446,PULS,LMC562.09.8207,DCEP,False
-2.666586815228397,-0.5526424912148,BINARY,LMC562.09.10050,ECL,False
-2.740435469723372,-0.5445148323633762,BINARY,LMC570.15.12047,ECL,False
-3.0590092230996153,-1.8434760139540334,LPV,LMC562.18.40,LPV,False
-3.272158960686503,-0.2689683735323022,BINARY,LMC570.24.5508,ELL,False
-2.5918280040567048,-0.6345320637272435,PULS,LMC571.31.770,RRLYR,False
-4.208132450179255,-2.7739740798829313,LPV,LMC571.06.4597,LPV,False
-2.941719662438421,-0.6237427164699046,BINARY,LMC570.07.55,ELL,False
2.2870135182523246,6.379993763816432,LPV,LMC570.15.6140,LPV,False
-2.006267164923517,-1.1228144709253767,BINARY,LMC562.09.2450,ECL,False
2.334871295185125,6.204894918469303,LPV,LMC571.31.34,LPV,False
-2.3231640190322396,-0.8403835427585722,PULS,LMC571.06.5195,RRLYR,False
9.248122123874644,-5.528485764593792,LPV,LMC562.18.9,LPV,False
15.070949409252837,20.644674158269474,LPV,LMC562.09.44,LPV,False
-2.320230562171181,-0.8472996357742961,PULS,LMC571.31.5216,DSCT,False
-1.3947535380523344,-1.6478812098690572,PULS,LMC562.01.8955,RRLYR,False
-0.854386113940375,-2.0716316081442923,PULS,LMC570.15.749,RRLYR,False
2.6213330148809817,-1.8498110717830045,LPV,LMC570.24.5495,LPV,False
0.10342151443525083,4.09369549598776,LPV,LMC570.15.6129,LPV,False
-2.7795806366048685,-0.541184274208023,BINARY,LMC562.09.12691,ECL,False
-3.4605189173881703,-2.3037673266680176,LPV,LMC562.09.8195,LPV,False
41.48768585830872,-9.02544218419661,LPV,LMC571.06.4609,LPV,False
-2.2983171877062616,-0.8896301944181588,PULS,LMC562.01.899,RRLYR,False
12.438911459036785,-16.65279028019915,BINARY,LMC570.24.340,ECL,True
6.1851568708648825,9.035281843742608,LPV,LMC571.06.4604,LPV,False
2.854138308111831,6.630030620921744,LPV,LMC570.32.4259,LPV,False
-2.304269224921168,-0.8821888229829482,PULS,LMC570.32.462,RRLYR,False
-1.392268021262333,-1.664342491179086,PULS,LMC571.23.720,RRLYR,False
-2.8634427379542062,-0.4105388782472452,BINARY,LMC562.01.1636,ECL,False
-4.153074926657528,-3.1279257515428887,LPV,LMC570.07.40,LPV,False
-3.045914889261873,-0.25149548137910804,BINARY,LMC562.01.1077,ECL,False
-2.313579071895261,-0.8671152327786622,PULS,LMC562.09.1177,RRLYR,False
-4.258200544490787,-1.3777337163859156,LPV,LMC571.06.15,LPV,False
3.478346922319555,7.799113154379986,LPV,LMC570.07.6734,LPV,False
-1.845749866700606,-1.2494248700258366,PULS,LMC571.06.671,RRLYR,False
-3.9372072014480475,-2.8980350978445237,LPV,LMC570.32.49,LPV,False
-0.27767389920014107,3.005315903392118,LPV,LMC562.01.7920,LPV,False
10.190452648488755,15.036277868775793,LPV,LMC571.23.20,LPV,False
-2.5096656112284794,0.3687049447126618,LPV,LMC571.14.4648,LPV,False
-2.9690600060396903,-0.2754420700610226,BINARY,LMC571.06.5629,ECL,False
-1.793605841628434,0.06441365387570774,LPV,LMC570.24.5499,LPV,False
4.515613282797045,7.281009433093097,LPV,LMC570.24.5512,LPV,False
0.3109990750618703,3.6110781927932676,LPV,LMC562.09.8182,LPV,False
-0.6279788607911092,1.048196966546616,LPV,LMC571.31.23,LPV,False
-2.763611355389448,-0.5388179656926139,BINARY,LMC570.07.10956,ECL,False
-4.174294093269154,-1.3104685342443145,LPV,LMC570.07.6711,LPV,False
-2.8854423599346766,0.18204657267814994,LPV,LMC570.15.40,LPV,False
-5.6150456191556,-3.045375848313136,LPV,LMC571.06.28,LPV,False
18.69355636157385,24.799438565883815,LPV,LMC562.01.7919,LPV,False
0.33053628507434274,4.113359604753383,LPV,LMC570.07.57,LPV,False
-2.952557504546345,-1.27055056869282,LPV,LMC562.09.8174,LPV,False
-2.2913280571887022,-0.8701053818133568,PULS,LMC570.24.6085,RRLYR,False
-2.283857059256052,-0.8886364658077663,PULS,LMC571.06.620,RRLYR,False
7.598940223471252,12.135865825737065,LPV,LMC570.32.4273,LPV,False
-2.874912853926113,-0.41774757212758645,BINARY,LMC571.23.2481,ECL,False
-2.309409391993337,-0.8295895749293436,PULS,LMC571.06.5312,RRLYR,False
-2.9475782945209406,-0.33177189300858767,BINARY,LMC562.09.1017,ECL,False
-4.017468060898967,-2.9606114718903846,LPV,LMC571.31.26,LPV,False
-0.39472685316111145,2.849838650582954,LPV,LMC562.01.7868,LPV,False
-1.558661579340683,-1.5364340211427492,PULS,LMC562.01.1436,RRLYR,False
-2.305227364883752,-0.8724276407038443,PULS,LMC571.14.5015,RRLYR,False
-4.542216017354081,-1.8334842633505128,LPV,LMC571.14.10,LPV,False
7.358541286621819,10.559992412119314,LPV,LMC570.24.17,LPV,False
-1.7306438008420875,-1.3350543346558594,PULS,LMC571.23.538,RRLYR,False
-4.190422492163377,-1.5956886620350201,LPV,LMC570.07.25,LPV,False
-4.77549461120572,-2.394461636272042,LPV,LMC570.07.6718,LPV,False
-3.5345145086987144,-0.43251508309727604,LPV,LMC570.15.10,LPV,False
-2.220108862752396,-0.9399917908150408,BINARY,LMC571.23.839,ECL,False
8.693579957258137,13.625425876939346,LPV,LMC571.06.4613,LPV,False
-2.725643929037174,-0.5002089610402145,BINARY,LMC570.15.725,ECL,False
-2.29728996827058,-0.8630480631104409,PULS,LMC570.15.7079,RRLYR,False
-2.6782326178147726,-0.5768284035479269,BINARY,LMC571.23.5015,ECL,False
-4.475217694843367,-2.124231286496273,LPV,LMC571.06.4594,LPV,False
-2.5750394859461894,0.4685001648433914,LPV,LMC571.06.4591,LPV,False
-4.220067447732051,-1.8917079723803858,LPV,LMC570.32.4239,LPV,False
11.733058240380913,16.801905996392282,LPV,LMC571.31.3750,LPV,False
7.036842208591772,-10.70050468899987,LPV,LMC571.23.1,LPV,False
10.378757895155786,0.48527759498028566,LPV,LMC571.06.4608,LPV,False
-2.7093695281333923,-0.5124574941039457,BINARY,LMC570.15.1290,ECL,False
-1.5807959481348068,2.219406865456147,LPV,LMC570.32.2,LPV,False
-0.5732251519238267,2.521588325864691,LPV,LMC571.23.21,LPV,False
4.6395200218629595,8.776236267158442,LPV,LMC562.01.51,LPV,False
-2.248547954068961,-0.499472945667451,LPV,LMC571.14.16,LPV,False
-5.40034260535834,-3.106739863440982,LPV,LMC562.17.9031,LPV,False
1.8245607756955655,5.678541259786789,LPV,LMC570.15.33,LPV,False
-3.1031283986051785,-0.2759328404145651,BINARY,LMC570.15.9391,ECL,False
-5.571708569767708,-3.1109530169949497,LPV,LMC570.15.6173,LPV,False
-2.17842678214671,-0.9604944727435263,PULS,LMC570.32.1149,DSCT,False
-3.4830475916260673,-2.1916135189281825,LPV,LMC570.24.66,LPV,False
12.951384666615247,2.600416399674195,LPV,LMC570.32.21,LPV,False
-3.0745697926013795,-0.26988012841407205,BINARY,LMC570.15.7782,ECL,False
13.154732606075154,17.11849682478567,LPV,LMC562.08.7963,LPV,False
-1.104591589941258,-1.890867665415143,PULS,LMC570.24.797,RRLYR,False
-2.7461335736736365,-0.5609231819274146,BINARY,LMC562.08.11844,ECL,False
-2.3203180884920065,-0.839947776811189,PULS,LMC570.24.1071,RRLYR,False
-3.52719404275633,-2.3783076829908345,LPV,LMC562.08.7945,LPV,False
-3.3720857275962453,-2.1275257221839867,LPV,LMC571.31.10,LPV,False
-1.7351342881053928,1.2970319039119609,LPV,LMC570.24.5522,LPV,False
-4.265275888403851,-1.6274395218102353,LPV,LMC571.23.15,LPV,False
-2.2878749018136526,-0.8774777171141099,PULS,LMC570.32.648,RRLYR,False
-3.927238221797467,-0.6708444584288276,LPV,LMC571.23.4284,LPV,False
-2.7313666406287007,-0.5292342734679005,BINARY,LMC571.14.1059,ECL,False
-1.6333392975997811,1.9968437746155827,LPV,LMC571.23.4199,LPV,False
-0.529927658936435,1.2136076264850382,LPV,LMC570.32.4255,LPV,False
-3.6442173073831468,-0.8897215118442082,LPV,LMC570.32.7,LPV,False
-2.84921880141431,-0.5761277969784608,BINARY,LMC570.15.71,ELL,False
-2.7213529897675004,-0.5320696320163553,BINARY,LMC570.32.2669,ECL,False
-2.814909741280638,-0.5271435059020986,BINARY,LMC571.23.1086,ECL,False
-3.66825801236689,-0.49787344579937104,LPV,LMC571.31.35,LPV,False
-2.2878471106304485,-0.8701984772286779,PULS,LMC571.23.649,RRLYR,False
1.321261883102828,3.3060344600975586,LPV,LMC571.06.4606,LPV,False
-2.760598057629116,-0.5372129148976407,BINARY,LMC570.24.2047,ECL,False
2.1616158231254214,6.351114319600007,LPV,LMC571.14.4645,LPV,False
-3.6677067858779084,-0.9573342405347943,LPV,LMC570.24.5503,LPV,False
-3.007076120679455,-0.27424608632871694,BINARY,LMC562.08.798,ECL,False
-2.2895409886245637,-0.8792194687479187,PULS,LMC571.31.604,RRLYR,False
-2.4326577375920877,0.5780679646603888,LPV,LMC571.23.4224,LPV,False
-2.9312656621350817,-0.3114592181244743,BINARY,LMC570.15.7129,ECL,False
35.20170852736372,-0.4849712071483534,LPV,LMC562.08.7938,LPV,False
-4.601993431822251,-2.12816067358757,LPV,LMC562.08.57,LPV,False
8.507961760703878,12.988835551851466,LPV,LMC571.06.4600,LPV,False
-2.7625460261631427,-0.5320766117955512,BINARY,LMC570.32.282,ECL,False
5.7279606671108025,10.043586721849918,LPV,LMC571.31.41,LPV,False
2.362392167007588,-1.0148981549282645,LPV,LMC570.32.11,LPV,False
-1.9158195388744377,-1.1582746348901267,BINARY,LMC571.14.4660,ECL,False
-3.3296954481262993,-0.32001832444406386,BINARY,LMC562.08.7929,ELL,False
-3.0995657633169222,-0.39774787079813,LPV,LMC570.24.15,LPV,False
-2.434057201473354,-0.7749799721529556,PULS,LMC562.17.11381,DSCT,False
-2.6789020966273247,-0.6013019100988134,BINARY,LMC571.31.5898,ECL,False
-4.22582016128465,-1.63625714869447,LPV,LMC571.31.3711,LPV,False
-0.6472614112179,2.619946789046704,LPV,LMC571.23.4210,LPV,False
-1.7678743443203302,1.82863069237819,LPV,LMC570.24.5498,LPV,False
-2.299031821441662,-0.8502779358353489,PULS,LMC571.23.1069,RRLYR,False
5.172264182714725,-6.757283041660188,LPV,LMC570.24.8,LPV,False
-4.882032930423793,-3.824060943517078,LPV,LMC571.06.31,LPV,False
-1.5638403361550763,1.4465706922379207,LPV,LMC570.24.27,LPV,False
14.832213586768404,-0.36318080037739264,LPV,LMC570.24.5529,LPV,False
-3.260647099167667,-0.12960458200289882,LPV,LMC571.06.5,LPV,False
-3.8039795059303443,-1.1194480076125246,LPV,LMC571.23.14,LPV,False
-3.8349269125128758,-2.743413130583363,LPV,LMC562.08.7961,LPV,False
-1.0721052191481024,2.184565282246435,LPV,LMC570.07.29,LPV,False
-2.791434136466392,-0.4230848111008287,BINARY,LMC570.32.5337,ECL,False
-2.6724709503800055,-0.5551103025170022,BINARY,LMC562.17.1747,ECL,False
1.8444676426050561,5.703588406310342,LPV,LMC570.24.5528,LPV,False
-2.628580362193202,-0.5523235062939764,PULS,LMC571.31.3771,DCEP,False
4.446545247451443,7.575744748125135,LPV,LMC571.23.7,LPV,False
-2.630372527716016,-0.5520283692740637,BINARY,LMC571.06.5356,ECL,False
-3.6273439819313893,-0.9720389676807091,LPV,LMC570.15.20,LPV,False
-2.7242740823631633,-0.5051961948370423,BINARY,LMC562.08.1983,ECL,False
2.1764982794494374,5.709957822493072,LPV,LMC570.24.24,LPV,False
-1.4143427543311022,1.7165282846096648,LPV,LMC571.23.4220,LPV,False
-4.989169365414943,-2.2476849457701693,LPV,LMC570.15.18,LPV,False
-2.7258401046532033,-0.516013111040753,BINARY,LMC562.08.979,ECL,False
-2.1670461051345407,-0.9521784824220441,PULS,LMC570.24.6868,DSCT,False
-3.0723331480886578,-0.23689654877912064,BINARY,LMC570.24.5934,ECL,False
1.7814543796888476,5.585865339668649,LPV,LMC570.24.5515,LPV,False
-3.4660830701478593,-2.299024394412884,LPV,LMC570.24.5531,LPV,False
-4.251399752899805,-1.3028358478409594,LPV,LMC570.15.3,LPV,False
-2.42204200254144,-0.7410674349619516,PULS,LMC562.17.1831,DSCT,False
-3.8759146652354177,-2.7031452751751077,LPV,LMC570.24.5489,LPV,False
-4.859118428850391,-2.4519852959666624,LPV,LMC570.15.12,LPV,False
2.3769855151421764,4.445241698755781,LPV,LMC570.15.31,LPV,False
4.678461164969287,8.67957642688362,LPV,LMC570.24.40,LPV,False
-2.8354248495115795,-0.47992569989128925,BINARY,LMC562.08.4288,ECL,False
-2.7085504455058267,-0.5136984732638689,BINARY,LMC570.07.7781,ECL,False
-2.299483296734767,-0.859803810761007,PULS,LMC570.15.7108,RRLYR,False
-3.540064447834106,-2.4044363285449,LPV,LMC571.13.35,LPV,False
43.42563658065425,-42.29161281440519,LPV,LMC562.17.9061,LPV,False
11.949255517006783,17.1465987055733,LPV,LMC570.15.29,LPV,False
-2.8931649918388196,-0.3745274083007014,BINARY,LMC570.32.5207,ECL,False
-3.5002888278172843,-2.346665503050554,LPV,LMC570.07.34,LPV,False
-2.294796645163963,-0.8931069412502901,PULS,LMC571.05.5070,ACEP,False
4.889092123081919,9.108829026763985,LPV,LMC571.05.4989,LPV,False
-2.5094102298544847,-0.673538156629623,PULS,LMC571.05.459,RRLYR,False
-2.877458575908154,-0.5863487798471191,BINARY,LMC570.24.5549,ECL,False
-2.692734890510377,-0.4926977026894226,BINARY,LMC570.24.476,ECL,False
21.86888449647243,2.2616648107456134,LPV,LMC570.07.28,LPV,False
-2.9095751858946075,-0.3584304341160651,BINARY,LMC562.08.9144,ECL,False
-2.2957608203285127,-0.8866017931727697,PULS,LMC570.32.5328,RRLYR,False
-2.574845552004693,-0.983752277745163,LPV,LMC570.24.7,LPV,False
13.127010909146549,17.030635989340755,LPV,LMC562.17.9088,LPV,False
-2.7670903360076435,-0.512277047387386,BINARY,LMC570.24.3779,ECL,False
-2.611763497141379,-0.5920199998279838,PULS,LMC571.13.5287,RRLYR,False
-4.1307202149325635,-3.0816592813418655,LPV,LMC571.05.18,LPV,False
-4.519315938251976,-1.6934617235554559,LPV,LMC570.32.18,LPV,False
14.988544813743768,20.690239605051925,LPV,LMC562.17.45,LPV,False
-4.770669100396114,-2.2116183380945875,LPV,LMC562.08.4,LPV,False
-4.9683308386172875,-2.6440535899607474,LPV,LMC570.24.11,LPV,False
-3.1357619607027694,-0.2722671379081957,BINARY,LMC570.15.3388,ECL,False
-4.775744924617271,-2.3486480529762934,LPV,LMC570.15.6143,LPV,False
-2.2936039037081057,-0.8842283810625993,PULS,LMC570.24.6269,RRLYR,False
-4.330104165054094,-3.200634193392979,PULS,LMC570.15.1962,DSCT,False
-3.1904725174909534,-0.6087731564997243,BINARY,LMC571.05.34,ECL,False
-0.7578387498361636,2.4868517172095315,LPV,LMC571.22.3950,LPV,False
-3.569448500944767,-0.9056698066957233,LPV,LMC562.08.23,LPV,False
-4.593371380174928,-2.1189887290049176,LPV,LMC570.24.5491,LPV,False
-0.960370184659191,-2.032742294544069,PULS,LMC570.32.400,RRLYR,False
-2.621437458508966,-0.5747836877029435,BINARY,LMC571.22.3921,ECL,False
0.3739805524219437,2.2259967675182253,LPV,LMC570.15.6155,LPV,False
5.716302261251854,9.9766393980892,LPV,LMC571.30.4363,LPV,False
-2.5749711043886543,-0.6157052175889536,PULS,LMC562.08.950,RRLYR,False
17.49547099036467,-7.90881115201903,LPV,LMC571.05.44,LPV,False
-0.5137188701856985,2.896177730150768,LPV,LMC562.17.9021,LPV,False
-1.8529835665016146,-1.2978882046809233,BINARY,LMC570.15.2886,ECL,False
-3.3231521594086932,-0.581245946419766,BINARY,LMC571.22.61,ECL,False
-2.3587799348317633,-0.8615371248107562,PULS,LMC570.24.9432,DSCT,False
-2.9783243660739696,-1.3422653064697596,LPV,LMC571.13.4891,LPV,False
-2.2809313373255335,-0.9137465172692173,BINARY,LMC570.07.125,ECL,False
-2.3237987888034213,-0.8344273348761081,PULS,LMC570.15.6992,RRLYR,False
-4.529965778092005,-2.0084391818506724,LPV,LMC571.22.12,LPV,False
-4.23947789965981,-1.6324093642495543,LPV,LMC570.15.6130,LPV,False
-2.769043332673159,0.3291227784893299,LPV,LMC571.22.3925,LPV,False
-2.6903162441364903,-0.5487928156861952,BINARY,LMC570.15.1274,ECL,False
-2.388352615334885,-0.7867297086088458,PULS,LMC571.30.1568,DSCT,False
6.319587333453419,10.780158167956799,LPV,LMC571.30.4379,LPV,False
-4.283852086201302,-1.6994802918646033,LPV,LMC562.08.7926,LPV,False
1.3679701970189049,4.868605776037812,LPV,LMC571.05.4988,LPV,False
-3.139976234551986,-0.7248066851702399,BINARY,LMC570.24.10,ELL,False
-4.059277722905252,-2.6032956293137923,PULS,LMC571.22.4399,RRLYR,False
-0.7629467389307463,2.389888357414752,LPV,LMC562.17.9027,LPV,False
-1.9731889131478473,-1.1344972331896277,PULS,LMC570.15.697,RRLYR,True
-4.846970947282805,-2.3654673629823613,LPV,LMC562.08.7948,LPV,False
-1.2520747331975404,0.7366526725698848,LPV,LMC571.22.1,LPV,False
-1.6190804529560137,-1.4778181403543569,PULS,LMC570.32.5338,RRLYR,False
-4.7383532437735845,-2.1467110402614806,LPV,LMC571.13.23,LPV,False
-4.841582741399115,-2.3692942591388393,LPV,LMC570.32.17,LPV,False
-2.663887536710759,-0.5466664807494056,PULS,LMC571.13.683,RRLYR,False
5.491394416251066,10.061540945245829,LPV,LMC570.24.34,LPV,False
-5.227324053630966,-2.5332886182814,LPV,LMC571.22.3936,LPV,False
4.122445368696253,-10.149517693310095,LPV,LMC571.22.28,LPV,False
7.896666576636467,12.44747312955829,LPV,LMC562.17.9054,LPV,False
-3.6174751269143677,-2.4893007510062537,LPV,LMC570.32.14,LPV,False
-3.8911463954716003,-2.8329279614811513,LPV,LMC562.17.9012,LPV,False
-5.1211126208372715,-2.745100267789935,LPV,LMC570.24.5526,LPV,False
-4.760003414959057,-2.2334716852659087,LPV,LMC571.22.3927,LPV,False
-0.7679315795286226,-2.1679374891446654,PULS,LMC570.15.7157,RRLYR,False
26.02301632023645,2.0348182215160673,LPV,LMC571.22.32,LPV,False
-0.5463599400987063,2.6998803939470424,LPV,LMC571.13.4910,LPV,False
1.571609246568447,5.398625985414523,LPV,LMC571.22.3941,LPV,False
-4.848291822978828,-3.5252265585887272,LPV,LMC562.17.9015,LPV,False
-5.132172458683647,-2.747060532971532,LPV,LMC571.22.34,LPV,False
4.147977756303016,-5.054487389139584,LPV,LMC571.30.4357,LPV,False
4.371473591757469,-2.384721043083766,LPV,LMC571.13.4900,LPV,False
-5.1403406746181,-2.4673787571027113,LPV,LMC562.08.7958,LPV,False
5.525113267796626,-1.824733966716934,LPV,LMC571.30.6,LPV,False
-2.712174389816057,-0.5030946601824934,BINARY,LMC562.17.525,ECL,False
-2.29114416152155,-0.8843171983122176,PULS,LMC571.05.5465,RRLYR,False
2.1777174295273536,5.925186677107864,LPV,LMC570.32.4257,LPV,False
-2.788767250627966,0.4182328884694435,LPV,LMC562.17.9,LPV,False
-3.586237475730495,-1.5124687106303452,LPV,LMC571.30.4355,LPV,False
13.272948724455691,18.760330988287823,LPV,LMC571.05.21,LPV,False
-4.705231785471451,-2.156499505104155,LPV,LMC570.24.5530,LPV,False
7.086533654653251,11.72806075514421,LPV,LMC562.08.45,LPV,False
2.8063755299653446,6.566509421512797,LPV,LMC562.17.9025,LPV,False
-5.264954988818738,-2.931532680369008,LPV,LMC571.22.3966,LPV,False
-3.2199475786894305,-0.21587205775345203,BINARY,LMC562.08.8033,ELL,False
4.1635134933720765,-8.619121127568434,LPV,LMC562.08.7915,LPV,False
-2.6604802325927213,-0.5414402864984699,BINARY,LMC571.13.5856,ECL,True
4.595609033721781,7.211343885220302,LPV,LMC571.30.4371,LPV,False
-2.270136691200471,1.1221605450558712,LPV,LMC570.32.4244,LPV,False
-5.594987855536169,-2.875687293797477,LPV,LMC562.08.7952,LPV,False
-2.1787854200601298,1.1611043495428988,LPV,LMC562.08.1,LPV,False
-2.7057538992784442,-0.4856693087817102,BINARY,LMC571.30.4520,ELL,False
-3.3751100062347854,-0.32668231207272735,LPV,LMC562.08.18,LPV,False
7.704493580929793,-1.1898004285146437,LPV,LMC571.22.20,LPV,False
-2.8523865939054605,-0.4330859790490934,BINARY,LMC562.08.279,ECL,False
-2.6957949984260807,-0.49274912081690136,BINARY,LMC570.23.5300,ECL,False
17.88181637391927,4.507852541623775,LPV,LMC562.17.9051,LPV,False
-3.105888535519227,-0.23344055859333707,BINARY,LMC571.13.1197,ECL,False
6.224293282311678,10.451774652332187,LPV,LMC571.13.4932,LPV,False
1.4337351157871554,5.236507986292191,LPV,LMC570.14.6288,LPV,False
0.13119048598221283,3.528335281262395,LPV,LMC562.17.18,LPV,False
-2.2963799439374304,-0.880422246656761,PULS,LMC571.05.5610,RRLYR,False
-3.8266216166157534,-2.626742789286485,LPV,LMC570.14.1,LPV,False
-2.6578199670075437,-0.5429622484865163,BINARY,LMC570.31.872,ECL,False
-4.028009472585283,-2.9500980968704686,LPV,LMC571.05.4976,LPV,False
-2.890865443754528,-0.355743969858904,BINARY,LMC570.23.6471,ECL,False
-1.4206603742820454,-1.632434720831307,PULS,LMC570.23.5989,RRLYR,False
-2.7942772906098927,-0.37546066784967674,BINARY,LMC571.05.5211,ECL,False
-1.9306359089531608,1.325276814786387,LPV,LMC562.08.7925,LPV,False
3.304207433529192,7.112607293613901,LPV,LMC570.31.20,LPV,False
-3.31245051229107,-0.28717916306405794,BINARY,LMC571.22.16,ELL,True
2.34067688011031,-4.843481172404549,BINARY,LMC570.14.7778,ECL,False
6.995687564499717,-12.365499801947905,LPV,LMC570.31.4927,LPV,False
-2.651920445418523,-0.5730661801025771,BINARY,LMC570.23.1538,ECL,False
-4.926635012747936,-3.734083067013538,LPV,LMC570.31.4957,LPV,False
5.512008980422114,-10.903504240466102,LPV,LMC571.05.4960,LPV,False
-2.890955043725857,-0.126924251089087,LPV,LMC570.06.8,LPV,False
8.170695899029727,-11.465094012170322,LPV,LMC571.13.4881,LPV,False
-4.648564146720776,-1.9936162410503708,LPV,LMC571.13.13,LPV,False
-2.666858510298715,-0.5664857705364771,BINARY,LMC562.17.11695,ECL,False
-2.6779166759129165,-0.47844369351325927,BINARY,LMC571.13.552,ECL,False
-2.288821574594515,-0.8692887626749184,PULS,LMC571.30.4651,RRLYR,False
-2.666153328484451,-0.5757997537939116,BINARY,LMC562.17.11212,ECL,False
-4.059687878250081,-1.586526787712934,LPV,LMC570.14.39,LPV,False
-2.829870694597514,-0.44714336059743354,BINARY,LMC571.05.8039,ECL,False
0.5812360971998616,4.563243319387118,LPV,LMC570.06.14,LPV,False
-2.9372962658534414,-0.3444767504258288,BINARY,LMC562.08.9668,ECL,False
-2.713594188539563,-0.4920425708172342,BINARY,LMC570.23.447,ECL,False
9.485847479330594,-4.092123165920433,LPV,LMC570.23.44,LPV,False
-4.378913398574145,-1.5224280244719721,LPV,LMC570.06.6923,LPV,False
-1.4115124573616291,-1.5985471490156196,BINARY,LMC562.08.8059,ELL,False
-2.514365531469789,-0.6664742193493212,PULS,LMC570.06.1099,RRLYR,False
-2.02550588085278,-1.1158321843630439,BINARY,LMC570.23.1108,ECL,False
-2.3552154112055756,-0.8570522195806942,PULS,LMC562.17.5400,DSCT,False
-1.2888447086060362,-1.7265366075589046,PULS,LMC562.17.9883,RRLYR,False
0.038874182570505234,3.0988293103432643,LPV,LMC570.23.5302,LPV,False
-1.311106886660684,-1.7234369773172864,PULS,LMC562.08.795,RRLYR,False
6.1237877786495085,8.964996065760172,LPV,LMC570.14.6275,LPV,False
-2.7186019001020916,-0.6169983630208736,BINARY,LMC562.08.2143,ECL,False
-2.294290387631099,-0.8888589507941291,PULS,LMC570.31.5504,RRLYR,False
0.5222749851721549,3.539716798194811,LPV,LMC562.08.7946,LPV,False
-2.3236205387216025,-0.8294347134167686,PULS,LMC570.14.764,RRLYR,False
-2.8450614929504776,-0.4128109633556262,BINARY,LMC571.05.1381,ECL,False
-2.707278752642434,-0.4941302225820402,BINARY,LMC570.14.122,ECL,False
-3.005438305573814,-0.29082815805418094,BINARY,LMC571.05.682,ECL,False
8.19944688640551,12.650200873152592,LPV,LMC571.30.16,LPV,False
-2.837762757176031,-0.43030721622469414,BINARY,LMC570.14.1272,ECL,False
-3.91202252926355,-2.742753673686349,LPV,LMC571.13.4895,LPV,False
-2.7423322741309857,-0.5398295510707531,BINARY,LMC571.30.3688,ECL,False
-3.6666403281489783,-2.650251142049079,LPV,LMC571.30.4364,LPV,False
-5.44863929854416,-2.8219315889590604,LPV,LMC571.05.4975,LPV,False
0.049521962535731046,1.8721127330267648,LPV,LMC570.23.20,LPV,False
-3.9424792191787286,-2.8663123578689493,LPV,LMC571.30.4380,LPV,False
-2.754125801693517,-0.49411674712511766,BINARY,LMC571.13.1232,ELL,False
-1.7684676791874643,1.7126386215157765,LPV,LMC571.05.4966,LPV,False
-2.355765534927168,-0.8839403474797853,BINARY,LMC571.05.5430,ECL,False
-3.5187459299121464,-0.574761598325261,LPV,LMC570.23.5285,LPV,False
-2.7383737295270785,-0.5081632466725505,BINARY,LMC571.13.255,ELL,False
5.453455376707001,9.737946671223419,LPV,LMC571.13.4906,LPV,False
-2.7067112963751674,-0.5431814130195224,BINARY,LMC571.30.984,ECL,False
-1.0194701373147745,2.008069007257326,LPV,LMC570.14.3,LPV,False
-2.93792123133164,-1.6646955037708302,LPV,LMC570.14.6286,LPV,False
-2.315613621242187,-0.8999398135198545,PULS,LMC570.31.1416,DSCT,False
-2.3183245044507768,-0.8299119823424765,PULS,LMC570.31.1034,DSCT,False
-2.74093668227582,-0.48520310851734233,PULS,LMC570.23.571,RRLYR,False
-2.6168594696743908,-0.5779459624569446,PULS,LMC571.05.500,RRLYR,False
-2.9703577149544325,-0.3146024637781618,BINARY,LMC571.13.987,ECL,False
1.421529040361591,3.8536185626224935,LPV,LMC571.05.2,LPV,False
5.072843820669357,-10.628107545450238,LPV,LMC571.13.4894,LPV,False
-2.9327243189470122,-0.3501578070704324,BINARY,LMC571.30.1171,ECL,False
-2.297161917277813,-0.8923198888711856,PULS,LMC570.31.2366,DSCT,False
7.801896976847924,12.456085861370765,LPV,LMC571.22.3948,LPV,False
-1.0658386051406956,-1.9134080915129055,PULS,LMC571.22.4321,RRLYR,False
-2.626328765739129,-0.5889811025924075,BINARY,LMC571.30.5007,ECL,False
-2.990117400813279,-1.562917406657872,LPV,LMC570.23.354,LPV,False
34.66384071090509,3.8167695707943743,LPV,LMC571.05.4968,LPV,False
-2.7072512994022144,-0.4881101471777829,BINARY,LMC570.06.208,ECL,False
3.2363228474022145,7.5454893602573385,LPV,LMC571.13.17,LPV,False
-2.7403382426961977,-0.5044362207896068,BINARY,LMC562.17.1668,ECL,False
-3.9173725808510502,-1.2451701143843323,LPV,LMC570.06.6934,LPV,False
-4.0204778410884785,-0.7186033097005033,LPV,LMC570.31.5091,LPV,False
-2.6078986160709188,-0.611069299298038,PULS,LMC570.31.5477,RRLYR,False
-3.3663983996142983,-0.540182004112475,LPV,LMC570.06.16,LPV,False
-2.7136466896955085,-0.49792829976451963,BINARY,LMC570.31.5096,ELL,False
-2.2899157566923503,-0.8634027822263726,PULS,LMC571.05.653,RRLYR,False
-2.8002346248583656,-0.4272906523471718,BINARY,LMC562.17.9913,ECL,False
-2.419411786524766,-0.7996454522168382,BINARY,LMC570.23.3204,ECL,False
-3.303119903900682,-2.207096451702366,LPV,LMC571.13.33,LPV,False
0.0700264511404125,3.317946663409831,LPV,LMC571.22.31,LPV,False
3.150158616104857,-6.017893119120218,LPV,LMC571.05.4958,LPV,False
-2.632796046532358,-0.5871499909903678,PULS,LMC570.14.6836,RRLYR,False
11.407321858573525,-6.891954904536281,LPV,LMC570.31.8,LPV,False
-0.34950773260246937,3.15537043507509,LPV,LMC571.22.3949,LPV,False
-2.7345149321173308,-0.5276020934243322,BINARY,LMC571.13.5779,ECL,False
52.53408177216179,-22.43914366828838,LPV,LMC571.05.19,LPV,False
6.782061758856643,11.120126482921645,LPV,LMC570.14.6282,LPV,False
-4.571094887846556,-2.118992791911081,LPV,LMC571.05.15,LPV,False
-2.7386846104757914,-0.5594638544782146,BINARY,LMC570.23.6736,ECL,False
1.3202388252950534,-1.6329697368149978,LPV,LMC562.08.31,LPV,False
-3.79391243500962,-2.7347800104867037,PULS,LMC570.14.36,DCEP,False
-3.0681722953972037,-0.2838811848709759,BINARY,LMC570.06.1776,ECL,False
-3.4796249487173836,-2.299055659110441,LPV,LMC570.23.5297,LPV,False
-3.8170813878587984,-2.756034943562394,LPV,LMC570.14.6285,LPV,False
0.5519817416608137,4.056419965470586,LPV,LMC571.13.37,LPV,False
-1.4999718944032923,-1.5745864277453914,PULS,LMC562.17.1375,RRLYR,False
-2.719018797861967,-0.5392130175849471,BINARY,LMC570.23.1474,ECL,False
15.536716706104354,-18.689642633624626,LPV,LMC571.30.4,LPV,False
-4.052159660658777,-1.428186751828075,LPV,LMC570.31.4919,LPV,False
-2.65046744548576,-0.5689898915988242,BINARY,LMC570.31.6138,ECL,False
8.11361956793571,-0.34390099335935087,LPV,LMC571.05.4978,LPV,False
-2.6555392519744068,-0.5990534182249395,BINARY,LMC571.22.5374,ECL,False
-3.4919892329362208,-2.3210215314997047,LPV,LMC570.14.6276,LPV,False
-2.306890994059789,-0.836901909105406,PULS,LMC570.23.499,RRLYR,False
-2.749470446674017,-0.5203031915700972,BINARY,LMC570.14.9437,ECL,False
-3.8909545996625208,-2.818771298748871,LPV,LMC570.23.5303,LPV,False
-0.266505291870498,2.978587045865993,LPV,LMC571.13.20,LPV,False
-2.603159669942901,-0.587877786158427,BINARY,LMC571.13.21,ECL,False
-2.675589176256308,-0.5278566639550103,BINARY,LMC571.05.6074,ECL,False
-5.653165038036853,-3.0917498397802303,LPV,LMC570.23.19,LPV,True
-2.9982934662719747,-0.2954552589649027,BINARY,LMC570.14.1841,ECL,False
-3.41241981500495,-3.147888291566109,PULS,LMC571.30.447,RRLYR,False
-3.309747903852184,-0.31227050866096695,LPV,LMC570.06.6927,LPV,False
-3.3231864780197244,-0.7371649476293345,LPV,LMC570.23.29,LPV,False
-0.9608248681120324,0.6580985654245313,LPV,LMC570.06.6945,LPV,False
-1.3394737496752809,2.1367639770095934,LPV,LMC570.31.1,LPV,False
-3.195999293723529,-1.889545802536568,LPV,LMC570.14.6271,LPV,False
-2.596579616600512,-0.6328039994580376,PULS,LMC571.13.355,RRLYR,False
-2.8936251902372763,-0.3601923583552753,BINARY,LMC570.06.7632,ECL,False
-1.2610596788552575,2.2204054290924207,LPV,LMC571.30.4375,LPV,False
52.105884457325296,-20.451363263082435,LPV,LMC562.08.7918,LPV,False
-2.737462215152258,-0.5590360603939031,BINARY,LMC571.13.3085,ECL,False
-1.5793752020290464,-1.5099206742337978,PULS,LMC571.13.5238,RRLYR,False
-2.9094442069818185,-0.6022565420894354,BINARY,LMC571.30.45,ELL,False
-5.353051390868737,-2.996448911118729,LPV,LMC570.14.6329,LPV,False
-3.0244133687850976,-0.3473100551209762,BINARY,LMC562.08.9291,ECL,False
-4.626663650491059,-3.633978009784993,LPV,LMC570.23.5305,LPV,False
-4.758137616414355,-2.3090169084238608,LPV,LMC571.22.3952,LPV,False
-2.8752832821211824,-0.3753662668874417,BINARY,LMC570.06.971,ECL,False
-0.710231776217034,2.255517374178811,LPV,LMC562.08.7947,LPV,False
-2.424886229893809,-0.959909684483994,LPV,LMC571.13.11,LPV,False
-2.964616023017088,-0.36148011916907735,BINARY,LMC571.22.602,ECL,False
-2.282823271038277,-0.8564970508284191,BINARY,LMC562.08.8117,ECL,False
6.399463233733328,11.225752442543957,LPV,LMC570.06.6947,LPV,False
-4.681109101641766,-2.2212505912962293,LPV,LMC570.06.114,LPV,False
6.7060862961518355,11.147597757576985,LPV,LMC571.30.4368,LPV,False
-2.795999910905087,-0.5388029484722021,BINARY,LMC571.22.4008,ELL,False
-2.314992188085601,-0.8383746259152693,PULS,LMC570.14.6862,RRLYR,False
-2.663385911800511,-0.5720069633223275,BINARY,LMC570.31.2018,ECL,False
-0.9941746954722013,0.5434261384153738,LPV,LMC570.31.4926,LPV,False
-2.6473079628261043,-0.5755838889376171,BINARY,LMC570.31.5319,ECL,False
-3.6220514634393406,-2.507685546660419,LPV,LMC571.05.4957,LPV,False
-2.2969695099386165,-0.8493099486267186,PULS,LMC570.31.829,RRLYR,False
-2.709370257639687,-0.5072589046185019,BINARY,LMC571.30.4812,ECL,False
-3.436495443406234,-2.2620738311285358,LPV,LMC571.30.14,LPV,False
2.807475481324304,6.614282397778724,LPV,LMC570.06.25,LPV,False
-3.1129580236524412,-2.0140691977229808,LPV,LMC571.30.18,LPV,False
-1.188159696528693,0.41651141441950545,LPV,LMC571.22.24,LPV,False
11.739629113855184,0.5344807401740872,LPV,LMC570.31.31,LPV,False
2.974599538132539,6.76305133122725,LPV,LMC570.14.6277,LPV,False
-1.2033569927614403,1.9897961904889712,LPV,LMC571.13.29,LPV,False
14.180854629655375,1.6944543063033526,LPV,LMC570.06.31,LPV,False
-2.3109511017817272,-0.8692417315637865,PULS,LMC571.22.3955,RRLYR,False
-4.431761041633073,-1.8761578215350345,LPV,LMC570.06.6924,LPV,False
-1.462954354747295,1.751961682893041,LPV,LMC571.13.25,LPV,False
-2.7411667052494173,-0.5148905811416512,BINARY,LMC570.14.7058,ECL,False
-2.7619567109614187,-0.46186900914983037,PULS,LMC571.22.348,RRLYR,False
-2.323255285180685,-0.8418707295932774,PULS,LMC570.23.5920,RRLYR,False
-5.27135093560185,-3.4848893469374005,BINARY,LMC571.22.3947,ELL,False
-2.3594755548903072,0.944976786993851,LPV,LMC570.06.13,LPV,False
-2.3571784118096186,-0.7836794851396061,PULS,LMC570.23.898,DSCT,False
-2.1735614638969065,-0.989609033816676,PULS,LMC570.06.10611,DSCT,False
-2.7299071796568635,-0.5514448832356182,BINARY,LMC570.14.8726,ECL,False
-2.9924087965258,-0.2817440635156341,BINARY,LMC570.06.987,ECL,False
5.4270919940006985,9.432338021559103,LPV,LMC570.06.76,LPV,False
-2.2519001417233984,-0.8923894164330648,PULS,LMC570.06.9315,DSCT,False
-3.9948320088827165,-2.527859548517143,LPV,LMC570.23.5289,LPV,False
-2.298929062345021,-0.8395548469596068,PULS,LMC571.30.5003,RRLYR,False
-2.928611117841739,-0.3584161084121006,BINARY,LMC570.06.3763,ECL,False
-3.0062600761971234,-0.2968341947410571,BINARY,LMC570.06.9261,ECL,False
-2.7182713996709307,-0.5868143267461546,BINARY,LMC571.13.1192,ECL,False
12.950133971237769,16.89115426269913,LPV,LMC571.13.27,LPV,False
7.58381554324007,-0.8297459367100166,LPV,LMC570.06.2,LPV,False
-1.195668425823772,-1.7996972095342143,PULS,LMC570.06.7985,RRLYR,False
6.242581422933678,9.073884965582108,LPV,LMC570.31.4934,LPV,False
0.12086463895412258,3.350084089573172,LPV,LMC570.31.4958,LPV,False
12.729288746363746,18.279367271984118,LPV,LMC571.30.4376,LPV,False
2.2480178820964767,6.358285928777593,LPV,LMC571.22.27,LPV,False
-2.1007963856347858,-4.970996495324865,PULS,LMC571.22.4031,DCEP,False
-5.499360592738821,-2.955135065304902,LPV,LMC570.14.40,LPV,False
-3.495344549589907,-0.8160311374709321,LPV,LMC570.06.6940,LPV,False
3.8337004045416165,7.9809612388822835,LPV,LMC571.05.4986,LPV,False
-1.3915279614678362,-1.6567316531493255,PULS,LMC570.06.1070,RRLYR,False
1.181022213102953,4.6697591593417656,LPV,LMC570.23.37,LPV,False
-2.967507226404914,-0.2819249479639181,BINARY,LMC570.06.7295,ECL,False
-2.6895608058058222,-0.5477480378776758,BINARY,LMC570.14.9724,ECL,False
-0.8879962195480382,2.4736711321169453,LPV,LMC570.31.4930,LPV,False
-2.893286666989003,-0.5962000460013848,BINARY,LMC570.14.108,ELL,False
-2.6334399258816257,-0.5651588810849377,PULS,LMC570.14.1012,RRLYR,False
-3.917707343816775,-0.6501823043290569,LPV,LMC570.14.270,LPV,False
-2.3076276712323596,-0.8324595818090154,PULS,LMC570.23.6047,RRLYR,False
7.703045354059056,-12.959841723305288,LPV,LMC570.31.23,LPV,False
2.727245181808102,-6.177242433308671,LPV,LMC570.31.4903,LPV,False
-2.987245468489434,-1.8107467344250057,LPV,LMC570.06.6939,LPV,False
-2.28924670057161,-0.8712331807573329,PULS,LMC570.06.963,RRLYR,False
0.5626281798850767,3.9979570185519426,LPV,LMC571.05.4973,LPV,False
-0.6514843939857298,-2.2747259413455314,PULS,LMC570.23.647,RRLYR,False
-4.804332116965241,-2.423175227541794,LPV,LMC571.30.4365,LPV,False
-3.9628160196837925,-2.7961371958954375,LPV,LMC570.31.4941,LPV,False
10.002459308265234,-3.3657438234477883,LPV,LMC570.06.71,LPV,False
3.733465817136775,1.0053817553149547,LPV,LMC570.06.45,LPV,False
-2.298550579661522,-0.8365870199127237,PULS,LMC570.14.6879,RRLYR,False
-0.9911579040750891,1.9678866980820369,LPV,LMC570.23.15,LPV,False
-2.8561827833386864,-0.39352508902673844,BINARY,LMC570.23.3180,ECL,False
13.72036667380316,-13.915016844606708,LPV,LMC570.23.58,LPV,False
-2.698079282466444,-0.47795001706891604,BINARY,LMC571.13.48,ELL,False
-2.307247462347928,-0.8343785184255823,PULS,LMC570.06.651,RRLYR,False
5.381019374244874,9.730004002116232,LPV,LMC570.06.29,LPV,False
-2.7373369391031477,-0.4892711953380879,BINARY,LMC571.30.4359,ECL,False
-3.7926328452542615,-0.9441864442442218,LPV,LMC571.05.4955,LPV,False
-2.8936474740036733,-0.3769516838971456,BINARY,LMC570.31.5934,ECL,False
-2.6785297924112386,-0.525927242917348,BINARY,LMC570.31.546,ECL,False
0.5099939873339148,-3.2725470956878624,BINARY,LMC571.30.472,ECL,False
-2.3224715020921876,-0.8450171686723672,PULS,LMC571.13.485,RRLYR,False
-3.1423243217270125,-0.4434238104981437,LPV,LMC570.06.34,LPV,False
-3.2726581882057757,-2.0253112434741203,LPV,LMC570.14.6,LPV,False
-4.801136235650403,-2.28779224111674,LPV,LMC571.22.3945,LPV,False
-2.3067725177791787,-0.8379715743485294,PULS,LMC570.31.510,RRLYR,False
-3.813067724492357,-2.666600332449902,LPV,LMC570.31.17,LPV,False
-2.730335793064499,-1.1029099407873422,LPV,LMC570.23.5284,LPV,False
-0.7901064196791714,-2.150363119076114,PULS,LMC570.23.489,RRLYR,False
-2.7722095782186993,-0.5282049026509406,BINARY,LMC570.06.2275,ECL,False
-2.70040577536964,-0.5338558934861666,BINARY,LMC570.14.7812,ECL,False
-1.645401333770009,2.0662383347664477,LPV,LMC571.21.7,LPV,False
-4.749226770649059,-2.212125699186764,LPV,LMC571.04.5211,LPV,False
-2.530251080264787,-0.6660101854188898,PULS,LMC571.12.4318,RRLYR,False
-4.067964034686202,-3.0527389385814123,LPV,LMC570.31.19,LPV,False
-3.208302851571419,-1.606979636236933,LPV,LMC570.06.18,LPV,False
-2.538595827227566,-0.657290599319925,PULS,LMC570.23.5817,RRLYR,False
-3.021799292978903,-0.24757896489540582,BINARY,LMC571.04.1170,ECL,False
4.293124337371652,8.288312156503876,LPV,LMC571.04.5245,LPV,False
-0.9618441342964139,2.168986678127909,LPV,LMC570.23.5324,LPV,False
-2.2852832743676617,-0.8866095802279746,PULS,LMC570.23.6052,RRLYR,False
-4.07349745916272,-1.4267590883912624,LPV,LMC571.12.3833,LPV,False
-2.6372535643481037,-0.6362236206512663,BINARY,LMC571.29.2318,ECL,False
5.089751397192838,8.027031575505632,LPV,LMC570.14.21,LPV,False
-2.799203890983765,-0.5176984052682033,BINARY,LMC571.21.1002,ECL,False
-4.004267716714001,-2.947897171696784,LPV,LMC570.14.6297,LPV,False
0.9600425787019784,4.7542309332177295,LPV,LMC571.29.3883,LPV,False
-2.7096308626661627,-0.5118155771785544,BINARY,LMC570.31.5794,ECL,False
-2.8775280380862145,-0.3994270530917743,BINARY,LMC570.23.8684,ECL,False
-1.4574531987611115,-2.1837584804094434,LPV,LMC570.06.6986,LPV,False
-3.659576367475618,-2.5972605368312287,LPV,LMC571.29.23,LPV,False
-2.294684941152577,-0.8499944939868671,PULS,LMC570.14.756,RRLYR,False
16.24983144816615,-20.33401336495566,LPV,LMC571.21.4546,LPV,False
9.100824719398169,14.039953958288608,LPV,LMC571.29.3886,LPV,False
-2.869226135335563,-0.4098210531771448,BINARY,LMC570.06.8533,ECL,False
-2.642971972888965,-0.5723539209865731,PULS,LMC571.12.583,RRLYR,False
-3.4294518570983996,-0.8513685767666638,LPV,LMC570.14.6284,LPV,False
10.956484143740134,16.19812829694864,LPV,LMC571.04.5236,LPV,False
-2.321837595073705,-0.831689131006063,PULS,LMC570.14.6292,DCEP,False
7.246914596007824,11.857046969739285,LPV,LMC571.04.5241,LPV,False
30.258161183196535,38.31463275829769,LPV,LMC571.04.52,LPV,False
-2.799865734279312,-0.46759724409448344,BINARY,LMC571.21.6539,ECL,False
-2.7427549006869594,-0.5383194379249768,BINARY,LMC570.14.3829,ECL,False
-2.411889250690649,-0.7832277312519111,PULS,LMC570.31.6911,DSCT,False
4.30214744831291,8.251421558326479,LPV,LMC570.31.4923,LPV,False
9.686351236049408,14.877602303767567,LPV,LMC570.14.32,LPV,False
15.886115081978673,-13.46817030931408,LPV,LMC571.04.31,LPV,False
-1.344245444101264,1.8450481882596266,LPV,LMC570.14.9,LPV,False
12.300639018850696,17.66501993289576,LPV,LMC571.12.15,LPV,False
18.77247845200191,-4.678065487239927,LPV,LMC571.21.26,LPV,False
24.50104429287521,-26.336655004656887,LPV,LMC571.12.17,LPV,False
-2.702297426004916,-0.47879437450488516,BINARY,LMC571.12.27,ECL,False
34.85791808051616,-22.03628024454921,LPV,LMC570.31.18,LPV,False
7.131046646771138,9.964423807776564,LPV,LMC570.31.4947,LPV,False
-2.6581386638712208,-0.5538184869693655,BINARY,LMC571.12.734,ECL,False
-4.172423582782919,-3.194428069584834,PULS,LMC571.04.5309,DCEP,False
-0.9895082660592891,2.1140309369231325,LPV,LMC570.31.4925,LPV,False
-2.303723398518754,-0.8508187662526245,PULS,LMC570.23.911,RRLYR,False
-2.6476539792880103,-0.5750423636562153,BINARY,LMC570.14.7929,ECL,False
-1.9125404244019961,-1.1968197768987836,PULS,LMC570.31.646,RRLYR,False
-2.655741806534187,-0.5816153519608831,BINARY,LMC570.14.9574,ECL,False
-4.294425287843486,-1.759660544302943,LPV,LMC570.06.30,LPV,False
-3.0277765770529648,-0.11717778032698578,LPV,LMC570.23.5294,LPV,False
-2.6382886002263937,-0.5789047835498649,BINARY,LMC570.06.582,ECL,False
-4.346290186590382,-1.854226926490658,LPV,LMC571.29.17,LPV,False
-2.53731713813543,-0.7323134373923608,BINARY,LMC571.29.1933,ECL,False
5.39776622986492,-0.9980158438256279,LPV,LMC570.14.22,LPV,False
-2.713182370729026,-0.48730361129960337,BINARY,LMC570.14.762,ECL,False
-2.2900349892038436,-0.8638319825182255,PULS,LMC571.29.425,RRLYR,False
-3.900935099144588,-2.7252451190551996,LPV,LMC570.06.6931,LPV,False
-0.8177812265588871,2.316588998684721,LPV,LMC570.23.27,LPV,False
-2.639795061988984,-1.200175488563551,LPV,LMC570.23.5306,LPV,False
1.3056484515256983,5.12043356998783,LPV,LMC570.06.10,LPV,False
-2.9089843679742535,-0.36357513218418047,BINARY,LMC570.23.6171,ECL,False
-4.821995402913624,-2.2701846055821893,LPV,LMC571.04.5224,LPV,False
-3.4316539270315363,-0.836685507189141,LPV,LMC570.14.6289,LPV,False
15.228818039987221,19.420706222697717,LPV,LMC570.23.23,LPV,False
-2.7909944720164477,-0.5578324348981126,BINARY,LMC571.21.1628,ECL,False
-4.641416827717093,-2.1280748970699634,LPV,LMC570.14.6259,LPV,False
-3.7083934294411844,-0.8036335635797378,LPV,LMC570.23.5287,LPV,False
-4.661495833321157,-3.44879284066338,LPV,LMC571.21.4560,LPV,False
-2.7434307647438425,-0.5204119731929697,BINARY,LMC570.14.7388,ECL,False
-4.1637072908184445,-2.5891239052306467,LPV,LMC571.12.3829,LPV,False
-1.9749194287912992,-1.1374275978944755,PULS,LMC571.04.5767,RRLYR,False
-2.339161687711222,-0.8501206125925096,PULS,LMC571.29.2062,DSCT,False
-4.102562341339589,-1.2017829366698638,LPV,LMC571.04.5223,LPV,False
-2.297695011050291,-0.8651267084410277,PULS,LMC570.06.8173,RRLYR,False
-0.46255532274104905,-2.4333374208296217,BINARY,LMC570.23.1471,ECL,False
-2.806396673221775,-1.3548765022291671,LPV,LMC571.12.16,LPV,False
-2.8753525709574608,-0.5850052052074586,BINARY,LMC571.21.4607,ELL,False
23.721152005193776,30.734307517526457,LPV,LMC571.12.3885,LPV,False
-2.9650659287494245,-0.6569972401726519,BINARY,LMC571.29.3894,ELL,False
8.41040341162988,-0.7290462897431315,LPV,LMC571.29.3911,LPV,False
-3.3040700140854917,-2.02989051515645,LPV,LMC570.14.6274,LPV,False
-2.2940386706602065,-0.867952297698269,PULS,LMC571.29.4202,RRLYR,False
-3.1889307704362855,-0.23893070494612628,BINARY,LMC571.12.4878,ECL,False
-2.6183903304046923,-0.5615045358964764,BINARY,LMC570.31.5077,ECL,False
-4.11672540394512,-3.108085890864496,LPV,LMC570.31.28,LPV,False
-2.621482824688108,-1.118772717134979,LPV,LMC571.29.3874,LPV,False
-2.7012119583935963,-0.47201000686845623,BINARY,LMC571.21.96,ECL,False
-2.9420522432701968,-0.37174170449483934,BINARY,LMC570.31.6129,ECL,False
0.4603695242123713,-3.08324044835763,LPV,LMC571.12.3846,LPV,False
-2.3135220891273707,-0.8350427904870399,PULS,LMC571.29.325,RRLYR,False
7.255299930573503,-0.09646428823478465,LPV,LMC570.31.4932,LPV,False
-4.374592999148037,-1.8796297371173964,LPV,LMC571.21.4569,LPV,False
5.846117317324713,10.361716455607073,LPV,LMC571.21.17,LPV,False
4.633008192523545,2.4664666775602075,LPV,LMC571.21.2,LPV,False
0.0447187331551695,3.460796070919282,LPV,LMC570.05.17,LPV,False
-0.7708830930120945,0.9684371217140031,LPV,LMC571.12.22,LPV,False
4.2892284707075925,-0.69038358273272,LPV,LMC571.12.3853,LPV,False
-3.115085505044619,-0.19391843716283202,BINARY,LMC570.05.6872,ECL,False
-3.346883466282401,-0.30266919901379075,BINARY,LMC571.04.18,ELL,True
-2.777525222027045,-1.416512555986615,LPV,LMC571.12.3839,LPV,False
-2.963213501988308,-0.33766878315575577,BINARY,LMC571.04.5997,ECL,False
-4.427940468575569,-1.941503709100935,LPV,LMC570.13.5706,LPV,False
3.0635836923036672,-7.261153979848022,LPV,LMC571.21.4557,LPV,False
-4.292540928703814,-1.726971854137247,LPV,LMC571.04.5228,LPV,False
1.603141539828619,-2.3738549962456257,LPV,LMC571.29.3865,LPV,False
-4.382461977086378,-1.670775976881475,LPV,LMC571.04.21,LPV,False
-2.9279379745664684,-0.35625322336547555,BINARY,LMC570.30.3338,ECL,False
10.113891636707017,15.392704199239594,LPV,LMC570.13.29,LPV,False
-1.51894149810614,1.539669964035043,LPV,LMC570.30.20,LPV,False
-2.3321292978220205,-0.8349842723614289,PULS,LMC571.12.4562,RRLYR,False
13.16036848834835,17.01048660086071,LPV,LMC570.05.24,LPV,False
-4.17210514172321,-1.6170552059723577,LPV,LMC570.05.19,LPV,False
-4.584777865428433,-2.0229847103725014,LPV,LMC570.22.5125,LPV,False
-4.731404349864752,-2.316791397846727,LPV,LMC571.21.4558,LPV,False
-1.9073300584428745,-4.293845735828996,LPV,LMC571.12.8,LPV,False
-2.971310067372607,-0.28881571373955317,BINARY,LMC571.04.1111,ECL,False
-2.912102618549863,-0.3757436751784458,BINARY,LMC570.05.1873,ECL,False
-2.298265374583546,-0.8412698468788367,PULS,LMC571.21.5010,RRLYR,False
-4.284607151680786,-1.7653693433533015,LPV,LMC571.21.4565,LPV,False
-2.934589782157447,-0.35789353221036674,BINARY,LMC570.13.7356,ECL,False
-2.407104001346025,-0.9094741556931046,BINARY,LMC570.05.1682,ECL,False
13.272122762392328,-6.194365430081107,LPV,LMC571.21.4561,LPV,False
-2.9756166581890295,-0.2901654889056171,BINARY,LMC570.13.6718,ECL,False
-2.4955599590769597,-0.6973056007363896,BINARY,LMC570.05.1980,ECL,False
-3.7614658769551843,-1.0664122838210297,LPV,LMC571.29.3868,LPV,False
-2.710140623048823,-0.5037657167656515,BINARY,LMC571.04.5303,ECL,False
-0.4313690878857064,2.944297659218962,LPV,LMC570.05.37,LPV,False
-3.2746866077145937,-0.2702377859819438,BINARY,LMC570.30.135,ELL,False
-3.6906427667144546,-0.9102221902240106,LPV,LMC570.13.3,LPV,False
-2.7348551603229505,-0.4469210881728156,BINARY,LMC571.12.55,ECL,False
0.4163823170631802,2.3305386661139638,LPV,LMC571.21.4562,LPV,False
4.284703415992933,8.273222866183017,LPV,LMC571.04.42,LPV,False
5.893712389973692,-0.1425092057354807,LPV,LMC571.04.26,LPV,False
-2.581842197638287,-3.6281345935064344,LPV,LMC570.22.8,LPV,False
-4.41769616370158,-1.8991964546606581,LPV,LMC570.05.30,LPV,False
-2.6638063570676924,-4.323826839429691,LPV,LMC571.04.5249,LPV,False
-2.415048184801441,-0.7736772431672007,PULS,LMC571.21.3124,DSCT,False
-2.324127870127603,-0.8308195361619086,PULS,LMC570.05.1090,RRLYR,False
7.929952590648562,12.796460709941314,LPV,LMC571.04.5229,LPV,False
-2.3312118522443743,-0.8442519712286607,BINARY,LMC570.30.3312,ECL,False
-2.320617078526373,-0.8435797937454548,PULS,LMC571.04.498,RRLYR,False
-2.878597972631351,-0.42927236704058186,BINARY,LMC571.04.8063,ECL,False
-2.707699567661209,-0.5028835471785534,BINARY,LMC570.05.1028,ECL,False
-4.263531820803175,-1.734050781242567,LPV,LMC571.29.3890,LPV,False
-2.314258149813759,-0.8684925870355186,PULS,LMC570.30.5547,RRLYR,False
18.667281057809202,24.935742449471604,LPV,LMC570.05.34,LPV,False
-2.6557369212223834,-0.5520934563029906,BINARY,LMC570.30.1099,ECL,False
-3.603947797304718,-0.4723237543457383,LPV,LMC570.13.365,LPV,False
-2.72634250940508,-0.5044112891678257,BINARY,LMC571.29.4448,ECL,False
-3.024365542654902,-0.2872511108336131,BINARY,LMC571.12.687,ECL,False
-1.2710073236758068,-2.3913849946499863,LPV,LMC570.30.17,LPV,False
-4.35376247949352,-1.919514978374435,LPV,LMC571.04.5235,LPV,False
5.307657083925199,9.424118365846658,LPV,LMC571.12.3852,LPV,False
-0.0329112647717551,2.1913439844598512,LPV,LMC570.05.6660,LPV,False
-2.8636509396995806,-0.4455221567547674,BINARY,LMC570.05.3597,ECL,False
10.06795803249318,13.592422516457127,LPV,LMC570.22.25,LPV,False
3.669811717406736,6.324723119497752,LPV,LMC570.13.26,LPV,False
-0.1472878353313969,1.786834465725468,LPV,LMC570.13.9,LPV,False
-4.435864969075345,-1.8506040877953052,LPV,LMC570.13.13,LPV,False
35.62238812140566,4.323202403698343,LPV,LMC570.30.29,LPV,False
-3.8540629598517113,-1.204209270988546,LPV,LMC570.13.5702,LPV,False
-2.8465030902636657,-0.40967485895958977,BINARY,LMC571.29.816,ECL,False
-2.749155210547232,-0.5029793922708335,BINARY,LMC571.12.293,ELL,False
2.532224452198453,-2.445744377620886,LPV,LMC571.12.7,LPV,False
-2.7622345363223415,-0.5085203825021336,BINARY,LMC570.05.10018,ECL,False
-2.782758284940646,-0.8544233142863316,LPV,LMC570.05.4,LPV,False
5.39876867287284,9.812037249232098,LPV,LMC570.22.5135,LPV,False
-0.018261832581135895,3.5397926569152753,LPV,LMC571.12.26,LPV,False
16.93718442128608,23.05007134065082,LPV,LMC570.22.22,LPV,False
-2.294597730375219,1.118145361743355,LPV,LMC570.30.4967,LPV,False
-2.9515525306460138,-0.37037502051608423,BINARY,LMC571.21.3169,ECL,False
-2.75051842014348,-0.535140833291603,BINARY,LMC571.04.6937,ECL,False
-2.9145754351928,-0.38404422233526114,BINARY,LMC571.12.6711,ECL,False
-4.76692353819401,-2.2168223432026273,LPV,LMC570.22.13,LPV,False
14.639103851331246,0.3108395151927237,LPV,LMC571.12.3849,LPV,False
-3.056722645225044,-0.28220065633100677,BINARY,LMC571.04.6115,ECL,False
-3.3767270306691266,-2.1212791789715366,LPV,LMC571.12.3866,LPV,False
-2.3160747918841094,-0.8878658666989225,BINARY,LMC570.05.2008,ECL,False
-1.6685150579679269,-1.4605938527406046,BINARY,LMC570.30.3429,ECL,False
1.5171920894045599,5.47621253718623,LPV,LMC570.30.7,LPV,False
-2.4170491031298975,-0.8856579182649571,PULS,LMC571.21.4575,T2CEP,False
-0.4814231202937598,-2.41311396450745,PULS,LMC570.22.5753,RRLYR,False
1.5576155946706756,4.944124438899017,LPV,LMC571.12.3858,LPV,False
-3.5407218522798454,-2.409580834962809,LPV,LMC570.13.5700,LPV,False
-2.3040046744422833,-0.864868231282528,PULS,LMC571.29.6173,DSCT,False
-2.7128692299923842,-0.4986833235401522,BINARY,LMC570.22.284,ELL,False
16.868591453940976,23.032029829693922,LPV,LMC570.13.32,LPV,False
-2.311954501025417,-0.8581443288340742,PULS,LMC571.21.562,RRLYR,False
1.0236060818687682,5.095567604255847,LPV,LMC571.12.3843,LPV,False
11.436219838480802,-15.548894477827025,LPV,LMC571.12.6,LPV,False
16.548717482441592,-16.236576599796724,LPV,LMC571.29.6,LPV,False
-2.635258769453637,-0.6038126836299011,BINARY,LMC571.29.713,ECL,False
-3.1255155934295606,-0.203709797389641,BINARY,LMC570.13.6007,ELL,False
-3.8764408457964956,-1.3252452016336398,LPV,LMC570.22.24,LPV,False
-1.3110813692570886,-1.7222233623262058,PULS,LMC570.05.7490,RRLYR,False
-2.5773162193897567,-0.6039366940096318,BINARY,LMC571.21.5009,ECL,True
-3.667577969685479,-0.5222961876539693,BINARY,LMC570.13.24,ELL,False
-2.643196891012583,-0.5058500491820465,BINARY,LMC570.22.45,ECL,False
-3.1419944342415667,-0.22836817112121488,BINARY,LMC570.30.6387,ECL,False
-2.6779638176797604,-1.4206951746815928,LPV,LMC570.13.11,LPV,False
-3.6363546455129563,-2.5608299909723398,LPV,LMC571.12.3850,LPV,False
16.52872219767253,-5.067026080193434,LPV,LMC571.04.10,LPV,False
-2.8508970397948152,-0.3855278231388596,BINARY,LMC570.05.2194,ECL,False
-4.240779476203806,-1.6282680250411086,LPV,LMC570.13.5695,LPV,False
1.1973909339123598,3.467962901913231,LPV,LMC571.29.3870,LPV,False
-3.0923085888654884,-0.2111229661663228,BINARY,LMC571.04.5721,ECL,False
44.47976824183766,-42.02376430859781,LPV,LMC571.21.4559,LPV,False
-1.4482834528374011,-1.6089708722750427,PULS,LMC571.04.508,RRLYR,False
-3.1518583178992583,-2.5472653463162267,LPV,LMC570.13.5724,LPV,False
-2.588280501231905,-0.6201889626084195,PULS,LMC570.13.6476,RRLYR,False
-5.624229692715131,-3.097291196218743,LPV,LMC570.22.5171,LPV,False
-4.948748678716995,-2.532183313362629,LPV,LMC570.22.5119,LPV,False
9.672038558908323,13.325999324264865,LPV,LMC570.05.6667,LPV,False
-2.3046913942402973,-0.8281529431062635,PULS,LMC570.22.5193,DCEP,False
-2.686711050680375,-0.4778813303647677,BINARY,LMC571.21.121,ECL,False
-5.0930946344031405,-3.2737177905045822,BINARY,LMC571.04.65,ECL,True
-3.572957302129265,-0.8151330347475438,LPV,LMC570.13.5693,LPV,False
-4.386672986315067,-1.883178142118689,LPV,LMC570.30.21,LPV,False
-2.7321191947692065,-0.49836308896216824,BINARY,LMC570.05.501,ELL,False
-4.587410587130121,-2.152603407253537,LPV,LMC571.04.5246,LPV,False
-4.879254636085076,-2.4138635056447466,LPV,LMC570.13.38,LPV,False
-2.1230659547709063,1.0842373522827629,LPV,LMC571.12.2,LPV,False
7.355578006472089,11.622426643935887,LPV,LMC570.22.5136,LPV,False
-3.0685841615366325,-1.8056247478545135,LPV,LMC571.04.13,LPV,False
10.432677322980922,14.222551454629457,LPV,LMC571.12.3860,LPV,False
-4.668367566510253,-2.212304041447403,LPV,LMC570.13.42,LPV,False
11.232907351018284,16.57362147517171,LPV,LMC571.04.5243,LPV,False
-4.750175974219007,-2.2736504009877665,LPV,LMC571.21.4571,LPV,False
5.2479759071349905,-1.1302806657145146,LPV,LMC571.21.4555,LPV,False
-2.885155127154816,-0.5133639798705556,BINARY,LMC570.05.7904,ECL,False
-2.3159463257937927,-0.8553895910883549,PULS,LMC571.21.6752,DSCT,False
-4.176787383165137,-1.6050581156569672,LPV,LMC570.05.6679,LPV,False
-3.1113017978076827,-1.8837781185257803,LPV,LMC571.29.3882,LPV,False
-3.8728591726684654,-0.633120744482697,LPV,LMC571.21.4599,LPV,False
-3.423778047598472,-2.220213298014408,LPV,LMC570.22.16,LPV,False
-2.859349373163049,-0.4137631691871754,BINARY,LMC570.22.5610,ECL,False
-2.1105480228992133,-1.0522441445371846,BINARY,LMC571.12.4612,ECL,False
-2.3017987993141635,-0.866264927539389,PULS,LMC570.05.7512,RRLYR,False
-1.6976831586008034,2.0735391931599754,LPV,LMC571.21.4570,LPV,False
0.15869241679890944,3.4016031033036427,LPV,LMC570.30.30,LPV,False
-4.198360145318652,-3.1820880721925304,PULS,LMC570.30.773,DSCT,False
-5.476205949607365,-2.9013799896064434,LPV,LMC571.12.18,LPV,False
10.263436092377468,15.336804931984819,LPV,LMC570.05.39,LPV,False
-2.383896347096879,-1.0488923312252811,LPV,LMC570.13.5718,LPV,False
-2.6665448576961084,-0.563941503326288,BINARY,LMC570.13.8303,ECL,False
2.3766127304459417,6.107809954795256,LPV,LMC571.29.3885,LPV,False
15.199610336207954,-11.293375497774493,LPV,LMC571.04.32,LPV,False
-4.623079070142069,-2.2013515308118126,LPV,LMC571.29.3907,LPV,False
9.603700589495375,-1.4398993602688273,LPV,LMC571.04.5216,LPV,False
-2.4929275043669934,-0.7533678791930339,BINARY,LMC570.05.2845,ECL,False
-3.6711917262570815,-2.561278728062014,LPV,LMC570.22.5130,LPV,False
-1.8880922601392816,-1.2041214590797833,PULS,LMC571.21.5124,RRLYR,False
-3.1763438243511017,-0.21714152494652217,BINARY,LMC571.29.3927,ELL,False
-2.9517495117038264,-0.2969044947029926,BINARY,LMC570.30.6175,ECL,False
-2.632980198361356,-0.5362551580665328,BINARY,LMC571.12.3893,ECL,False
-2.7330477046164257,-0.515078805218599,BINARY,LMC571.04.1266,ECL,False
-2.7078061811463012,-0.5159983656061747,BINARY,LMC570.13.6515,ECL,False
-4.7814484743160595,-2.3195392305020928,LPV,LMC570.13.5694,LPV,False
1.9026359488130113,5.519494329478859,LPV,LMC571.04.5240,LPV,False
-2.684942350391153,-0.5387174961863481,BINARY,LMC570.22.1244,ECL,False
-2.28820611887492,-0.874047022383534,PULS,LMC571.12.2095,DSCT,False
-5.009861613255303,-2.595479420077825,LPV,LMC570.13.31,LPV,False
-3.071693153108195,-0.3050703992369906,BINARY,LMC570.30.1352,ECL,False
-3.8386437142924743,-2.778522010804732,PULS,LMC571.21.4901,RRLYR,False
-2.3052935186494987,-0.8207553019795052,PULS,LMC571.04.11,DCEP,True
-2.8959572591899745,-0.5370777110535438,BINARY,LMC571.12.265,ECL,False
-3.026223724935247,-1.786980464382232,LPV,LMC571.29.25,LPV,False
-4.017330987663762,-1.319248828396499,LPV,LMC570.13.5696,LPV,False
-4.051645608899685,-2.6012056249836384,PULS,LMC570.30.5460,RRLYR,False
-4.5581940588300345,-2.0947148014547246,LPV,LMC570.13.39,LPV,False
-3.4330924688494235,-2.2353755464252956,LPV,LMC570.22.5,LPV,False
1.3462810574905753,4.8439821842603585,LPV,LMC570.05.6672,LPV,False
-1.3433737585494472,-1.698008224518303,PULS,LMC571.12.4538,RRLYR,False
-5.139058482311793,-2.82387971060162,LPV,LMC571.21.4573,LPV,False
-4.3144006604183245,-1.8136355155317938,LPV,LMC570.30.4985,LPV,False
-2.7991447523275808,-0.4511387700794145,BINARY,LMC570.30.2228,ECL,False
2.9262652560650526,6.570147882439955,LPV,LMC571.04.55,LPV,False
-3.1363509025485734,-0.2000538691610967,BINARY,LMC571.12.3924,ECL,False
-2.310257523354632,-0.8715610315634967,PULS,LMC571.12.4453,RRLYR,False
6.526614421575871,-12.214406972241232,LPV,LMC570.13.5713,LPV,False
-3.9882751215431207,-2.9675410218719014,LPV,LMC570.13.5711,LPV,False
-0.9896521719637164,2.1315215313005673,LPV,LMC570.05.6659,LPV,False
7.708991735413046,12.438783122142834,LPV,LMC570.13.6,LPV,False
-1.1803649266850673,2.2591695977396666,LPV,LMC570.05.6658,LPV,False
-3.363423727791443,-0.5337880190617397,LPV,LMC570.22.5112,LPV,False
-2.838700745592284,-0.409335487179841,BINARY,LMC571.20.948,ECL,False
-1.861027827776384,-1.2310334933336189,PULS,LMC570.22.883,RRLYR,False
2.8063417835199784,-2.7661200545666675,LPV,LMC571.11.4487,LPV,False
1.1377538023819285,4.4114565598596,LPV,LMC571.20.28,LPV,False
-4.386388348039166,-3.0930902753950615,PULS,LMC571.11.3087,DSCT,False
-2.962409474609878,-0.522579633153156,BINARY,LMC571.11.102,ELL,False
3.0768228543306737,6.8596103750300585,LPV,LMC570.22.75,LPV,False
21.23634159177809,1.9469859647477736,LPV,LMC570.05.21,LPV,False
-4.0538066038666525,-2.598760560979466,PULS,LMC570.22.5838,RRLYR,False
-2.816010833192544,-0.42789999817771296,BINARY,LMC570.22.1179,ECL,False
-2.7298320583701883,-0.5423846040281616,BINARY,LMC571.03.8414,ECL,False
1.8496693579272634,5.722038762397105,LPV,LMC571.03.19,LPV,False
-1.398207562089786,-1.6561688868352744,PULS,LMC570.13.6462,RRLYR,False
-4.180744263016207,-1.2231986613252102,LPV,LMC570.13.40,LPV,False
9.049076423709671,14.122271897029334,LPV,LMC571.28.29,LPV,False
1.9163812551885568,3.984517986142494,LPV,LMC571.20.3601,LPV,False
-4.391986982683617,-3.389207541512924,LPV,LMC570.30.4986,LPV,False
-3.9536248565928336,-2.908159891479631,LPV,LMC571.03.4541,LPV,False
2.189523798784423,5.958805995434947,LPV,LMC570.30.4983,LPV,False
1.1759043370328919,5.127381902334202,LPV,LMC570.13.27,LPV,False
-2.292181800030635,-0.8827228627953161,PULS,LMC570.13.742,RRLYR,False
-2.302536326252782,-0.8431964773930606,PULS,LMC570.13.6225,RRLYR,False
-4.840054000823969,-2.3671062926368576,LPV,LMC570.22.5123,LPV,False
-2.299762814441464,-0.8973391054004896,PULS,LMC570.05.8458,RRLYR,False
-5.561861571159677,-2.9435065639950384,LPV,LMC571.20.24,LPV,False
-2.80309132991182,-0.5438088840104708,BINARY,LMC570.05.1524,ECL,False
-2.8241878720475717,0.35032193260318856,LPV,LMC571.03.15,LPV,False
-2.803689979136101,-0.39480856734689784,BINARY,LMC570.30.133,ECL,False
-2.9543747542819783,-0.37134274187927585,BINARY,LMC570.30.6084,ECL,False
7.540276551587763,10.753538814035752,LPV,LMC571.03.4608,LPV,False
13.115723000481161,-1.5472712326418347,LPV,LMC570.30.12,LPV,False
3.5821776452028056,7.508941405919035,LPV,LMC570.13.5701,LPV,False
1.5238854932256194,5.511151050994548,LPV,LMC570.30.4975,LPV,False
-2.71719111537918,-0.5184697456030537,BINARY,LMC570.30.6792,ECL,False
-2.952097754695468,-1.715384601375606,LPV,LMC571.03.4491,LPV,False
-2.8979370089276464,-0.5981444857333728,BINARY,LMC571.11.78,ELL,False
-4.027413227016977,-1.3172299289235956,LPV,LMC571.11.4477,LPV,False
-4.541203447081362,-1.8722120045374995,LPV,LMC571.03.4,LPV,False
-3.5260878425555737,-2.470254626273343,LPV,LMC570.05.6674,LPV,False
-4.394165691256462,-1.973336675719238,LPV,LMC570.30.23,LPV,False
-2.9097822732816216,-0.5312955069630846,BINARY,LMC570.13.8858,ECL,False
-4.353812055674307,-1.763392759043411,LPV,LMC570.22.23,LPV,False
12.583380536686146,16.561702169788667,LPV,LMC570.05.26,LPV,False
-2.734648886102586,-0.44083274093663527,BINARY,LMC570.22.118,ECL,False
18.80910859878161,24.40996308853342,BINARY,LMC570.05.7117,ECL,False
-4.747462220449,-2.2744629448545415,LPV,LMC570.05.6671,LPV,False
-3.273830805537064,-1.908066876335887,LPV,LMC570.22.5107,LPV,False
-1.67381815089048,1.359743930367194,LPV,LMC571.20.3597,LPV,False
-4.157067880114861,-3.1171996733509246,LPV,LMC570.30.4989,LPV,False
-2.8818472786092495,-0.39765172838552526,BINARY,LMC570.22.3068,ECL,False
-3.129967096486797,-1.9685625356639307,LPV,LMC570.05.6681,LPV,False
-3.574048830750881,-0.6533645528306181,LPV,LMC570.05.6673,LPV,False
-4.048047350590483,-2.9924876276867964,LPV,LMC570.13.36,LPV,False
-3.6028342925797343,-0.4659203738163405,LPV,LMC570.30.621,LPV,False
-1.5969274921142222,2.2411013855019633,LPV,LMC570.13.20,LPV,False
-1.5515005939253343,1.4407786393630615,LPV,LMC570.05.36,LPV,False
-2.3539536851332703,-0.8319979447890411,PULS,LMC571.11.6324,DSCT,False
-2.3006446911953824,-0.8330094118934277,PULS,LMC570.13.537,RRLYR,False
-3.0295545869255434,-0.2877291900615316,BINARY,LMC570.30.5399,ECL,False
-2.303629200709045,-0.8670202763583559,PULS,LMC570.05.38,DCEP,False
-3.129479951306428,-0.2513116717103513,BINARY,LMC571.28.2124,ECL,False
-1.9890292265931824,1.15160656383116,LPV,LMC571.03.16,LPV,False
-2.679497059138416,-0.5485044519690236,BINARY,LMC570.30.6130,ECL,False
-2.294332087671171,-0.8602072867007167,PULS,LMC571.20.4003,RRLYR,False
-4.2727833338064265,-1.3230395784204414,LPV,LMC571.03.2,LPV,False
-4.732851904001466,-2.334867829476835,LPV,LMC571.11.74,LPV,False
-2.3485943868182892,0.6047524399633517,LPV,LMC571.11.21,LPV,False
-2.860332125677185,-0.37910637884543985,BINARY,LMC571.03.5350,ECL,False
0.31988473035706155,3.6015329904347713,LPV,LMC570.22.5126,LPV,False
-2.7189628463244295,-0.5082104355716368,BINARY,LMC570.30.5943,ECL,False
-2.6732866083563436,-0.5924628144651158,BINARY,LMC571.03.3216,ECL,False
13.532199592849139,-4.993458291632546,LPV,LMC571.20.3579,LPV,False
-0.7018831399088417,3.2210585697399434,LPV,LMC571.11.6,LPV,False
-2.9054297217528484,-0.36164330059347544,BINARY,LMC571.28.3356,ECL,False
-0.5096486281788177,2.6857822866828087,LPV,LMC571.28.21,LPV,False
-3.2801923594835207,-0.20955935271025639,BINARY,LMC571.11.4752,ECL,False
-2.320708084311161,-0.8476406419744327,PULS,LMC571.03.675,RRLYR,False
4.393157187099004,7.154723270178642,LPV,LMC571.11.4476,LPV,False
-2.5966560518519013,-0.5960797441212108,PULS,LMC570.04.7815,RRLYR,False
-2.9535845014718625,-0.6296771666849281,BINARY,LMC571.11.43,ELL,False
-2.6397571036608882,-0.5520593823833714,BINARY,LMC570.21.6291,ECL,False
-2.736767894718818,-0.49289335754377134,BINARY,LMC571.28.593,ECL,False
-2.4658854647857025,-0.7238538134365462,BINARY,LMC571.03.2233,ECL,False
-3.8398862190306575,-1.2657208770716757,LPV,LMC571.28.3085,LPV,False
-2.89270400343973,-0.39764561278963956,BINARY,LMC571.03.966,ECL,False
-3.8089643028947213,-1.3033568409149314,LPV,LMC570.29.11,LPV,False
-4.9810996918741655,-2.584840386441356,LPV,LMC570.29.4720,LPV,False
17.13002750914245,23.135530791376247,LPV,LMC571.03.62,LPV,False
-2.6194517166919717,-0.5901384637726125,PULS,LMC570.29.5189,RRLYR,False
-2.9330962313655515,-0.37816367070613965,BINARY,LMC571.11.820,ECL,False
-3.7641909866701013,-1.1955413986269394,LPV,LMC570.29.17,LPV,False
-1.0116825637679938,2.6146559971733376,LPV,LMC571.20.3580,LPV,False
-3.9610222971758553,-2.837057533124778,LPV,LMC570.12.5991,LPV,False
-2.7595852528656475,-0.49862145807291464,PULS,LMC571.11.508,RRLYR,False
-2.6838120995872643,-0.5666295246098246,BINARY,LMC570.21.6428,ECL,False
-2.296583242896996,-0.8721182560822254,PULS,LMC570.04.1368,RRLYR,False
-4.662085675837219,-2.217845302482294,LPV,LMC570.12.13,LPV,False
-2.3034643180323733,-0.8815419172725012,PULS,LMC571.03.699,RRLYR,False
9.954288176586125,-13.355840244104208,LPV,LMC571.11.17,LPV,False
-1.2552442867216014,2.7180071095736906,LPV,LMC571.20.3609,LPV,False
-2.2925254191511137,-0.8959564509044768,PULS,LMC570.21.1566,RRLYR,False
-4.687029016144484,-2.3173141154408667,LPV,LMC571.03.4521,LPV,False
-2.4173383900685597,-0.7726884949644098,PULS,LMC570.04.10087,DSCT,False
-2.316800677639081,-0.8729528701493114,PULS,LMC570.04.8096,RRLYR,False
4.814583285774432,8.639617624738273,LPV,LMC570.21.5037,LPV,False
-2.044228716864988,-2.6547968775133235,LPV,LMC571.03.4486,LPV,False
-2.7353805536871225,-0.5216951680284573,BINARY,LMC570.29.5882,ECL,False
-2.646673517174723,-0.5656914357087874,PULS,LMC570.04.7717,RRLYR,False
1.608414341703968,3.718977054448385,LPV,LMC570.29.9,LPV,False
-4.694229348876686,-2.2451438808872046,LPV,LMC570.29.4723,LPV,False
-2.684418667921804,0.6007688209358695,LPV,LMC571.03.11,LPV,False
0.11306035575799722,3.2877987663553787,LPV,LMC571.11.4494,LPV,False
-5.33003669414399,-3.483261241360511,BINARY,LMC570.21.30,ELL,True
10.952374736466759,2.8762751161012554,LPV,LMC571.20.13,LPV,False
4.812092010654374,8.931433435613956,LPV,LMC570.12.34,LPV,False
-2.955965839512535,-0.3207458989679033,BINARY,LMC571.11.1320,ECL,False
-4.047039406698613,-2.6040084655929157,PULS,LMC570.12.6848,RRLYR,False
-2.6714404669076752,-0.5567662367915975,BINARY,LMC571.20.1080,ECL,False
-0.824694760609892,-2.1841620500758934,BINARY,LMC571.11.6382,ECL,False
-0.933202338968004,2.183924350984169,LPV,LMC571.03.18,LPV,False
-3.181335214565059,-0.20462373519767968,BINARY,LMC570.04.7177,ECL,False
0.5573138819877577,4.652334468182363,LPV,LMC570.12.5981,LPV,False
-2.839103529046663,-0.5610594071479512,BINARY,LMC570.29.4761,ELL,False
-2.6737707977578067,-0.5622876250379909,BINARY,LMC571.11.723,ECL,False
-2.3204487603690236,-0.832829489410013,PULS,LMC571.28.3523,RRLYR,False
-3.5146038548260994,-2.357786415634033,LPV,LMC571.11.41,LPV,False
-2.290124716013685,-0.8680017691734385,PULS,LMC570.21.5883,RRLYR,False
2.7856011600359665,5.374806151213876,LPV,LMC570.04.7042,LPV,False
-2.707944704030426,-0.5031355677760802,BINARY,LMC571.11.128,ECL,False
-4.983419781597187,-2.542421040517559,LPV,LMC571.28.23,LPV,False
-3.6226210657578797,-2.324741813532899,LPV,LMC570.04.13,LPV,False
-4.477045838469608,-1.9939745407110268,LPV,LMC571.11.35,LPV,False
-2.664250864196478,-0.5780922548120039,BINARY,LMC570.29.834,ECL,False
-2.5685198948875314,-0.6324223709114217,PULS,LMC571.11.494,RRLYR,False
5.647715414844808,9.982110750911653,LPV,LMC570.04.7059,LPV,False
-3.094268700580678,-0.19397794892784265,BINARY,LMC570.21.178,ELL,False
-3.354051679277372,-0.3928129265697339,LPV,LMC570.29.7,LPV,False
-3.366441173281289,-0.4934614639358794,LPV,LMC570.29.1,LPV,False
-4.241532941719683,-1.8388588056602688,LPV,LMC571.20.33,LPV,False
-1.0767705414331905,-1.9048663172750568,PULS,LMC570.04.7991,RRLYR,False
-2.3277982222554705,-0.8348242987311436,PULS,LMC570.12.910,RRLYR,False
2.0075280158230013,-7.656316440052779,LPV,LMC570.04.14,LPV,False
25.160039393678524,2.5911582843462746,LPV,LMC570.21.12,LPV,False
-2.63082538796874,0.8216562388400552,LPV,LMC570.12.2,LPV,False
18.899333950223625,-8.944588611818203,LPV,LMC570.21.27,LPV,False
-2.3024056385135387,-0.8443982353112238,PULS,LMC570.12.6008,DCEP,False
-2.8887786325481373,-0.3459580233226065,BINARY,LMC571.20.4129,ECL,False
-2.321254399128312,-0.838047692933823,PULS,LMC570.04.765,RRLYR,False
-3.6173144854748998,-2.5213387385550527,LPV,LMC570.21.7,LPV,False
-3.9829310939720104,-2.961603009456282,LPV,LMC571.03.23,LPV,False
-5.421621209618774,-2.826489821693861,LPV,LMC571.03.8,LPV,False
-4.566272910310929,-2.1399523766333983,LPV,LMC571.28.17,LPV,False
-2.699982517493627,-0.535798078424868,BINARY,LMC570.04.2061,ECL,False
7.779311886564506,12.615348499337074,LPV,LMC570.04.7061,LPV,False
5.014958572809443,9.340672985722472,LPV,LMC571.03.43,LPV,False
1.4059893659549392,3.610780634379031,LPV,LMC570.12.6,LPV,False
-4.494193996302901,-1.7049538158456883,LPV,LMC571.03.4490,LPV,False
-3.557686874050463,-0.9061140408892081,LPV,LMC570.12.6003,LPV,False
-1.9819543981177143,-1.1606312782232915,BINARY,LMC570.12.1829,ECL,False
1.8013673225661186,-7.043587468186373,LPV,LMC570.29.3,LPV,False
8.231798064262957,12.929701666554136,LPV,LMC570.21.5044,LPV,False
-2.2804602293352416,-0.8642509294922012,BINARY,LMC570.04.507,ECL,False
-4.307668111470439,-1.7851485194512127,LPV,LMC571.11.4498,LPV,False
0.6367688460369512,4.044768634068433,LPV,LMC571.20.38,LPV,False
-2.3158819391592953,-0.8486649276897593,PULS,LMC570.04.1287,RRLYR,False
2.507399458102447,5.107765596444336,LPV,LMC570.12.5980,LPV,False
0.6866548951018041,4.376121662918795,LPV,LMC571.03.4543,LPV,False
0.23329946530719958,-0.6567241403985979,LPV,LMC571.20.3595,LPV,False
-4.7916415895817135,-2.353178021869395,LPV,LMC571.28.19,LPV,False
-2.244465560857332,-0.9203896772773839,PULS,LMC570.04.1437,DSCT,False
-3.9859738375234284,-0.8348996835177934,LPV,LMC571.20.20,LPV,False
-4.86416197849609,-2.4118065564741986,LPV,LMC571.11.38,LPV,False
-2.8491544878196695,-0.4066116990484453,BINARY,LMC570.04.1572,ECL,False
-2.915058238949804,-0.34693995087221746,BINARY,LMC571.03.5800,ECL,False
-3.1196951250654155,-1.7646932227838708,LPV,LMC570.04.7043,LPV,False
19.268353073742393,-22.543863081202506,PULS,LMC570.29.702,RRLYR,False
-2.2964603890849133,-0.8551692625022891,PULS,LMC570.29.5286,RRLYR,False
-1.342561202185119,-1.6935457071115447,PULS,LMC570.04.1311,RRLYR,False
-4.384015195809711,-1.8934114044543846,LPV,LMC570.12.6010,LPV,False
-2.3217523337393886,-0.8484344863747151,PULS,LMC571.11.5002,RRLYR,False
-3.713125119049451,-2.6222499701144963,LPV,LMC571.28.3089,LPV,False
-2.8955221921064553,-0.3536546610925039,BINARY,LMC570.12.6607,ECL,False
-5.772461745825893,-3.16270131283535,LPV,LMC570.21.33,LPV,True
-1.4361700024348372,-1.6181927954711102,PULS,LMC571.03.1090,RRLYR,False
18.227531840400417,-0.3399402688609369,LPV,LMC571.11.4495,LPV,False
-2.7582129439738057,-0.5266126891651725,BINARY,LMC570.04.11294,ECL,False
-2.904733902655127,-0.3609339196894338,BINARY,LMC570.21.1220,ECL,False
-4.40798778152024,-2.0070626957639957,LPV,LMC570.21.18,LPV,False
-2.964882430742854,-0.2870259955913751,BINARY,LMC570.29.434,ECL,False
2.392680166027824,6.148083470196206,LPV,LMC571.03.26,LPV,False
-2.731323280813112,-0.5300166100706636,BINARY,LMC571.20.4438,ECL,False
4.083564339641164,-2.0624876384585598,LPV,LMC570.12.8,LPV,False
3.6049114644969302,7.692134818077028,LPV,LMC570.04.34,LPV,False
-2.704480847376173,-0.5017488031599021,BINARY,LMC570.12.6622,ECL,False
11.33138170892994,16.59267256589887,LPV,LMC571.20.16,LPV,False
-2.730131704663412,-0.51376095747745,BINARY,LMC570.21.8481,ECL,False
-2.7441606538638297,-0.49326791229528116,PULS,LMC570.04.164,DCEP,False
3.4885447805737515,7.647657818626483,LPV,LMC570.21.21,LPV,False
-1.2824316538446252,-1.7555303934781763,PULS,LMC570.21.706,RRLYR,False
9.7503080590633,14.67441605075866,LPV,LMC571.28.14,LPV,False
-2.949883220879351,-0.29499455353276527,BINARY,LMC571.03.700,ECL,False
-3.486336019332718,-2.3452038829367146,LPV,LMC570.04.26,LPV,False
-3.769912538517433,-2.668504183553539,LPV,LMC571.11.68,LPV,False
-4.239653951232948,-1.6580178456052417,LPV,LMC570.12.5993,LPV,False
-2.298268578528051,-0.8553252371451148,PULS,LMC571.28.394,RRLYR,False
-2.7601135164382065,-0.5181977179513387,BINARY,LMC570.21.6081,ECL,False
16.03748892719481,-20.398271540402238,LPV,LMC570.29.24,LPV,False
-3.3563484911273815,-0.30677082533843625,BINARY,LMC570.04.7425,ELL,False
-2.312956508249513,-0.8626523623832137,PULS,LMC570.12.3838,DSCT,False
1.089789148529832,4.5968481775622845,LPV,LMC571.20.3606,LPV,False
-2.3445415811661734,-0.7968843194321678,PULS,LMC570.21.5833,DSCT,False
-2.969297842044204,-1.7748999576601703,LPV,LMC571.20.3588,LPV,False
-3.0349314053563488,-0.34140478292604204,BINARY,LMC571.28.84,ECL,False
-2.721960072115131,-0.5011214099357457,BINARY,LMC570.21.6217,ECL,False
-2.7337609903095483,-0.5287472397811547,BINARY,LMC571.20.5908,ECL,False
10.81545045517639,14.612949497923655,LPV,LMC571.11.4493,LPV,False
1.7636318275010687,5.991370201566912,LPV,LMC570.21.5014,LPV,False
0.5198126331225472,4.1009826554071775,LPV,LMC570.12.6014,LPV,False
4.247252956585125,6.852556435240529,LPV,LMC570.29.4726,LPV,False
21.635772171658058,-13.03914204551145,LPV,LMC571.28.3119,LPV,False
0.2151475062918884,-3.0102882346249062,PULS,LMC570.29.491,RRLYR,False
-4.25629623379951,-1.6937956851117781,LPV,LMC571.11.19,LPV,False
1.2837272114387277,4.6941989403233215,LPV,LMC570.29.4712,LPV,False
-4.78584073794832,-3.381395064246375,LPV,LMC571.28.3090,LPV,False
-2.7978980211509885,-0.5235546264638844,BINARY,LMC570.04.11340,ECL,False
-1.9458496023034986,0.958682323923135,LPV,LMC570.04.32,LPV,False
-3.3269578469842815,-1.6177938844422783,LPV,LMC571.20.4100,LPV,False
-2.4720218521663675,-0.6903683215097773,PULS,LMC570.29.458,RRLYR,False
2.8322310045022476,5.369044091036467,LPV,LMC571.20.3591,LPV,False
-2.290446312650736,-0.8949429121254675,PULS,LMC571.11.634,RRLYR,False
-0.1482656653655141,-2.7550055748147084,BINARY,LMC570.04.7891,ECL,False
-2.8820210968740274,-0.4295883133450095,BINARY,LMC571.11.7829,ECL,False
-2.9377735744096842,0.050608894255413484,LPV,LMC570.12.15,LPV,False
-0.2267265897767996,2.1197514122595953,LPV,LMC570.12.4,LPV,False
-2.721871018341288,-0.5059808484220027,BINARY,LMC571.03.6302,ECL,False
-2.5959169743352586,-0.6360857962605694,PULS,LMC570.04.7598,RRLYR,False
1.8758487477622792,3.9424655154760417,LPV,LMC570.12.81,LPV,False
20.722882653360465,2.1013412502830207,LPV,LMC570.04.38,LPV,False
-2.784315246222837,-0.4868259750264148,BINARY,LMC571.20.4311,ECL,False
7.0245689592241645,11.57745904397111,LPV,LMC571.03.4519,LPV,False
-2.295242418723973,-0.8642872211900412,PULS,LMC571.03.770,RRLYR,False
-2.2977468127585947,-0.8677052697395391,PULS,LMC571.20.3926,RRLYR,False
-2.7697620191564276,-0.5180108057150226,BINARY,LMC570.21.1909,ECL,False
-2.806095919718933,-0.5916329578969353,BINARY,LMC570.12.48,ECL,False
6.745556225159544,9.953354049970546,LPV,LMC570.21.5034,LPV,False
-2.7578884654621083,-0.5216331562523828,BINARY,LMC570.21.3234,ECL,False
23.99116954299538,4.3055823303874705,LPV,LMC570.04.40,LPV,False
-3.9663915245199677,-1.3267190075519153,LPV,LMC570.04.39,LPV,False
-2.5354056287066578,-0.6692186529522921,BINARY,LMC570.04.9044,ECL,False
-1.1862977605018117,-1.8216066217201041,PULS,LMC570.04.7975,RRLYR,False
1.7202808377895398,5.216340985027686,LPV,LMC571.11.34,LPV,False
2.0565421055451143,-1.0243025088761626,LPV,LMC571.11.42,LPV,False
-2.7851213778745243,-0.41398167099661204,BINARY,LMC571.27.4075,ECL,False
-2.6948567233421348,-1.0474877498514743,LPV,LMC570.12.26,LPV,False
-3.9674428348325343,-2.9227647364020015,LPV,LMC571.03.12,LPV,False
-2.2507475371661854,-0.9303916615466815,PULS,LMC570.12.3257,DSCT,False
-2.932220583931926,-0.5080582427767786,BINARY,LMC571.27.786,ECL,False
-2.2987688657804664,-0.831849968657582,PULS,LMC570.21.5128,DCEP,False
-2.7932325863718788,-0.5103539930729347,BINARY,LMC570.12.1286,ECL,False
2.1231138491185213,5.467681003827963,LPV,LMC571.27.3151,LPV,False
30.56900874854081,1.1314794249979205,LPV,LMC570.21.22,LPV,False
-0.2863934084891051,2.86944786991321,LPV,LMC571.27.73,LPV,False
-4.802862821009306,-2.3199878565492034,LPV,LMC570.04.20,LPV,False
-2.9886396372749315,-0.3013219468896038,BINARY,LMC570.21.1398,ECL,False
4.796550690844016,-4.0937439716952255,LPV,LMC570.04.28,LPV,False
-2.319307065160345,-0.8571185216972953,PULS,LMC571.19.5791,DSCT,False
-2.2886273378201527,-0.8715316792402473,PULS,LMC571.10.452,RRLYR,False
15.658974775576173,21.561255726312204,LPV,LMC570.04.37,LPV,False
-0.6867691795101081,-2.2462769759238963,BINARY,LMC571.10.1388,ECL,False
-2.730529443243237,-0.50261220964001,BINARY,LMC570.29.6789,ECL,False
0.32757574773122355,3.586824695387066,LPV,LMC571.27.15,LPV,False
-3.063383553388247,-1.7766066959328897,LPV,LMC570.29.4714,LPV,False
0.2903980239372852,3.887616115647381,LPV,LMC570.04.36,LPV,False
-2.728447720582573,-0.5456380949761518,BINARY,LMC571.19.4545,ECL,False
-4.812352886836088,-2.391395639490936,LPV,LMC571.10.4251,LPV,False
-2.3381482848977932,-0.8551157583045168,PULS,LMC570.04.3698,DSCT,False
-2.681555182321514,-0.5568099431448477,BINARY,LMC570.29.1340,ECL,False
-2.641823390265876,-0.5879729365756705,BINARY,LMC570.29.7473,ECL,False
-2.298230835659118,-0.8787212254680821,PULS,LMC570.04.7632,RRLYR,False
8.699924860502183,-10.386130583611513,LPV,LMC571.27.3108,LPV,False
-2.369193290201012,-0.8617971779869037,BINARY,LMC571.02.2341,ECL,False
-2.6231520766683984,-0.6216989307242407,BINARY,LMC571.19.6114,ECL,False
-2.733627156767896,-0.5009777254107023,BINARY,LMC571.19.119,ELL,False
-2.287505301893604,-0.8890749187815123,PULS,LMC570.29.5418,RRLYR,False
-2.807447827015994,-0.5437262068962019,BINARY,LMC570.12.9320,ECL,False
-3.527384859302033,-2.3971599919550157,LPV,LMC571.27.1,LPV,False
14.126686896990272,3.2730383657349353,LPV,LMC570.04.30,LPV,False
-3.917696802542604,-1.0855214247258682,LPV,LMC570.12.5999,LPV,False
4.796221895081587,-8.290226187146224,LPV,LMC571.19.9,LPV,False
6.403673339864565,9.283737245018035,LPV,LMC570.04.41,LPV,False
-3.5964923770514714,-2.4678871559311215,LPV,LMC571.10.15,LPV,False
3.813093360981256,7.997817995117636,LPV,LMC571.19.3662,LPV,False
-3.6112700316190414,-0.9360528978601195,LPV,LMC570.29.4701,LPV,False
-2.619164360636573,-0.5686649561594297,PULS,LMC570.04.841,RRLYR,False
-2.8269377502428874,-0.41050330805021273,BINARY,LMC570.21.5979,ECL,False
-1.8677682354963743,1.0736074325427456,LPV,LMC570.04.7045,LPV,False
-4.068689115889993,-3.0806188856966106,LPV,LMC570.12.6021,LPV,False
-2.227774129016486,-0.9179475376758034,PULS,LMC571.02.938,DSCT,False
-2.990460359499016,-0.2955174637796558,BINARY,LMC570.12.993,ECL,False
5.3894657518172595,-2.517884180375453,LPV,LMC571.27.3106,LPV,False
-3.0381740003049367,-0.24430199434073469,BINARY,LMC570.21.6112,ECL,False
-4.650691862506971,-2.0498216937319818,LPV,LMC571.10.3,LPV,False
-2.838008159404731,-0.41743422780954176,BINARY,LMC571.27.716,ECL,False
-2.8047252028676835,-0.5277247962799466,BINARY,LMC571.19.5715,ECL,False
4.203949750985016,-8.680718398740968,LPV,LMC570.12.5986,LPV,False
-3.196629658419104,-0.5873597889540543,BINARY,LMC570.21.5065,ELL,False
-2.7073571863889274,-0.523504651041048,BINARY,LMC571.02.5665,ECL,False
5.805869736373235,10.042249820210818,LPV,LMC571.27.3123,LPV,False
18.001386838087075,-15.1114695556008,LPV,LMC570.12.6011,LPV,False
-3.234283587091767,-0.23943255362400945,BINARY,LMC570.12.63,ELL,False
-3.500993971376848,-0.24303087262182083,LPV,LMC570.21.5025,LPV,False
-4.2490979558357225,-1.6745000415788105,LPV,LMC571.02.4506,LPV,False
-2.732279901232623,-0.02762959010762106,LPV,LMC571.10.10,LPV,False
-3.937013852433229,-2.809807762913584,LPV,LMC570.29.4710,LPV,False
-3.683047905111955,-2.6031550281534157,LPV,LMC570.29.4727,LPV,False
-2.706383103937643,-0.5244591607511785,BINARY,LMC571.02.1151,ECL,False
-3.4263474580074904,-2.2313522198732976,LPV,LMC571.02.13,LPV,False
7.172060869845059,2.7105174914468533,LPV,LMC570.21.5016,LPV,False
-1.9069864520940456,-2.686543946737835,LPV,LMC571.02.5,LPV,False
4.328270357356216,8.501366818142326,LPV,LMC570.21.5024,LPV,False
11.926131571387277,17.286570811937896,LPV,LMC571.27.26,LPV,False
11.683395512153922,16.735861732784425,LPV,LMC571.02.4519,LPV,False
-4.440984412929341,-1.897618312444022,LPV,LMC571.10.17,LPV,False
-5.312195440472258,-3.088743337327874,LPV,LMC570.21.23,LPV,False
-4.15834805369923,-1.6653246117214584,LPV,LMC570.12.28,LPV,False
-2.697139596860039,-0.5283563728086933,BINARY,LMC571.19.487,ECL,False
-2.6809168353705886,-1.0220423486443369,LPV,LMC570.29.6,LPV,False
-2.7416832764057477,-0.5126123521427298,BINARY,LMC570.12.3356,ECL,False
-2.3363145667063936,-0.8654981628546936,PULS,LMC570.12.3378,DSCT,False
7.16015161411737,11.687029842749382,LPV,LMC571.19.3668,LPV,False
-3.042238619732921,-0.6869347285146918,BINARY,LMC570.21.5056,ELL,False
-4.2015134495170585,-1.6486385802018335,LPV,LMC571.10.34,LPV,False
-3.6698639637915376,-0.5202933950549222,BINARY,LMC570.29.14,ELL,False
24.472450763142344,-26.137910225155863,LPV,LMC570.12.6017,LPV,False
-2.3060448124172996,-0.8762993824878947,PULS,LMC570.12.852,RRLYR,False
-3.8749853050029026,-1.281215419348112,LPV,LMC570.21.5027,LPV,False
-4.26439208338487,-3.265449908764089,LPV,LMC570.21.5038,LPV,False
-2.2950380891004296,-0.8800435413553352,PULS,LMC571.02.4908,RRLYR,False
10.532475077622,1.4105232048612062,LPV,LMC570.29.4738,LPV,False
6.000535862531666,10.174746211468582,LPV,LMC570.29.4725,LPV,False
2.533940948871158,-0.2978188950179568,LPV,LMC570.29.26,LPV,False
13.28449494038271,1.5759587942531998,LPV,LMC570.12.25,LPV,False
-2.2485182507103727,-0.90669015364039,PULS,LMC570.04.2111,DSCT,False
-1.94494074080556,-1.1739038594825213,PULS,LMC571.10.4839,RRLYR,False
-2.934549825670028,0.35584634760428857,LPV,LMC571.19.3,LPV,False
-2.7499299025458543,-0.45578037740050065,BINARY,LMC570.04.7795,ECL,False
-5.253969194833532,-2.8438290946604114,LPV,LMC570.04.7086,LPV,False
-1.082888827290115,2.062399330208735,LPV,LMC570.29.4,LPV,False
-5.040093969179951,-2.6540986472999473,LPV,LMC570.12.6013,LPV,False
2.211973384196683,0.014122078604623112,LPV,LMC571.10.4232,LPV,False
14.118495501112317,-8.814170980749763,LPV,LMC571.19.42,LPV,False
-2.679209770241612,-0.5753898642366795,BINARY,LMC570.04.686,ECL,False
-4.379818020585185,-1.8422486601863786,LPV,LMC571.02.4516,LPV,False
-3.5854400933804462,-2.5264826849877338,LPV,LMC571.10.33,LPV,False
-2.6871067567066222,-0.5589590333000557,BINARY,LMC571.19.867,ECL,False
9.414722337834956,0.24584076786212872,LPV,LMC570.28.5240,LPV,False
-2.3962434825013816,-0.7913673450659466,PULS,LMC571.19.6045,DSCT,False
0.5008479068779823,4.143697044574409,LPV,LMC571.02.4508,LPV,False
-2.6782329656337587,-0.5836574129432084,BINARY,LMC571.10.4516,ECL,False
-2.3223129108413745,-0.8316992895860198,PULS,LMC571.02.359,RRLYR,False
-2.300879284104411,-0.8826148892917531,PULS,LMC571.10.728,RRLYR,False
-4.573489579347962,-1.6598589180560477,LPV,LMC570.20.5167,LPV,False
-0.9509078722926056,-2.0264856231067574,PULS,LMC571.19.3992,RRLYR,False
-2.7583647114795498,-0.526579116157794,BINARY,LMC571.19.6451,ECL,False
-2.869759150482344,-0.3946030018319469,BINARY,LMC571.02.5621,ECL,False
-3.1985680472360443,-2.662554648056976,LPV,LMC570.28.47,LPV,False
-5.504650569175326,-2.6675629461755355,LPV,LMC570.28.5195,LPV,False
-2.9403758428567626,-0.41034142212782615,BINARY,LMC571.27.4985,ECL,False
-2.4130687068399563,-0.8085250553875043,PULS,LMC571.19.5410,DSCT,False
-3.7751188585493223,-0.5672227036693772,LPV,LMC570.20.395,LPV,False
-3.255669027502234,-0.2839782357660661,BINARY,LMC571.19.48,ELL,False
11.709598943730757,15.502160494070992,LPV,LMC570.03.39,LPV,False
-2.528144812518098,-0.6860153773699433,BINARY,LMC570.20.7983,ECL,True
-2.30097474872045,-0.8367790114329656,PULS,LMC570.28.806,RRLYR,False
-2.886904255175345,-0.3617256212867579,BINARY,LMC570.28.1526,ECL,False
0.24878321770463518,-3.029053854896622,BINARY,LMC571.02.590,ECL,False
-2.47690529029845,-0.7604399100007948,BINARY,LMC570.20.2099,ECL,False
-2.726382031068476,-0.509274942116133,BINARY,LMC571.10.5269,ECL,False
-2.5553185864566133,-0.6467931248213132,BINARY,LMC571.10.5067,ECL,False
-2.735921274823089,-0.5211636485972583,BINARY,LMC570.28.8492,ECL,False
-2.754232330940311,-0.5086744466435088,BINARY,LMC570.11.5514,ECL,False
-3.3832663617875802,-0.5302150243294536,LPV,LMC571.19.3684,LPV,False
5.3928047414958185,9.701736429170223,LPV,LMC570.03.5864,LPV,False
-2.7025773969685583,-0.49007990547108016,BINARY,LMC570.03.6112,ECL,False
-2.645005456258806,-0.5915189678510075,BINARY,LMC570.28.6067,ECL,False
-2.807491621036436,-0.5168110074045981,BINARY,LMC571.19.2732,ECL,False
-2.3538545604500394,-0.8335736486822884,PULS,LMC570.20.942,RRLYR,True
-2.6162769587936325,-0.5825638948211596,PULS,LMC571.02.795,RRLYR,False
-2.712996364547285,-0.5321406033306353,BINARY,LMC570.11.6461,ECL,False
-4.684212660894684,-2.1582442210845985,LPV,LMC570.03.5836,LPV,False
-4.002521650211424,-2.896831902609698,LPV,LMC570.11.5230,LPV,False
12.837681754397856,-6.936772116913446,LPV,LMC570.03.5860,LPV,False
2.685737321009894,-6.920440856020046,LPV,LMC571.19.23,LPV,False
0.1272513249048699,2.0624939967845473,LPV,LMC571.27.25,LPV,False
-2.3281988611209328,-0.8338948041563008,PULS,LMC570.03.1184,DSCT,False
-0.10007218175695742,2.1346414351897165,LPV,LMC571.10.9,LPV,False
9.880921747215968,14.891305769212027,LPV,LMC570.03.51,LPV,False
-2.693167792504286,-0.557758955972491,BINARY,LMC571.10.846,ECL,False
-0.9749761340997614,1.9888551855211232,LPV,LMC571.02.4520,LPV,False
4.709273823136705,8.752024007371082,LPV,LMC571.19.3680,LPV,False
-3.620775611221413,-0.7461099775683233,LPV,LMC571.10.4241,LPV,False
-3.1688029382981346,-0.5328788247044425,BINARY,LMC570.11.51,ECL,False
-3.6659370430982947,-0.9890859256524904,LPV,LMC571.27.3120,LPV,False
-4.343226741925367,-1.8608656804391275,LPV,LMC570.20.5185,LPV,False
-2.7781640752793337,-0.5363208431620483,BINARY,LMC571.10.2119,ECL,False
9.484454944849084,14.32688860745846,LPV,LMC571.19.3676,LPV,False
13.699420922879192,-16.66686235381024,LPV,LMC570.11.5198,LPV,False
-2.663597658103603,-0.5749504522146411,BINARY,LMC570.28.3512,ECL,False
-4.129153524604673,-1.493889166191074,LPV,LMC571.02.4524,LPV,False
5.111461184826579,9.750445117360464,LPV,LMC571.27.3126,LPV,False
-2.289861323681146,-0.8589224027671314,PULS,LMC570.28.5826,RRLYR,False
7.115128185332478,11.732652291239704,LPV,LMC571.02.4513,LPV,False
-3.654898621821535,-2.513917332591843,LPV,LMC570.03.5906,LPV,False
-4.637763551829362,-2.230303851274881,LPV,LMC570.11.5268,LPV,False
-3.131042073770014,-0.25825418609174344,BINARY,LMC571.19.380,ECL,False
-3.001195846298777,0.10062315058142557,LPV,LMC570.03.29,LPV,False
-2.6709167194332486,-0.5463009477781452,BINARY,LMC570.11.741,ECL,False
-3.967474510633377,-1.0618976877393358,LPV,LMC570.28.5175,LPV,False
-0.4033200918123212,-2.524132653403435,BINARY,LMC570.11.6181,ECL,False
-3.676067282267832,-2.36917328905283,LPV,LMC570.28.10,LPV,False
-3.1173775375938555,-0.7499608793494865,BINARY,LMC570.11.5244,ELL,False
12.271169421868251,17.762481859903342,LPV,LMC571.02.4567,LPV,False
-5.443606932919588,-2.8545214844685507,LPV,LMC570.11.5217,LPV,False
-2.32844435546893,-0.8521869462185656,PULS,LMC571.27.5493,DSCT,False
-2.7155828800925637,-0.4960976310272398,BINARY,LMC570.03.262,ELL,False
-4.460587761675324,-1.5107658871422411,LPV,LMC571.19.3663,LPV,False
-2.326136666815138,-0.8351657991937544,PULS,LMC571.02.418,RRLYR,False
-0.2761483703914598,3.193045799491677,LPV,LMC571.19.3672,LPV,False
-2.6894973559481654,-0.5370854560670197,BINARY,LMC571.19.1132,ECL,False
-2.7645659886496574,-0.5213946803979077,BINARY,LMC570.11.9733,ECL,False
-2.7259489768682403,-0.543874742494254,BINARY,LMC571.27.1219,ECL,False
-0.3081832983216475,-5.0637147969913086,LPV,LMC570.03.5862,LPV,False
1.8917235365879046,-5.480725496442176,LPV,LMC570.28.24,LPV,False
9.60683415374374,14.54180083053938,LPV,LMC570.20.29,LPV,False
-4.268746807827812,-1.7785449567103417,LPV,LMC570.20.27,LPV,False
17.752726000233196,23.777787350426102,LPV,LMC570.20.25,LPV,False
3.8868866829738122,-4.036002930525667,LPV,LMC570.20.7,LPV,False
-2.9495214787140815,-0.35622691978432675,BINARY,LMC570.03.8002,ECL,False
-2.3025182490219236,-0.8852356166068429,PULS,LMC571.27.320,RRLYR,False
-4.464188957532603,-3.0105906711050663,PULS,LMC571.10.563,DSCT,False
-2.3915349538055226,-0.8018904658610129,BINARY,LMC570.20.5980,ECL,False
10.89331261588287,15.773562132285456,LPV,LMC571.19.43,LPV,False
-2.335038184753806,-0.8421282455826078,PULS,LMC570.11.2888,DSCT,False
-1.1543689921943754,1.9819290904289473,LPV,LMC570.20.75,LPV,False
-3.0450233108882903,-0.4748648243883513,BINARY,LMC570.20.5761,ELL,False
-3.473104358298057,-2.318703721156723,LPV,LMC571.27.3119,LPV,False
4.241944322063073,8.202115090541714,LPV,LMC571.10.23,LPV,False
-4.882429986355541,-1.935322496167336,LPV,LMC571.27.6,LPV,False
-2.6729722619479195,-0.46628172449810035,BINARY,LMC571.19.3817,ECL,False
-2.5560971981602636,-0.6516586822011609,BINARY,LMC570.20.6812,ECL,False
1.8261431972224953,1.530484321674287,LPV,LMC570.11.5227,LPV,False
-0.940690542873311,-2.0103130473995288,PULS,LMC571.02.303,RRLYR,False
-2.083468663843781,-3.949252956202529,LPV,LMC570.28.5182,LPV,False
-3.514543227643691,-0.3912817342393084,LPV,LMC571.10.7,LPV,False
2.2334047067165894,-2.9738859858150812,LPV,LMC570.11.5,LPV,False
-4.557129081163526,-2.0435769189745097,LPV,LMC570.11.34,LPV,False
-2.7107534438710394,-0.586785872499564,BINARY,LMC571.10.4475,ECL,False
-2.1019364322298406,0.9133655025509881,LPV,LMC570.20.5183,LPV,False
-2.491680780900255,0.29037982947385865,LPV,LMC570.20.12,LPV,False
-2.6706557539767846,-0.5857801595159136,BINARY,LMC570.03.3768,ECL,False
-2.319163930130579,-0.8629504525042189,PULS,LMC571.19.441,RRLYR,False
0.6658627142935907,4.332638102557313,LPV,LMC570.28.5199,LPV,False
-4.109440106824593,-3.071861483105171,LPV,LMC571.19.20,LPV,False
-0.029703545095779216,3.283968831392645,LPV,LMC570.20.18,LPV,False
10.213753871587247,1.731336435174114,LPV,LMC570.20.17,LPV,False
-2.845501055956664,-0.384296800749472,BINARY,LMC571.10.1155,ECL,False
-1.9596554371594466,-1.1538469909476654,PULS,LMC570.20.506,RRLYR,False
4.112782136250222,8.114782564299086,LPV,LMC571.10.24,LPV,False
-4.681409635074084,-2.3278606318373,LPV,LMC571.27.76,LPV,False
-4.086155893149083,-1.4968515535202696,LPV,LMC571.27.18,LPV,False
-2.3069797295547834,-0.8713714108337163,PULS,LMC570.20.873,RRLYR,False
-4.202865632846325,-1.6409332508560017,LPV,LMC570.20.5182,LPV,False
-1.096653933142411,-1.8969769823082092,PULS,LMC570.03.6836,RRLYR,False
-2.951706564794756,-1.6986782902268174,LPV,LMC570.28.30,LPV,False
-1.4735891767716929,1.6283905808173305,LPV,LMC570.03.10,LPV,False
-2.750012716189166,-0.5295438484269215,BINARY,LMC570.20.7048,ECL,False
-3.8867689843314377,-2.7982699748539526,LPV,LMC571.02.4522,LPV,False
-2.648635669542834,-0.5597852130329952,BINARY,LMC571.02.5257,ECL,False
-4.809605768157107,-2.3015218513507083,LPV,LMC570.03.5867,LPV,False
-2.7190827690427635,-0.5218539571365698,BINARY,LMC570.20.1330,ECL,False
-4.33343005597756,-1.8043447461366853,LPV,LMC570.20.21,LPV,False
1.3374845506246533,4.971225909068308,LPV,LMC570.03.78,LPV,False
-2.742293890613647,-0.5353146393830507,BINARY,LMC570.20.5393,ECL,False
-4.799870275956251,-2.418611881991502,LPV,LMC570.28.45,LPV,False
0.13193618990274114,1.9933620112755175,LPV,LMC571.10.4246,LPV,False
-4.828501157632873,-2.4937511675314736,LPV,LMC570.28.5207,LPV,False
-2.1772536575033645,-1.903217473527086,LPV,LMC571.10.18,LPV,False
-1.9330348607821701,0.9386137735996625,LPV,LMC570.11.5216,LPV,False
-2.9610924311401075,-2.1484902875517538,LPV,LMC570.28.2,LPV,False
-5.8271028712910695,-3.1955839953810985,BINARY,LMC570.03.36,ELL,True
-1.5112369100526706,-1.5663141829034408,PULS,LMC570.20.5704,RRLYR,False
-2.9204954302613997,-0.5086669981752531,BINARY,LMC571.19.672,ECL,False
-2.865409074304714,-0.4163116327527667,BINARY,LMC571.27.788,ECL,False
-2.6919955813286234,-0.4909274572128003,BINARY,LMC571.19.4,ECL,False
-2.6031219090707087,-0.6489587655300852,BINARY,LMC571.19.2252,ECL,False
-3.285159516159387,-1.8218885768938464,LPV,LMC570.28.6,LPV,False
-4.262504645393228,-1.727602554228708,LPV,LMC570.28.5192,LPV,False
-2.6965521733553155,-0.5279085734317065,BINARY,LMC570.11.681,ECL,False
8.45419019946397,-1.865120680748246,LPV,LMC570.11.3,LPV,False
12.86376636894352,18.05740976985063,LPV,LMC571.02.18,LPV,False
-0.8698419821662404,-2.094231052065143,PULS,LMC570.20.6152,RRLYR,False
-2.293167141767763,-0.8750869943977619,PULS,LMC570.11.789,RRLYR,False
-5.12866334063969,-2.7414577224478007,LPV,LMC570.11.33,LPV,False
-3.637890416114891,-2.4696941300419666,LPV,LMC571.19.3682,LPV,False
-3.3617687084514953,-3.1878476804491216,PULS,LMC570.11.6018,RRLYR,False
19.192810517723334,1.9819529707158459,LPV,LMC570.03.56,LPV,False
7.3939884858854255,10.557870709200389,LPV,LMC570.11.21,LPV,False
8.501436827037566,13.092711997391547,LPV,LMC571.10.32,LPV,False
-2.763786650949068,-0.5347906514133399,BINARY,LMC570.28.8253,ECL,False
-2.80172231680065,-0.4207391218614135,PULS,LMC570.11.5256,DCEP,False
-1.9470448456395961,-0.12587342430140386,LPV,LMC570.28.17,LPV,False
-2.9502700528996,-0.3304276506821445,BINARY,LMC570.03.7732,ECL,False
-4.602099036615066,-1.6117107241966269,LPV,LMC570.20.4,LPV,False
9.345964546185819,13.868692822774983,LPV,LMC570.11.5212,LPV,False
-2.0269832881005305,-0.28447962599900245,LPV,LMC571.02.4505,LPV,False
19.258676839760266,-21.347315339807437,LPV,LMC570.03.5886,LPV,False
11.167759994876658,16.465554322745824,LPV,LMC570.28.5211,LPV,False
0.49617175058515883,3.8735944609052044,LPV,LMC571.10.4252,LPV,False
-2.8142257782595252,-0.4363614245373969,BINARY,LMC570.28.1333,ECL,False
-0.9770535318695286,-2.009056202208029,PULS,LMC571.02.4995,RRLYR,False
23.897847810601693,2.971840329054668,LPV,LMC570.20.5201,LPV,False
-4.132297368241927,-3.31817410625698,PULS,LMC570.20.8087,DSCT,False
-4.271352021794821,-3.3665897219827157,LPV,LMC571.10.31,LPV,False
-2.8062887752939374,-0.486179455004113,BINARY,LMC570.11.1401,ECL,False
-2.5824980900252217,-0.6246485273067804,BINARY,LMC570.03.7907,ECL,False
-3.5496470000399514,-2.405113861255021,LPV,LMC570.11.5228,LPV,False
-3.939573982762516,-1.286990313357252,LPV,LMC570.11.5213,LPV,False
-2.730449760313167,-0.5000284995776786,BINARY,LMC570.11.195,ELL,False
-2.62255513335215,-0.6256135385898326,BINARY,LMC570.03.8361,ECL,False
10.462964142395197,15.642164432835735,LPV,LMC570.11.5250,LPV,False
-4.606738402940159,-3.4166045327856756,PULS,LMC570.20.1508,DSCT,False
-2.670570892268708,-0.560965688773166,BINARY,LMC570.20.6489,ECL,False
13.166632031620523,-15.41893500019529,LPV,LMC571.02.4525,LPV,False
2.1851348917288833,-3.7769299169412855,LPV,LMC570.20.5170,LPV,False
-2.9299043747390328,-0.3204053780931339,BINARY,LMC570.03.7798,ECL,False
-0.33185776445459014,2.8796560600676733,LPV,LMC571.26.3056,LPV,False
0.5630377067241588,3.786535087810633,LPV,LMC570.28.29,LPV,False
-1.8716920654839675,1.8047542924854632,LPV,LMC570.28.16,LPV,False
-4.218080624649332,-3.047630699900137,LPV,LMC571.09.4412,LPV,False
-1.6723666751580775,1.3939305620715807,LPV,LMC570.11.67,LPV,False
-2.9408098962871083,-0.34406291447462667,BINARY,LMC570.28.6158,ECL,False
-2.408745307508977,-0.7870037233861804,PULS,LMC571.18.5060,DSCT,False
-2.6945401495285624,-0.5347472771321095,BINARY,LMC570.28.1506,ECL,False
-3.864557223876553,-1.352424426521138,LPV,LMC570.11.5219,LPV,False
3.7191579246257023,6.6807269042084325,LPV,LMC570.20.1,LPV,False
-2.716830505345921,-0.5308114479785444,BINARY,LMC571.09.7204,ECL,False
-1.1517482593305945,-1.8519387130860039,PULS,LMC571.18.507,RRLYR,False
-2.720974370995156,-0.5524482903849918,BINARY,LMC571.18.756,ECL,False
4.712633072551089,0.36832664756125144,LPV,LMC570.03.58,LPV,False
-3.9049254347382547,-0.7447794198725762,LPV,LMC570.03.5841,LPV,False
2.4348764600658717,6.510187343430241,LPV,LMC571.18.3308,LPV,False
-2.7008991384844774,-0.5053265323881745,BINARY,LMC571.01.4820,ECL,False
-3.2290874479830673,-0.2521778092709602,BINARY,LMC570.03.7268,ECL,False
-4.348279075379464,-1.4885136571721673,LPV,LMC570.28.8,LPV,False
48.11765068695733,-45.37532342394275,LPV,LMC571.26.3049,LPV,False
-4.501050844492458,-1.8941514447369947,LPV,LMC570.03.31,LPV,False
39.32692393014069,-25.203162175891038,LPV,LMC570.20.10,LPV,False
-3.056786208554839,-0.2587959116948036,BINARY,LMC570.11.2106,ECL,False
-2.9305532550162936,-0.37231701145100093,BINARY,LMC570.11.8525,ECL,False
-0.9462327715691983,2.8691165120621456,LPV,LMC570.20.5168,LPV,False
-2.928988139780249,-0.3568855542747509,BINARY,LMC571.18.4049,ECL,False
-2.2910486724893158,-0.889292141904599,PULS,LMC570.11.5758,RRLYR,False
3.0252107344696357,6.731678456746327,LPV,LMC570.03.5863,LPV,False
-2.678330916015785,-0.5442881455624224,BINARY,LMC571.26.1402,ECL,False
-4.033562519764704,-2.6160447808072895,PULS,LMC570.11.496,RRLYR,False
-2.8651537382128467,-0.4340720976218521,BINARY,LMC571.18.1401,ECL,False
-2.584107084951959,-0.6252079177535201,PULS,LMC571.01.551,RRLYR,False
2.3193968051664875,6.147193656808342,LPV,LMC570.28.39,LPV,False
-2.741529989329353,-0.5192637069866388,BINARY,LMC570.11.250,ECL,False
-2.3214901487802098,-0.8395001371818787,PULS,LMC570.03.6734,RRLYR,False
-2.9222183442815126,-0.35550035635747745,BINARY,LMC570.28.6349,ECL,False
-2.8773263630338497,-0.41428741242251443,BINARY,LMC570.20.7123,ECL,False
-3.0068487945948092,-0.3206174264965293,BINARY,LMC571.18.1836,ECL,False
-2.2993439804902804,-0.8723647608087821,PULS,LMC571.18.439,RRLYR,False
-1.7282979479476601,1.9854267588886245,LPV,LMC571.09.12,LPV,False
8.415653819649329,12.957871813525214,LPV,LMC570.28.5205,LPV,False
-3.033492368232217,-0.3018023793359956,BINARY,LMC570.03.6519,ECL,False
0.7096152745981334,4.0954103325228814,LPV,LMC571.09.4413,LPV,False
26.297375552950026,-4.301719295315614,LPV,LMC571.26.14,LPV,False
-2.806264666566633,-0.5245874311119172,BINARY,LMC570.28.6019,ECL,False
-1.8375149501612773,-1.2501648252679838,PULS,LMC571.26.3517,RRLYR,False
3.63454710504353,7.848634189676565,LPV,LMC570.11.5211,LPV,False
-2.712671993914706,-0.49668003038192365,BINARY,LMC571.18.3546,ECL,False
-2.9002683250191366,-0.6036838785226913,BINARY,LMC571.26.29,ELL,False
-2.736181857604813,-0.5153052418308836,BINARY,LMC570.20.3203,ECL,False
-1.8868319834078857,1.51303200690202,LPV,LMC571.18.2,LPV,False
3.4133923424719343,7.34304229513614,LPV,LMC570.28.5196,LPV,False
-3.9630129143918555,-2.890356084082555,LPV,LMC571.26.3057,LPV,False
-0.021039879342959367,3.3584165431659994,LPV,LMC571.01.4309,LPV,False
-2.732777600303367,-0.5881283526658535,BINARY,LMC571.26.678,ECL,False
3.0100868554957785,6.857155300512177,LPV,LMC570.20.49,LPV,False
36.45408410531402,-37.128309950366415,LPV,LMC570.03.5865,LPV,False
-4.3140080772315414,-1.0442413027297128,LPV,LMC570.11.5203,LPV,False
-2.705488008384226,-0.5397861963707998,BINARY,LMC571.26.351,ECL,False
-4.820841375867884,-2.4715784725218786,LPV,LMC570.28.31,LPV,False
-2.2921382168085596,-0.8911712255886926,PULS,LMC570.28.605,RRLYR,False
13.357902016099281,17.470978717303645,LPV,LMC570.03.40,LPV,False
19.82531141557007,-23.474444093324635,LPV,LMC570.28.5176,LPV,False
-0.08261696810241315,3.322699937102204,LPV,LMC570.20.15,LPV,False
-4.1783304767826035,-3.1434063239099794,LPV,LMC570.11.28,LPV,False
-2.613362189985099,-0.5914205033984565,PULS,LMC570.11.529,RRLYR,False
-3.3883978442112666,-2.1721012337578536,LPV,LMC570.11.9,LPV,False
0.5164510680878349,4.072158233553896,LPV,LMC570.20.20,LPV,False
-2.633465886477957,-0.5499220821584002,PULS,LMC571.09.98,DCEP,False
-4.717827906398368,-2.068892908650065,LPV,LMC570.03.32,LPV,False
-4.047019182137498,-1.6386186423637064,LPV,LMC570.20.5205,LPV,False
-1.9643997102396347,-4.387095711545808,PULS,LMC571.01.539,RRLYR,False
-3.2363230939193146,-3.551565186731173,LPV,LMC570.03.12,LPV,False
15.094337493394129,20.81910112532989,LPV,LMC570.03.76,LPV,False
2.2720514989411607,6.068770277920103,LPV,LMC570.11.23,LPV,False
-1.0960429985596696,-1.894855792685992,PULS,LMC570.03.7011,RRLYR,False
-2.0876533982282504,0.8241775869562293,LPV,LMC571.01.4330,LPV,False
2.978328586456075,-5.002032646280521,LPV,LMC571.09.4428,LPV,False
-2.746717600054406,-0.5595954652491663,BINARY,LMC570.28.4090,ECL,False
-2.5903011513810856,-0.5854659497995351,BINARY,LMC570.11.5603,ECL,False
-2.3215647330053635,-0.8397209751461255,PULS,LMC570.11.5667,RRLYR,False
-2.7600882380597014,-0.5337305899403454,BINARY,LMC570.03.7836,ECL,False
-1.5567764181412522,2.0859433358139725,LPV,LMC570.03.13,LPV,False
-0.6591052274763607,-2.24187543217403,PULS,LMC570.28.533,RRLYR,False
-2.9066555596365093,-0.34645899468607316,BINARY,LMC571.18.4165,ECL,False
-1.2456469697035515,-1.7456895804123431,BINARY,LMC570.03.6517,ECL,False
-0.8124589019531412,2.5288790883817294,LPV,LMC570.28.5186,LPV,False
-2.644406231076599,-0.5439050008624216,PULS,LMC570.28.5947,RRLYR,False
-1.468168304409679,2.189732163043878,LPV,LMC570.20.22,LPV,False
-1.7298640647405739,1.2875182007258101,LPV,LMC570.11.22,LPV,False
-2.2912617454275512,-0.8860944392646766,PULS,LMC570.28.5818,RRLYR,False
-2.6968060953988897,-0.5101639247955073,BINARY,LMC571.18.3755,ECL,False
-3.673532460613397,-2.587142640752444,LPV,LMC570.28.5206,LPV,False
4.478512574637854,9.03196072708352,LPV,LMC570.03.34,LPV,False
-2.294927488019637,-0.8682324471024067,PULS,LMC571.26.3510,RRLYR,False
10.749231447622964,15.911289163343675,LPV,LMC570.28.46,LPV,False
5.123661950278051,9.407230181522246,LPV,LMC570.28.42,LPV,False
-2.6120082935841804,-0.5804921611939212,PULS,LMC570.11.530,RRLYR,False
16.540302275646994,1.1915821781027163,LPV,LMC570.20.30,LPV,False
-2.6833785579374863,-0.5398267449914234,BINARY,LMC570.11.155,ECL,False
-3.021212159682221,-0.2905157194711376,BINARY,LMC570.03.1104,ECL,False
2.181837494737639,4.229229724376914,LPV,LMC570.20.37,LPV,False
-2.6404709125615264,-0.5795782387609594,BINARY,LMC570.28.6060,ECL,False
0.7907086148638842,4.2412842986682655,LPV,LMC570.20.5188,LPV,False
-2.775002376712645,-0.5233250462143498,BINARY,LMC570.20.60,ELL,False
-3.7712816502110678,-1.3331753768665302,LPV,LMC571.18.3337,LPV,False
-2.6714267800486993,-0.5530204471201807,BINARY,LMC571.18.4295,ECL,False
-4.16057558377513,-3.14114547612224,LPV,LMC570.11.30,LPV,False
-0.19734497657958805,-2.6866996139506067,BINARY,LMC571.01.958,ECL,False
-4.154472136048387,-3.132189539671627,LPV,LMC571.09.7,LPV,False
-1.860765150741178,-1.2230024526291154,PULS,LMC571.26.3480,RRLYR,False
-2.3546993563042404,-0.8031138526273908,PULS,LMC571.01.1028,DSCT,False
-2.4735385729022776,-0.7066978685303378,PULS,LMC571.09.1108,DSCT,False
8.642603116902052,13.714366574019124,LPV,LMC570.03.5888,LPV,False
-2.599655601917972,-3.519387542832253,LPV,LMC571.09.4435,LPV,False
-2.327306723169421,-0.8407146819871536,PULS,LMC570.03.518,RRLYR,False
-2.7470825892913773,0.6281624441862077,LPV,LMC570.20.2,LPV,False
-2.3021451346916315,-0.8580480621353823,PULS,LMC571.09.377,RRLYR,False
-3.5123029843749243,-2.310589181930956,LPV,LMC571.09.4424,LPV,False
-4.255406772521628,-2.6944474401385374,LPV,LMC570.03.42,LPV,False
-1.1764581945346526,-1.8313916045010292,PULS,LMC571.01.680,RRLYR,False
-2.613782669518945,-0.58164964983955,PULS,LMC571.09.5015,RRLYR,False
-2.2962344583317464,-0.8873786902238654,PULS,LMC571.09.4911,RRLYR,False
5.445998673973398,9.622229659919764,LPV,LMC571.26.3052,LPV,False
-4.262183226046184,-3.0370732082161,LPV,LMC570.27.4903,LPV,False
-2.5103261219012856,0.341364304832541,LPV,LMC570.03.41,LPV,False
-1.7993507787834255,1.2372747501552805,LPV,LMC570.27.4936,LPV,False
0.2191433808270271,3.537207641117461,LPV,LMC571.26.22,LPV,False
3.9419296889298483,-11.010555407791145,LPV,LMC570.27.22,LPV,False
-4.178933501288237,-3.1898683144461843,PULS,LMC571.09.42,DCEP,False
-4.209339705254438,-3.2582943131408353,LPV,LMC571.09.4443,LPV,False
-2.9321833539515554,-0.3230888398579499,BINARY,LMC571.01.928,ECL,False
-4.33170582533365,-1.7725711671184472,LPV,LMC570.19.5243,LPV,False
16.054510304156988,20.37931423500056,LPV,LMC570.19.5249,LPV,False
-4.236094570436806,-3.277977989027944,LPV,LMC570.19.80,LPV,False
-2.904002393843487,-0.39439545212059124,BINARY,LMC570.27.6132,ECL,False
12.778885201232278,-15.746854133420992,LPV,LMC571.09.5,LPV,False
-2.2312805961964655,-0.9518553924481377,PULS,LMC570.27.6414,DSCT,False
-1.4127459796294122,-1.635651724714727,PULS,LMC571.18.554,RRLYR,False
-3.034108913899921,-0.22530125330998124,BINARY,LMC570.19.5939,ECL,False
-3.933555148552212,-2.785937449842317,LPV,LMC571.09.4427,LPV,False
0.6998370951055009,4.675619526197165,LPV,LMC570.02.2,LPV,False
5.639349950262001,10.086746620323838,LPV,LMC570.19.18,LPV,False
2.3146774484752894,-0.16934968102517728,LPV,LMC571.26.3046,LPV,False
5.04622520539517,7.700778224015416,LPV,LMC570.10.4948,LPV,False
-2.7181735930830953,-0.48837582378100397,BINARY,LMC570.19.5947,ECL,False
-4.631935813961283,-1.9520527746497274,LPV,LMC571.01.4314,LPV,False
4.369376179735781,8.315752069480363,LPV,LMC570.02.32,LPV,False
-5.336195518435147,-3.480835697111857,BINARY,LMC571.26.3054,ELL,False
26.34346070264628,-20.167252120508326,LPV,LMC571.01.65,LPV,False
-3.021345303734968,-0.2873491875477717,BINARY,LMC571.18.4226,ECL,False
-4.391222758636394,-3.081072734132209,PULS,LMC571.01.1081,DSCT,False
-2.2889040853449236,-0.8854580638277056,PULS,LMC570.27.5625,RRLYR,False
-3.844257289057881,-2.8113986650574887,LPV,LMC571.01.4364,LPV,False
21.113749748980403,27.54576700441846,LPV,LMC571.01.66,LPV,False
-2.3124455916083315,-0.8446374278419083,PULS,LMC570.02.5911,RRLYR,False
-2.3027312551224526,-0.8731288184216007,PULS,LMC570.19.3225,DSCT,False
-3.096819764718939,-0.2016511628682467,BINARY,LMC570.27.5381,ECL,False
-5.190166762216487,-2.7542600326614997,LPV,LMC571.09.51,LPV,False
-4.021346134434106,-2.9173293288005793,LPV,LMC571.09.17,LPV,False
-5.520091071232983,-3.577595635532127,BINARY,LMC571.01.35,ELL,True
-3.162194613125377,-0.12201519600652105,LPV,LMC571.18.7,LPV,False
-3.7017356149817027,-1.3338642350258443,LPV,LMC570.10.4959,LPV,False
-2.2962468763428765,-0.8721620836955379,PULS,LMC570.19.723,RRLYR,False
-2.9369711928043416,-0.3565321269419842,BINARY,LMC571.18.5605,ECL,False
-3.091558330143647,-1.909476081612519,LPV,LMC570.27.4901,LPV,False
-4.636519776710358,-2.0264116565174968,LPV,LMC570.02.5438,LPV,False
-2.7247970351404747,-0.49407274958813713,BINARY,LMC570.27.5217,ELL,False
6.312626411814269,-8.010601229561345,LPV,LMC570.02.5440,LPV,False
-2.999877085292213,0.6460940823844161,LPV,LMC571.18.3303,LPV,False
4.769736360060117,9.027377970560888,LPV,LMC570.02.21,LPV,False
-3.542683685156153,-2.3853622334278146,LPV,LMC570.19.5247,LPV,False
-3.061483312493565,-0.2965273278543673,BINARY,LMC571.09.435,ECL,False
-1.0956065805326016,1.9003643191979191,LPV,LMC571.26.15,LPV,False
-2.864439510692198,-0.5937484682324078,BINARY,LMC570.10.5008,ECL,False
5.782952833735355,10.144673838511508,LPV,LMC571.01.4325,LPV,False
3.4865063721811804,7.510376200241797,LPV,LMC570.19.33,LPV,False
-4.279573908249748,-1.763146020122838,LPV,LMC571.01.4321,LPV,False
-3.591240683706634,-2.4859271833017784,LPV,LMC571.01.13,LPV,False
7.10597420518948,-0.8059288695740269,LPV,LMC570.19.5254,LPV,False
-2.296377869545351,-0.871760755937109,PULS,LMC570.02.434,RRLYR,False
-4.910527402317282,-2.417964564969051,LPV,LMC570.27.17,LPV,False
-1.430279249385556,0.1327460852068132,LPV,LMC570.27.27,LPV,False
-2.542205575043996,-0.6544733954277864,PULS,LMC570.19.860,RRLYR,False
3.34963727178412,-6.774724282877644,LPV,LMC570.02.5428,LPV,False
7.586389129271359,12.1351770898531,LPV,LMC571.09.32,LPV,False
2.463117700080261,-4.407942379795074,LPV,LMC570.10.4939,LPV,False
-2.8684392982854505,-0.3986250157236013,BINARY,LMC570.02.6430,ECL,False
2.6557653179773038,6.834302597966471,LPV,LMC571.18.3,LPV,False
11.223478604609802,-5.505714423633601,LPV,LMC571.18.3314,LPV,False
-2.9850385081446107,0.13051130492067964,LPV,LMC571.09.4420,LPV,False
26.399076052939513,1.701542657284784,LPV,LMC570.02.5448,LPV,False
-4.091165767613598,-3.0483373944060173,LPV,LMC570.19.5239,LPV,False
-4.31356451322494,-3.3167077910941822,LPV,LMC571.09.65,LPV,False
-3.5033369760920894,-0.8560303364862474,LPV,LMC571.26.3075,LPV,False
-2.514794400431048,0.4018649498376111,LPV,LMC570.02.5447,LPV,False
1.1410369114458532,3.0810896512798003,LPV,LMC571.09.4436,LPV,False
-2.294431725947002,-0.8709847948545495,PULS,LMC570.02.7681,DSCT,False
-2.323132104053129,-0.8318474976004903,PULS,LMC570.27.5456,RRLYR,False
-2.014062191938469,-0.1255450482336128,LPV,LMC571.01.4,LPV,False
-2.431503147832873,-0.7874647041891836,BINARY,LMC570.10.8271,ECL,False
21.802178034744763,-24.063745863171118,LPV,LMC570.19.37,LPV,False
-2.9047558433704967,-0.36689725412114227,BINARY,LMC571.09.1193,ECL,False
-6.111386346802208,-3.32758416471417,BINARY,LMC570.02.5446,ELL,False
-2.271716589584967,0.825269063274539,LPV,LMC570.19.13,LPV,False
20.31690252753398,3.0578569327170753,LPV,LMC570.02.33,LPV,False
-2.483715620408273,0.3734796476512827,LPV,LMC570.02.5452,LPV,False
-2.296618311596691,-0.8610682413251589,PULS,LMC570.02.666,RRLYR,False
-2.306945931033087,-0.8807432389569425,PULS,LMC571.01.4669,RRLYR,False
-1.231163453882003,-1.788277921909122,PULS,LMC570.02.6191,RRLYR,False
7.129003032350716,11.56489836568217,LPV,LMC571.01.23,LPV,False
9.95217355287435,-13.370072157865039,LPV,LMC571.26.2,LPV,False
9.32303367494756,14.010019288480004,LPV,LMC570.27.4897,LPV,False
4.826324370382535,-2.2668385632996744,LPV,LMC570.19.20,LPV,False
-2.7226206563194864,-0.5206595985157816,BINARY,LMC571.09.4671,ECL,False
-1.9713239957619089,1.4408732631463814,LPV,LMC571.26.3043,LPV,False
-2.687631604639097,-0.5174905046388709,BINARY,LMC571.09.4618,ECL,False
-3.8906392437676125,-0.6715573972032091,LPV,LMC570.02.1601,LPV,False
3.046532321252757,6.702706372840412,LPV,LMC570.10.4976,LPV,False
-3.061019406883392,-0.2847651891033902,BINARY,LMC570.02.6717,ECL,False
-1.2471038006630915,-1.7706806456396966,PULS,LMC570.27.5350,RRLYR,False
-1.9380598202920676,-1.165919593961397,PULS,LMC570.27.5565,RRLYR,False
4.810091057341332,9.151021764772715,LPV,LMC570.02.5456,LPV,False
-5.070004069738863,-3.192258400620376,BINARY,LMC570.19.38,ELL,False
-2.6850076841635375,-0.5640162164791894,BINARY,LMC571.09.5429,ECL,False
-4.821494736335667,-2.3458375245399594,LPV,LMC570.19.5279,LPV,False
12.254559461391452,17.612907962151848,LPV,LMC571.18.17,LPV,False
8.366517544486456,13.315729161466505,LPV,LMC570.19.5248,LPV,False
-2.600863242418563,-0.6148858626983087,PULS,LMC570.02.839,RRLYR,False
-3.0389832455020294,0.09515332044973057,LPV,LMC571.09.2,LPV,False
-1.4836294215008705,2.2582151258609198,LPV,LMC571.18.10,LPV,False
-1.291354982667836,1.7188578582742176,LPV,LMC570.19.5261,LPV,False
-1.36298738856607,-1.683339400542089,PULS,LMC570.02.6164,RRLYR,False
-4.715444825855327,-2.3133603666500426,LPV,LMC571.01.26,LPV,False
-2.787032375796536,-0.5086559152318222,BINARY,LMC571.18.879,ECL,False
9.80309192928943,14.688492099505414,LPV,LMC570.10.27,LPV,False
-4.757887077639975,-2.040482702863285,LPV,LMC571.01.4348,LPV,False
7.367761300910366,-9.179155225304836,LPV,LMC571.01.2,LPV,False
-2.53750774708892,-0.6485030031008556,PULS,LMC570.02.859,RRLYR,False
-3.811073338501995,-1.152261600436701,LPV,LMC571.09.24,LPV,False
1.2405144295060597,4.630249554394287,LPV,LMC571.01.4319,LPV,False
-2.7119313109219827,-0.536205544212799,BINARY,LMC571.18.480,ECL,False
-2.3271282729799205,-0.8376746777815545,PULS,LMC571.01.4810,RRLYR,False
-2.7370205706509294,-0.517852505503231,BINARY,LMC570.10.1544,ECL,False
-4.061601480736029,-3.0472051894405476,LPV,LMC570.19.5232,LPV,False
-4.016344641331975,-3.3306191897041044,PULS,LMC571.18.360,DSCT,False
-1.2193512867814298,-1.7999730843668311,PULS,LMC571.18.461,RRLYR,False
-1.672120549783893,1.3055668207766855,LPV,LMC570.27.4904,LPV,False
-4.747075655623419,-2.380766695554521,LPV,LMC570.19.5240,LPV,False
-2.992853339805167,-0.2563203207509676,BINARY,LMC570.02.6051,ECL,False
10.019003672169472,14.92645209874056,LPV,LMC571.09.34,LPV,False
-3.018711444284703,-0.35382722079745094,BINARY,LMC570.19.6256,ECL,False
-3.890703728746603,-1.2793848429526937,LPV,LMC570.10.4964,LPV,False
3.87590618163249,1.7304597877598125,LPV,LMC571.09.27,LPV,False
-1.6353563551584451,-1.4842127791002677,BINARY,LMC570.27.7086,ECL,False
-2.6917733872720384,-0.5340181575936546,BINARY,LMC570.02.7529,ECL,False
0.63267269320718,3.9696408664847906,LPV,LMC570.02.70,LPV,False
1.2903884823981473,5.411790315717818,LPV,LMC570.02.13,LPV,False
-2.2884984472192,-0.8812442418337567,PULS,LMC570.27.1387,RRLYR,False
-3.822029233871989,-1.170079788634986,LPV,LMC571.09.28,LPV,False
2.21712008351225,6.253480608348603,LPV,LMC570.10.37,LPV,False
-5.019721582291618,-2.0587917396108537,LPV,LMC570.02.5455,LPV,False
8.124974466063644,12.631537785805168,LPV,LMC570.02.5461,LPV,False
-1.6711722154947914,-1.4799090500079535,BINARY,LMC571.09.3126,ECL,False
6.527981139183285,11.130450540658895,LPV,LMC570.19.5255,LPV,False
8.048789829494467,0.8262518419503653,LPV,LMC571.17.11625,LPV,False
-4.444098036853045,-1.3475389190674198,LPV,LMC570.02.5437,LPV,False
-2.3094522795240175,-0.8526683549928225,PULS,LMC570.10.1309,DSCT,False
1.7325694526104654,4.921041556849175,LPV,LMC570.27.24,LPV,False
-2.1074988907827,1.3730741999900096,LPV,LMC571.08.4442,LPV,False
-2.3060240136650534,-0.8589126422753567,PULS,LMC571.17.4833,RRLYR,False
-4.641111116383518,-1.99202191040873,LPV,LMC570.27.4905,LPV,False
-0.6700019270770876,2.4727056299532935,LPV,LMC570.19.35,LPV,False
-4.423184632450186,-1.6667658934513159,LPV,LMC571.08.4453,LPV,False
-2.6606585401456897,-0.5483634438191564,BINARY,LMC571.17.12160,ECL,False
-4.207756432819829,-3.2585842792581934,LPV,LMC570.10.4967,LPV,False
-0.5451273280386681,2.6477010821246303,LPV,LMC570.10.4966,LPV,False
-2.3167434921349788,-0.8472664880766682,PULS,LMC571.17.12766,DSCT,False
-4.129639402230078,-1.2560026694450523,LPV,LMC570.10.4936,LPV,False
-2.328555193065721,-0.864800163384684,PULS,LMC570.19.711,RRLYR,False
-1.783222958660971,-0.37499326303742275,LPV,LMC570.10.31,LPV,False
-2.979523201603873,-0.6463326951433643,BINARY,LMC570.19.24,ELL,False
6.762458473886601,11.168979017077122,LPV,LMC570.10.20,LPV,False
-2.6234869306121613,-0.5727441292918015,PULS,LMC571.08.578,RRLYR,False
-2.6987107676607427,-0.5630246901902817,BINARY,LMC571.08.6883,ECL,False
-5.6090305985351705,-3.0134865993804025,LPV,LMC571.17.11636,LPV,False
-3.8429929320068026,-0.8223500382599388,LPV,LMC570.02.5439,LPV,False
-2.664559681817912,-0.5565373558160905,BINARY,LMC571.17.12486,ECL,False
-2.294278749034713,-0.8721940014463566,PULS,LMC570.19.761,RRLYR,False
-3.4758951230275033,-2.036396666234683,LPV,LMC570.27.4883,LPV,False
2.8376878059700283,6.351985796678166,LPV,LMC570.27.52,LPV,False
-1.6012844337749823,1.4203525537899462,LPV,LMC570.02.5460,LPV,False
-2.26988244509974,-0.9028632183998582,PULS,LMC571.08.1820,DSCT,False
3.626013051227085,7.891337792697387,LPV,LMC570.10.26,LPV,False
-2.253549532558016,-0.904908782538447,PULS,LMC570.27.1211,DSCT,False
3.568529908962855,-5.559973760751126,LPV,LMC570.10.23,LPV,False
40.260967803587995,-32.48005435333836,LPV,LMC570.19.5246,LPV,False
0.6149895324037553,4.396149950548215,LPV,LMC571.08.4454,LPV,False
-2.758563378981142,-0.4458419276793532,LPV,LMC570.10.4938,LPV,False
4.822723432338244,9.098028667388235,LPV,LMC570.10.4940,LPV,False
-2.742538589915234,-0.5423703646323534,BINARY,LMC570.10.7051,ECL,False
2.4112769679548487,6.2181903695409995,LPV,LMC570.10.21,LPV,False
-4.21242937019782,-1.4721563978813919,BINARY,LMC570.27.5003,ECL,True
-4.317537743290432,-3.354740660455634,LPV,LMC570.27.4888,LPV,False
1.8023756015849095,-2.9606503160749424,LPV,LMC570.19.5233,LPV,False
-3.0268352396560236,-0.2927130524949655,BINARY,LMC571.08.5556,ECL,False
-2.932067013085379,-0.3790619072885928,BINARY,LMC571.08.1329,ECL,False
-4.849713728880156,-2.32569380587151,LPV,LMC570.27.12,LPV,False
-2.771400173482682,-0.5495228844035938,BINARY,LMC570.02.8389,ECL,False
-2.710861183776975,-0.5584947802345273,BINARY,LMC570.10.2578,ECL,False
-4.230787593194297,-1.3979386645672494,LPV,LMC571.08.14,LPV,False
9.516076073164061,14.24287849906114,LPV,LMC570.02.25,LPV,False
-5.144865144313801,-2.7639956326257353,LPV,LMC570.10.24,LPV,False
-2.293825034283205,-0.8883572200363364,PULS,LMC570.27.635,RRLYR,False
4.264561593037388,8.012731026037192,LPV,LMC570.27.4900,LPV,False
12.7284162982878,-13.73521312382648,PULS,LMC570.27.5376,RRLYR,False
-4.858745156025909,-2.4403584389744095,LPV,LMC570.10.39,LPV,False
-2.6165943004451204,-0.6018036347318454,PULS,LMC570.10.5,RRLYR,False
14.122009980457442,19.827467912036557,LPV,LMC571.08.4473,LPV,False
-3.784076992754555,-0.5293921652888528,LPV,LMC571.17.30,LPV,False
1.2066750446290908,-4.7234502676339085,LPV,LMC570.10.7,LPV,False
28.29215262096898,-21.90094403286408,LPV,LMC571.17.11647,LPV,False
26.300132327885375,-23.694453243473056,LPV,LMC571.08.20,LPV,False
-2.9338327831468676,-0.34158091277763786,BINARY,LMC571.08.2554,ECL,False
-4.122146056607525,-3.101148179044478,LPV,LMC570.27.4894,LPV,False
5.081608481441335,7.896724944425818,LPV,LMC570.19.5250,LPV,False
-2.3061259030395336,-0.8613192036441388,PULS,LMC570.19.822,RRLYR,False
14.100248460746467,19.79675070890547,LPV,LMC570.27.23,LPV,False
-1.9900694217970771,1.445039655839449,LPV,LMC570.19.5228,LPV,False
-3.26274205958262,-0.4572920694085715,LPV,LMC570.10.4943,LPV,False
-2.7889301912371005,-0.4945693616272147,BINARY,LMC571.08.5242,ECL,False
-2.325936944189848,-0.8340408970410784,PULS,LMC570.10.5441,RRLYR,False
-3.7784146584952873,-2.7027142072458945,LPV,LMC570.10.4952,LPV,False
-2.628707358872967,-0.6092587092849917,PULS,LMC570.02.726,RRLYR,False
-4.013988433041394,-0.8651860536940208,LPV,LMC570.10.16,LPV,False
-2.8972288973214644,-0.39333248076897764,BINARY,LMC570.27.679,ECL,False
-2.689545424967493,-0.5690433720083439,BINARY,LMC570.02.7515,ECL,False
-2.7376098170389045,-0.529226057760854,BINARY,LMC571.17.5092,ECL,False
14.642861535821556,-2.6107317476823013,LPV,LMC570.02.5,LPV,False
-4.569205693494212,-2.0915625415629355,LPV,LMC570.27.3,LPV,False
-4.620026383995059,-2.1297577982559472,LPV,LMC570.27.10,LPV,False
-2.368343894105649,-0.8887482528440604,BINARY,LMC570.02.3582,ECL,False
4.833085433369586,7.622267714514239,LPV,LMC571.08.60,LPV,False
-3.4824643121723033,-1.8878856192514464,LPV,LMC571.08.4452,LPV,False
-5.12402137653938,-2.7405229152929973,LPV,LMC570.02.18,LPV,False
-4.330657203679977,-1.7889505440161153,LPV,LMC571.08.4474,LPV,False
-4.9943879878283255,-2.6040898325747905,LPV,LMC570.10.29,LPV,False
-2.708139516615996,-0.46644619551109767,PULS,LMC570.10.5060,RRLYR,True
-4.4537933790559,-1.625110201751394,LPV,LMC570.19.7,LPV,False
4.758022700446726,8.809063721582033,LPV,LMC570.02.17,LPV,False
3.180527561333207,7.493986692404986,LPV,LMC571.17.11650,LPV,False
-4.628133003454733,-2.3731815208712925,LPV,LMC571.17.11642,LPV,False
-4.3209539156314385,-1.3572314541229824,LPV,LMC570.02.5431,LPV,False
-2.7234053410063797,-0.5033675815386981,BINARY,LMC570.26.1505,ECL,False
-2.6147550418233485,-0.6100123889657356,PULS,LMC570.18.5701,RRLYR,False
-0.375865080896427,-1.1821083862551558,LPV,LMC570.10.8,LPV,False
1.2717399121522508,5.068658699956045,LPV,LMC570.26.22,LPV,False
-2.303007176043446,-0.8813013449039877,PULS,LMC570.26.764,RRLYR,False
-2.624493103607704,-0.5659514196968565,PULS,LMC570.02.688,RRLYR,False
10.775230436135462,-14.278189879206105,LPV,LMC570.26.2,LPV,False
-3.5640734689055753,-2.1645031135046082,LPV,LMC570.26.4478,LPV,False
-2.311932967840943,-0.856854195706946,PULS,LMC571.17.4956,RRLYR,False
1.3319932890402155,5.365397256849167,LPV,LMC570.18.5116,LPV,False
4.951323405594213,9.068554367255292,LPV,LMC570.01.5412,LPV,False
1.8751573092342433,-5.9842607712625755,LPV,LMC570.01.5400,LPV,False
0.5561394969528979,2.561745098984532,LPV,LMC570.01.5416,LPV,False
-0.25616783124293274,3.274981278197008,LPV,LMC570.26.4474,LPV,False
2.8513949423494864,5.135755828489556,LPV,LMC570.01.5413,LPV,False
-2.7240745903025463,-0.5162846917612688,BINARY,LMC570.01.1388,ECL,False
-3.704657693672723,-2.4902446687703645,LPV,LMC570.01.21,LPV,False
-2.27226556424518,-0.8857808511095489,PULS,LMC570.01.6308,DSCT,False
-3.503684971601769,-2.3639184526705836,LPV,LMC570.09.34,LPV,False
13.548633717070416,19.168452667928513,LPV,LMC571.08.48,LPV,False
10.169299633755351,15.162606631077187,LPV,LMC570.18.13,LPV,False
-2.3804174016265924,0.33226192533176335,LPV,LMC570.18.5146,LPV,False
-2.708247458294513,-0.5355830186100168,BINARY,LMC570.18.7195,ECL,False
-2.3961360412471877,-0.7792536903467823,PULS,LMC570.26.5697,DSCT,False
-1.996475956312648,1.0520462478982777,LPV,LMC570.01.5395,LPV,False
-2.3154775475258433,-0.863517081425348,PULS,LMC571.17.4873,RRLYR,False
-2.8257841428354333,-0.44848711372882316,BINARY,LMC570.18.7895,ECL,False
-4.887467548865591,-3.8979060374773162,LPV,LMC570.26.4500,LPV,False
36.60593920001199,3.8724524061184287,LPV,LMC570.26.4495,LPV,False
-3.1239504918848096,-0.2337000511217623,BINARY,LMC570.18.6425,ECL,False
-3.347419829069239,-2.1190579467048263,LPV,LMC570.09.16,LPV,False
-2.719756964798199,-0.5166028089168951,BINARY,LMC571.17.12593,ECL,False
3.516615901458426,7.6074662320374955,LPV,LMC571.08.26,LPV,False
-2.824429687961981,-0.44758074632011646,BINARY,LMC570.18.7640,ECL,False
-2.594350861829992,0.47702809795593293,LPV,LMC570.09.7,LPV,False
25.3010550806642,-13.464408954732884,LPV,LMC570.01.5409,LPV,False
-2.30794055820484,-0.8613504902843163,PULS,LMC571.08.7043,DSCT,False
-4.522686612594454,-2.0325547254841165,LPV,LMC570.01.8,LPV,False
5.0756672049817535,-3.3712041142825298,LPV,LMC570.09.12,LPV,False
-4.05884985174413,-1.3833483644064926,LPV,LMC570.01.5399,LPV,False
-2.6069137703996184,-0.6193096186604768,PULS,LMC570.26.754,RRLYR,False
2.4532791762877677,-1.6270659499610491,LPV,LMC570.18.5142,LPV,False
-4.665613897786162,-2.2139338708439675,LPV,LMC570.18.5145,LPV,False
-3.7779117038111574,-0.5705296166819054,LPV,LMC570.26.315,LPV,False
-2.511745320065997,-0.6782570992760357,PULS,LMC571.08.429,RRLYR,False
0.46092806384191976,3.552927652322981,LPV,LMC570.09.31,LPV,False
3.2195793671601676,-5.205602295610099,LPV,LMC570.01.5,LPV,False
-0.10095449037821735,3.4197810547913488,LPV,LMC570.18.5119,LPV,False
-2.286659606847175,-0.8812341828515144,PULS,LMC571.17.12302,RRLYR,False
1.9621368344138759,4.125692820902907,LPV,LMC570.18.15,LPV,False
-3.181470769485673,-0.18058713106247437,LPV,LMC571.08.4441,LPV,False
1.085610403812749,3.2212868523125575,LPV,LMC570.26.14,LPV,False
-2.6454344794007074,-0.5451659320896468,BINARY,LMC570.26.4682,ECL,False
-5.022590502687602,-1.9556066028510062,LPV,LMC570.01.23,LPV,False
-2.706103676131807,-0.4816833711433015,BINARY,LMC570.18.438,ECL,False
-2.712794817472861,-0.5023665395637531,PULS,LMC571.08.4849,RRLYR,False
1.5860559988483214,5.190277963575217,LPV,LMC570.01.89,LPV,False
2.2877521156931238,4.814907362605101,LPV,LMC570.18.5137,LPV,False
-2.8554928977507257,-0.37677350899143713,PULS,LMC570.01.34,DCEP,False
-4.202682112247971,-3.2528016705414906,PULS,LMC570.09.1201,DSCT,False
-4.284277951553145,-1.7724899412938926,LPV,LMC570.01.24,LPV,False
-0.35098501982566654,1.4819356148202985,LPV,LMC570.01.5397,LPV,False
-2.2961792228826976,-0.8455226394218018,PULS,LMC570.26.514,RRLYR,False
-2.28781797144421,-0.874597821661611,PULS,LMC570.26.4915,RRLYR,False
9.696756060709305,-13.978193850844946,LPV,LMC570.01.2,LPV,False
4.521776983804442,-6.769807998846672,BINARY,LMC571.17.10549,ECL,False
-2.341988239569417,-0.8482958073026631,PULS,LMC570.09.3282,DSCT,False
-2.414912788247271,-0.8908482511572363,PULS,LMC570.01.60,T2CEP,True
-4.320657566580222,-1.8293030185834793,LPV,LMC570.18.5133,LPV,False
-2.3278184609162493,-0.8379061940107613,PULS,LMC570.26.545,RRLYR,False
-2.394215151343598,-0.8506087015642625,LPV,LMC570.09.13,LPV,False
-2.3237399203286566,-0.8357491166026036,PULS,LMC570.09.5283,RRLYR,False
27.920854652209158,1.568367656292007,LPV,LMC570.09.4797,LPV,False
-2.9489294314481063,-0.3508657608176874,BINARY,LMC570.01.7098,ECL,False
-2.65803847476038,-0.5553208813904684,BINARY,LMC570.09.1610,ECL,False
0.5538717043484924,3.856925235411781,LPV,LMC571.08.34,LPV,False
-2.7375842293647397,-0.5269734471755096,BINARY,LMC570.09.1383,ECL,False
-2.227709579784955,-0.9700586828900173,PULS,LMC570.09.7407,DSCT,False
-2.713180928529208,-0.5022810788995488,BINARY,LMC570.18.198,ECL,False
3.4141558157115837,0.6028574776693887,LPV,LMC571.08.16,LPV,False
-0.7658124231033883,2.3017301277483604,LPV,LMC570.26.4485,LPV,False
-3.2359539589531527,-0.3199162244730661,LPV,LMC571.08.10,LPV,False
-4.871499091431742,-2.4437197115027107,LPV,LMC570.01.5410,LPV,False
-2.657444135493862,-0.5875113209724678,BINARY,LMC571.08.1640,ECL,False
-2.3325751115377606,-0.8618839225446195,PULS,LMC570.01.2339,DSCT,False
-1.3011159305177575,2.0295650339032214,LPV,LMC570.09.28,LPV,False
-4.075631060145194,-3.027141981598258,LPV,LMC570.01.15,LPV,False
5.166867916205834,9.70995633963741,LPV,LMC570.18.5130,LPV,False
15.911549207513282,-7.756872017998423,LPV,LMC570.01.25,LPV,False
-3.376665123622155,-2.0940714749397538,LPV,LMC570.01.11,LPV,False
-2.6965450539883573,-0.5533362938809844,BINARY,LMC570.01.3225,ECL,False
-2.6690672396878616,-0.5349139977872176,BINARY,LMC570.09.897,ECL,False
-3.877560021482741,-2.805936335531568,LPV,LMC570.01.5419,LPV,False
2.7699666234147537,6.627502941429059,LPV,LMC570.01.5421,LPV,False
-4.210073833207422,-1.4362022124650453,LPV,LMC570.01.5392,LPV,False
-2.6858069182755417,-0.559272675998397,BINARY,LMC570.01.6602,ECL,False
-3.7098606071285767,-2.607427788084128,LPV,LMC570.26.30,LPV,False
-2.7196243291222904,-0.5254257771035887,BINARY,LMC570.18.573,ECL,False
-2.3297303800928506,-0.862990992567952,PULS,LMC570.26.6352,DSCT,False
-1.0770150076157265,-1.9637355969355714,BINARY,LMC570.09.1599,ECL,False
-4.3640429744150255,-1.8948600241393052,LPV,LMC570.26.4496,LPV,False
0.5480116701534516,3.852790348689367,LPV,LMC570.18.5128,LPV,False
-2.675315995036863,-0.6063337535155052,BINARY,LMC570.01.925,ECL,False
-2.964301120622595,-0.3416613120185177,BINARY,LMC570.01.7564,ECL,False
-2.722027003677909,-0.45131917020145945,BINARY,LMC570.01.150,ECL,False
-0.903815108801499,2.223142201798792,LPV,LMC570.01.5401,LPV,False
4.897782904834281,-0.1142856911745116,LPV,LMC570.09.4796,LPV,False
11.568540380336607,-16.444852304180447,LPV,LMC570.01.5406,LPV,False
-2.440176885417796,0.5028856250787601,LPV,LMC570.01.5404,LPV,False
-2.290348413076127,-0.8802691264808801,PULS,LMC570.01.6069,RRLYR,False
10.263644715468931,13.800070092497755,LPV,LMC570.09.60,LPV,False
-1.2240618630229083,-1.8119991695790858,PULS,LMC570.01.656,RRLYR,False
3.11299058057613,7.173192263593797,LPV,LMC570.01.17,LPV,False
-1.7917131774654518,1.5714521311703742,LPV,LMC570.09.6,LPV,False
4.805232622491431,8.804570808656528,LPV,LMC570.09.47,LPV,False
-0.8960845398942243,2.431682904563292,LPV,LMC570.09.41,LPV,False
0.8959792162771913,4.606134842921536,LPV,LMC570.26.4501,LPV,False
18.294984262059206,1.6316712048277748,LPV,LMC570.01.5394,LPV,False
-3.0981194102180933,-0.18918036845807074,BINARY,LMC570.26.215,ELL,False
4.624055938527088,8.776642720006889,LPV,LMC570.09.29,LPV,False
5.541798014679524,10.094449337558224,LPV,LMC570.26.4488,LPV,False
7.909857644421364,12.477142675450951,LPV,LMC570.18.5138,LPV,False
-2.482468862428557,-0.6727535470434091,BINARY,LMC570.18.25,ECL,False
17.007006841361527,1.4027682584183425,LPV,LMC570.18.5144,LPV,False
-2.646822921876541,-0.5642394019866339,BINARY,LMC570.09.1493,ECL,False
-4.261758267402651,-1.6583752859304672,LPV,LMC570.09.37,LPV,False
10.161765781273939,14.940713647182218,LPV,LMC570.26.21,LPV,False
0.8185727670638552,3.0095652299488638,LPV,LMC570.09.32,LPV,False
-2.322660596561327,-0.8494147125361773,PULS,LMC570.01.486,RRLYR,False
-1.7416581904321076,-1.3403264830874946,BINARY,LMC570.18.6003,ECL,False
-0.5937682793119636,2.669748079182021,LPV,LMC570.09.40,LPV,False
-3.030412841845701,-0.37205943246381235,BINARY,LMC570.26.1922,ECL,False
-2.7889760391272715,-0.43168089485816785,BINARY,LMC570.09.1440,ECL,False
-4.32134331108143,-2.7023276119065693,LPV,LMC570.09.21,LPV,False
-4.855023399072962,-2.444933156418924,LPV,LMC570.09.4809,LPV,False
-2.298081827131962,-0.8497396256634826,PULS,LMC570.18.5787,RRLYR,False
-4.0971816339297025,-1.4039029459415926,LPV,LMC570.18.5121,LPV,False
-1.6315731811832832,-1.4251506732339867,BINARY,LMC570.09.5856,ECL,False
2.486736109881538,6.645830346440855,LPV,LMC570.09.4787,LPV,False
-1.9633597005370123,1.0470372513283137,LPV,LMC570.26.4479,LPV,False
6.26307067784112,-10.070419882212535,LPV,LMC570.09.18,LPV,False
-2.619013891061739,-0.5843746655342394,PULS,LMC570.26.375,RRLYR,False
-3.3895750349744733,-2.1865239214843335,LPV,LMC570.18.2,LPV,False
-2.7253090974714294,-0.49775732612633644,BINARY,LMC570.26.160,ECL,False
-3.108408843803106,-0.21357119747700998,BINARY,LMC570.01.1204,ECL,False
-1.1038690785353995,2.6972270808165417,LPV,LMC570.01.49,LPV,False
-5.077440651149734,-2.7040228707482044,LPV,LMC570.01.5424,LPV,False
-2.9841248530107256,-0.26494745241701323,BINARY,LMC570.09.5464,ECL,False
-1.954834833569513,-1.162587874081256,BINARY,LMC570.09.1011,ECL,False
-0.10705282267397154,-4.502694212970972,LPV,LMC570.09.4790,LPV,False
2.3368598088214956,-4.84755756803043,BINARY,LMC570.01.1268,ECL,False
-2.2881716682668127,-0.8578374068789836,PULS,LMC570.18.98,DCEP,False
-2.7220603662517426,-0.5068611756959819,BINARY,LMC570.09.1606,ECL,False
-2.7055982218634687,-0.5301262067743435,BINARY,LMC570.01.7886,ECL,False
6.4570584500890496,11.076127033752185,LPV,LMC570.01.83,LPV,False
5.879390517899265,10.138455290535113,LPV,LMC570.01.26,LPV,False
6.354434775377533,10.672708991192119,LPV,LMC570.17.3981,LPV,False
0.28810288500902725,3.573062249694325,LPV,LMC570.17.3985,LPV,False
0.2605498240247366,4.184465765965323,LPV,LMC570.17.3930,LPV,False
-2.029659985757037,0.9990835319448554,LPV,LMC570.17.44,LPV,False
3.5745615472024914,-0.6396630856029734,LPV,LMC570.17.41,LPV,False
-3.2247091212269714,-0.23170706330162177,BINARY,LMC570.17.80,ELL,False
-2.262569348558431,-0.9591417111416409,BINARY,LMC570.17.1135,ECL,False
-3.1016923525760824,-0.21230251443954073,BINARY,LMC570.08.5643,ECL,False
-4.248317126463486,-3.2643951675160086,LPV,LMC570.17.49,LPV,False
-3.186499184588653,-0.5302463784805187,LPV,LMC570.17.99,LPV,False
-2.49087368912798,-0.693887978292283,PULS,LMC570.08.952,RRLYR,False
-1.5924163243955216,-1.4939673150925836,PULS,LMC570.17.1272,RRLYR,False
-3.2346583376713056,-0.14437518748964628,LPV,LMC570.17.3941,LPV,False
0.5684069818377533,-3.28058362651688,BINARY,LMC570.08.258,ECL,False
-2.629498469094953,-0.5518394849985107,BINARY,LMC570.17.1219,ECL,False
-2.7467223748212755,-0.5598618954794756,BINARY,LMC570.17.2319,ECL,False
7.665612646608399,12.295684632909097,LPV,LMC570.17.40,LPV,False
-2.6975543917717433,-0.5379793446051584,BINARY,LMC570.17.7001,ECL,False
0.5814646229569793,2.506715462196185,LPV,LMC570.08.25,LPV,False
-3.1422219577854493,-0.19638414872235754,BINARY,LMC570.17.4071,ECL,False
6.343066667013518,10.910532610712242,LPV,LMC570.17.4014,LPV,False
9.294386413401874,0.5562296970818577,LPV,LMC570.17.3975,LPV,False
-4.145921419944113,-3.1570838972993363,LPV,LMC570.08.22,LPV,False
-2.845508052234412,0.036414451523243185,LPV,LMC570.08.5104,LPV,False
-4.843458679375031,-3.7741373370797016,LPV,LMC570.17.3979,LPV,False
-3.6503740762712704,-1.0805898402937908,LPV,LMC570.08.5106,LPV,False
-3.7375884274721884,-2.53407657352129,LPV,LMC570.08.1,LPV,False
-2.3114881954854356,-0.8674772720709787,PULS,LMC570.17.2637,DSCT,False
17.664370986201178,-6.384897796661806,LPV,LMC570.08.26,LPV,False
-4.850902373356209,-2.4210760097783304,LPV,LMC570.08.5111,LPV,False
-3.5993434429617106,-2.1973358261569693,LPV,LMC570.17.3935,LPV,False
-4.656603107461562,-2.2272665945132535,LPV,LMC570.08.5107,LPV,False
-2.6626603894218883,-0.5430059558630489,BINARY,LMC570.17.1332,ECL,False
-4.666489967002602,-2.2483233434287704,LPV,LMC570.08.5109,LPV,False
6.697238459726942,9.906487117381516,LPV,LMC570.17.4030,LPV,False
48.234143392270745,-20.646433345400386,LPV,LMC570.17.97,LPV,False
17.892321483200995,24.014609900887816,LPV,LMC570.17.47,LPV,False
-2.669051978044236,-0.5832328153452675,BINARY,LMC570.17.264,ECL,False
-2.5061206941796046,-0.6741799313169069,PULS,LMC570.08.6057,RRLYR,False
-2.72496970379207,-0.5078811833730776,PULS,LMC570.08.461,RRLYR,False
12.427634855680033,17.815948721745848,LPV,LMC570.17.45,LPV,False
-3.014242828234206,-0.36536231381629614,BINARY,LMC570.08.5159,ECL,False
-3.1147529154357354,-0.03883478262104745,LPV,LMC570.08.9,LPV,False
-2.3527619152931267,-0.8288544233676652,LPV,LMC570.08.5096,LPV,False
-3.441176011191257,-2.2314112773068464,LPV,LMC570.17.3936,LPV,False
-0.7213849384765465,2.4796127489883135,LPV,LMC570.17.3976,LPV,False
-2.800921033625926,-0.5641380567018646,BINARY,LMC570.17.7286,ECL,False
8.743514734465027,12.040113596956846,LPV,LMC570.08.16,LPV,False
0.3585290389155724,2.228132091758563,LPV,LMC570.17.3972,LPV,False
3.4527225201414007,7.6885639695896195,LPV,LMC570.17.39,LPV,False
-2.915997784956969,-0.38224852971231393,BINARY,LMC570.08.3424,ECL,False
-3.6338212827419722,-2.5500554458037215,LPV,LMC570.08.12,LPV,False
-2.2971102091909685,-0.8412070383310116,PULS,LMC570.08.381,RRLYR,False
-4.726821380614455,-2.148899560542851,LPV,LMC570.08.6,LPV,False
-2.449727858033221,-0.747524436501509,BINARY,LMC570.08.6013,ECL,False
-2.2907674496378574,-0.868974173167116,PULS,LMC570.17.6121,DSCT,False
2.38179166877336,6.260876353390745,LPV,LMC570.08.19,LPV,False
